[20:34:10.655] [PARALLAX] [info] Parallax v0.1.0 starting...
[20:34:10.664] [PARALLAX] [trace] Core logger trace test
[20:34:10.665] [PARALLAX] [info] Core logger info test
[20:34:10.666] [PARALLAX] [warning] Core logger warn test
[20:34:10.667] [APP] [info] App logger info test
[20:34:10.669] [PARALLAX] [info] Parallax shutdown complete.
[20:40:59.106] [PARALLAX] [info] Parallax v0.1.0 starting...
[20:40:59.314] [PARALLAX] [critical] SDL_CreateWindow failed: Vulkan support is either not configured in SDL or not available in current SDL video driver (windows) or platform
[21:14:12.766] [PARALLAX] [info] Parallax v0.1.0 starting...
[21:14:12.989] [PARALLAX] [info] Window created: "Parallax" (1280x720) [Vulkan | resizable]
[21:14:12.989] [PARALLAX] [trace] SDL2 requires 2 Vulkan instance extension(s):
[21:14:12.990] [PARALLAX] [trace]   - VK_KHR_surface
[21:14:12.991] [PARALLAX] [trace]   - VK_KHR_win32_surface
[21:14:12.991] [PARALLAX] [info] Vulkan extensions required: 2
[22:24:25.844] [PARALLAX] [info] Window destroyed
[22:24:25.872] [PARALLAX] [info] Parallax shutdown complete.
[09:32:21.242] [PARALLAX] [info] Parallax v0.1.0 starting...
[09:32:21.386] [PARALLAX] [info] Window created: "Parallax" (1280x720) [Vulkan | resizable]
[09:32:21.386] [PARALLAX] [trace] SDL2 requires 2 Vulkan instance extension(s):
[09:32:21.387] [PARALLAX] [trace]   - VK_KHR_surface
[09:32:21.387] [PARALLAX] [trace]   - VK_KHR_win32_surface
[09:32:21.402] [PARALLAX] [info] Requesting 3 instance extension(s):
[09:32:21.402] [PARALLAX] [info]   - VK_KHR_surface
[09:32:21.404] [PARALLAX] [info]   - VK_KHR_win32_surface
[09:32:21.404] [PARALLAX] [info]   - VK_EXT_debug_utils
[09:32:21.406] [PARALLAX] [info] Validation layers enabled: VK_LAYER_KHRONOS_validation
[09:32:21.408] [PARALLAX] [trace] [Vulkan] windows_get_device_registry_files: GUID for 3 is not SoftwareComponent skipping
[09:32:21.409] [PARALLAX] [error] [Vulkan] loader_get_json: Failed to open JSON file C:\Program Files\NVIDIA Corporation\Nsight Systems 2019.5.2\Target-Windows\x86_64\VkLayers\VkLayer_nsight-sys_windows.json
[09:32:21.413] [PARALLAX] [trace] [Vulkan] Searching for ICD drivers named .\nvoglv64.dll
[09:32:21.459] [PARALLAX] [trace] [Vulkan] Loading layer library C:\VulkanSDK\1.4.341.1\Bin\.\VkLayer_khronos_validation.dll
[09:32:21.468] [PARALLAX] [trace] [Vulkan] Loading layer library C:\ProgramData\obs-studio-hook\.\graphics-hook64.dll
[09:32:21.468] [PARALLAX] [trace] [Vulkan] Loading layer library C:\Windows\System32\DriverStore\FileRepository\nv_dispi.inf_amd64_adc55ecfca814224\.\nvoglv64.dll
[09:32:21.470] [PARALLAX] [trace] [Vulkan] Loading layer library C:\Windows\System32\DriverStore\FileRepository\nv_dispi.inf_amd64_adc55ecfca814224\.\nvoglv64.dll
[09:32:21.829] [PARALLAX] [info] Vulkan instance created (API 1.3)
[09:32:21.831] [PARALLAX] [info] Vulkan debug messenger created
[09:32:21.832] [PARALLAX] [info] Vulkan surface created
[09:32:21.836] [PARALLAX] [info] Found 1 Vulkan-capable GPU(s):
[09:32:21.837] [PARALLAX] [info]   - NVIDIA GeForce GTX 1660 (type: discrete)
[09:32:21.894] [PARALLAX] [info] Selected GPU: NVIDIA GeForce GTX 1660
[09:32:21.894] [PARALLAX] [info]   Driver version: 79.344.0
[09:32:21.896] [PARALLAX] [info]   Vulkan API: 1.4.325
[09:32:21.897] [PARALLAX] [info]   VRAM: 6180 MB
[09:32:21.898] [PARALLAX] [info]   Graphics queue family: 0
[09:32:21.899] [PARALLAX] [info]   Present queue family: 0
[09:32:22.250] [PARALLAX] [info] Vulkan logical device created
[09:32:28.701] [PARALLAX] [trace] Vulkan logical device destroyed
[09:32:28.702] [PARALLAX] [trace] Vulkan debug messenger destroyed
[09:32:28.703] [PARALLAX] [trace] Vulkan surface destroyed
[09:32:28.704] [PARALLAX] [trace] [Vulkan] Unloading layer library C:\Windows\System32\DriverStore\FileRepository\nv_dispi.inf_amd64_adc55ecfca814224\nvoglv64.dll
[09:32:28.704] [PARALLAX] [trace] [Vulkan] Unloading layer library C:\Windows\System32\DriverStore\FileRepository\nv_dispi.inf_amd64_adc55ecfca814224\nvoglv64.dll
[09:32:28.705] [PARALLAX] [trace] [Vulkan] Unloading layer library C:\ProgramData\obs-studio-hook\graphics-hook64.dll
[09:32:28.707] [PARALLAX] [trace] [Vulkan] Unloading layer library C:\VulkanSDK\1.4.341.1\Bin\VkLayer_khronos_validation.dll
[09:32:28.708] [PARALLAX] [trace] Vulkan instance destroyed
[09:32:28.718] [PARALLAX] [info] Window destroyed
[09:32:28.724] [PARALLAX] [info] Parallax shutdown complete.
[09:35:54.534] [PARALLAX] [info] Parallax v0.1.0 starting...
[09:35:54.666] [PARALLAX] [info] Window created: "Parallax" (1280x720) [Vulkan | resizable]
[09:35:54.666] [PARALLAX] [trace] SDL2 requires 2 Vulkan instance extension(s):
[09:35:54.666] [PARALLAX] [trace]   - VK_KHR_surface
[09:35:54.667] [PARALLAX] [trace]   - VK_KHR_win32_surface
[09:35:54.679] [PARALLAX] [info] Requesting 3 instance extension(s):
[09:35:54.680] [PARALLAX] [info]   - VK_KHR_surface
[09:35:54.681] [PARALLAX] [info]   - VK_KHR_win32_surface
[09:35:54.682] [PARALLAX] [info]   - VK_EXT_debug_utils
[09:35:54.683] [PARALLAX] [info] Validation layers enabled: VK_LAYER_KHRONOS_validation
[09:35:54.686] [PARALLAX] [trace] [Vulkan] windows_get_device_registry_files: GUID for 3 is not SoftwareComponent skipping
[09:35:54.691] [PARALLAX] [trace] [Vulkan] Searching for ICD drivers named .\nvoglv64.dll
[09:35:54.694] [PARALLAX] [trace] [Vulkan] Loading layer library C:\VulkanSDK\1.4.341.1\Bin\.\VkLayer_khronos_validation.dll
[09:35:54.695] [PARALLAX] [trace] [Vulkan] Loading layer library C:\ProgramData\obs-studio-hook\.\graphics-hook64.dll
[09:35:54.696] [PARALLAX] [trace] [Vulkan] Loading layer library C:\Windows\System32\DriverStore\FileRepository\nv_dispi.inf_amd64_adc55ecfca814224\.\nvoglv64.dll
[09:35:54.697] [PARALLAX] [trace] [Vulkan] Loading layer library C:\Windows\System32\DriverStore\FileRepository\nv_dispi.inf_amd64_adc55ecfca814224\.\nvoglv64.dll
[09:35:54.780] [PARALLAX] [info] Vulkan instance created (API 1.3)
[09:35:54.781] [PARALLAX] [info] Vulkan debug messenger created
[09:35:54.782] [PARALLAX] [info] Vulkan surface created
[09:35:54.784] [PARALLAX] [info] Found 1 Vulkan-capable GPU(s):
[09:35:54.785] [PARALLAX] [info]   - NVIDIA GeForce GTX 1660 (type: discrete)
[09:35:54.793] [PARALLAX] [info] Selected GPU: NVIDIA GeForce GTX 1660
[09:35:54.793] [PARALLAX] [info]   Driver version: 79.344.0
[09:35:54.794] [PARALLAX] [info]   Vulkan API: 1.4.325
[09:35:54.795] [PARALLAX] [info]   VRAM: 6180 MB
[09:35:54.796] [PARALLAX] [info]   Graphics queue family: 0
[09:35:54.796] [PARALLAX] [info]   Present queue family: 0
[09:35:54.871] [PARALLAX] [info] Vulkan logical device created
[09:36:07.680] [PARALLAX] [trace] Vulkan logical device destroyed
[09:36:07.681] [PARALLAX] [trace] Vulkan debug messenger destroyed
[09:36:07.681] [PARALLAX] [trace] Vulkan surface destroyed
[09:36:07.681] [PARALLAX] [trace] [Vulkan] Unloading layer library C:\Windows\System32\DriverStore\FileRepository\nv_dispi.inf_amd64_adc55ecfca814224\nvoglv64.dll
[09:36:07.681] [PARALLAX] [trace] [Vulkan] Unloading layer library C:\Windows\System32\DriverStore\FileRepository\nv_dispi.inf_amd64_adc55ecfca814224\nvoglv64.dll
[09:36:07.682] [PARALLAX] [trace] [Vulkan] Unloading layer library C:\ProgramData\obs-studio-hook\graphics-hook64.dll
[09:36:07.683] [PARALLAX] [trace] [Vulkan] Unloading layer library C:\VulkanSDK\1.4.341.1\Bin\VkLayer_khronos_validation.dll
[09:36:07.683] [PARALLAX] [trace] Vulkan instance destroyed
[09:36:07.696] [PARALLAX] [info] Window destroyed
[09:36:07.701] [PARALLAX] [info] Parallax shutdown complete.
[10:32:13.500] [PARALLAX] [info] Parallax v0.1.0 starting...
[10:32:13.644] [PARALLAX] [info] Window created: "Parallax" (1280x720) [Vulkan | resizable]
[10:32:13.647] [PARALLAX] [trace] SDL2 requires 2 Vulkan instance extension(s):
[10:32:13.648] [PARALLAX] [trace]   - VK_KHR_surface
[10:32:13.650] [PARALLAX] [trace]   - VK_KHR_win32_surface
[10:32:13.661] [PARALLAX] [info] Requesting 3 instance extension(s):
[10:32:13.662] [PARALLAX] [info]   - VK_KHR_surface
[10:32:13.663] [PARALLAX] [info]   - VK_KHR_win32_surface
[10:32:13.666] [PARALLAX] [info]   - VK_EXT_debug_utils
[10:32:13.667] [PARALLAX] [info] Validation layers enabled: VK_LAYER_KHRONOS_validation
[10:32:13.669] [PARALLAX] [trace] [Vulkan] windows_get_device_registry_files: GUID for 3 is not SoftwareComponent skipping
[10:32:13.672] [PARALLAX] [trace] [Vulkan] Searching for ICD drivers named .\nvoglv64.dll
[10:32:13.675] [PARALLAX] [trace] [Vulkan] Loading layer library C:\VulkanSDK\1.4.341.1\Bin\.\VkLayer_khronos_validation.dll
[10:32:13.676] [PARALLAX] [trace] [Vulkan] Loading layer library C:\ProgramData\obs-studio-hook\.\graphics-hook64.dll
[10:32:13.678] [PARALLAX] [trace] [Vulkan] Loading layer library C:\Windows\System32\DriverStore\FileRepository\nv_dispi.inf_amd64_adc55ecfca814224\.\nvoglv64.dll
[10:32:13.679] [PARALLAX] [trace] [Vulkan] Loading layer library C:\Windows\System32\DriverStore\FileRepository\nv_dispi.inf_amd64_adc55ecfca814224\.\nvoglv64.dll
[10:32:13.765] [PARALLAX] [info] Vulkan instance created (API 1.3)
[10:32:13.766] [PARALLAX] [info] Vulkan debug messenger created
[10:32:13.767] [PARALLAX] [info] Vulkan surface created
[10:32:13.770] [PARALLAX] [info] Found 1 Vulkan-capable GPU(s):
[10:32:13.770] [PARALLAX] [info]   - NVIDIA GeForce GTX 1660 (type: discrete)
[10:32:13.778] [PARALLAX] [info] Selected GPU: NVIDIA GeForce GTX 1660
[10:32:13.779] [PARALLAX] [info]   Driver version: 79.344.0
[10:32:13.784] [PARALLAX] [info]   Vulkan API: 1.4.325
[10:32:13.785] [PARALLAX] [info]   VRAM: 6180 MB
[10:32:13.786] [PARALLAX] [info]   Graphics queue family: 0
[10:32:13.787] [PARALLAX] [info]   Present queue family: 0
[10:32:13.851] [PARALLAX] [info] Vulkan logical device created
[10:32:13.854] [PARALLAX] [trace] Surface format: B8G8R8A8_SRGB + SRGB_NONLINEAR (preferred)
[10:32:13.854] [PARALLAX] [trace] Present mode: MAILBOX (triple buffering)
[10:32:15.967] [PARALLAX] [info] Swapchain created: 1280x720, 3 images, format 50, MAILBOX (triple buffer)
[10:32:20.861] [PARALLAX] [trace] Window resized: 1920x1057
[10:32:21.001] [PARALLAX] [trace] Swapchain destroyed
[10:32:21.005] [PARALLAX] [trace] Surface format: B8G8R8A8_SRGB + SRGB_NONLINEAR (preferred)
[10:32:21.005] [PARALLAX] [trace] Present mode: MAILBOX (triple buffering)
[10:32:21.012] [PARALLAX] [info] Swapchain created: 1920x1057, 3 images, format 50, MAILBOX (triple buffer)
[10:32:21.013] [PARALLAX] [info] Swapchain recreated: 1920x1057
[10:32:23.431] [PARALLAX] [trace] Window resized: 1280x720
[10:32:23.432] [PARALLAX] [trace] Window restored: 1280x720
[10:32:23.434] [PARALLAX] [trace] Swapchain destroyed
[10:32:23.441] [PARALLAX] [trace] Surface format: B8G8R8A8_SRGB + SRGB_NONLINEAR (preferred)
[10:32:23.442] [PARALLAX] [trace] Present mode: MAILBOX (triple buffering)
[10:32:23.450] [PARALLAX] [info] Swapchain created: 1280x720, 3 images, format 50, MAILBOX (triple buffer)
[10:32:23.452] [PARALLAX] [info] Swapchain recreated: 1280x720
[10:32:27.541] [PARALLAX] [trace] Window resized: 1920x1057
[10:32:27.542] [PARALLAX] [trace] Swapchain destroyed
[10:32:27.547] [PARALLAX] [trace] Surface format: B8G8R8A8_SRGB + SRGB_NONLINEAR (preferred)
[10:32:27.547] [PARALLAX] [trace] Present mode: MAILBOX (triple buffering)
[10:32:27.554] [PARALLAX] [info] Swapchain created: 1920x1057, 3 images, format 50, MAILBOX (triple buffer)
[10:32:27.554] [PARALLAX] [info] Swapchain recreated: 1920x1057
[10:32:33.535] [PARALLAX] [trace] Window resized: 1280x720
[10:32:33.537] [PARALLAX] [trace] Window restored: 1280x720
[10:32:33.539] [PARALLAX] [trace] Swapchain destroyed
[10:32:33.545] [PARALLAX] [trace] Surface format: B8G8R8A8_SRGB + SRGB_NONLINEAR (preferred)
[10:32:33.545] [PARALLAX] [trace] Present mode: MAILBOX (triple buffering)
[10:32:33.552] [PARALLAX] [info] Swapchain created: 1280x720, 3 images, format 50, MAILBOX (triple buffer)
[10:32:33.553] [PARALLAX] [info] Swapchain recreated: 1280x720
[10:32:42.305] [PARALLAX] [trace] Window resized: 1174x886
[10:32:42.305] [PARALLAX] [trace] Window resized: 1174x886
[10:32:42.307] [PARALLAX] [trace] Swapchain destroyed
[10:32:42.311] [PARALLAX] [trace] Surface format: B8G8R8A8_SRGB + SRGB_NONLINEAR (preferred)
[10:32:42.312] [PARALLAX] [trace] Present mode: MAILBOX (triple buffering)
[10:32:42.318] [PARALLAX] [info] Swapchain created: 1174x886, 3 images, format 50, MAILBOX (triple buffer)
[10:32:42.319] [PARALLAX] [info] Swapchain recreated: 1174x886
[10:32:48.947] [PARALLAX] [trace] Window resized: 1920x1057
[10:32:48.949] [PARALLAX] [trace] Swapchain destroyed
[10:32:48.953] [PARALLAX] [trace] Surface format: B8G8R8A8_SRGB + SRGB_NONLINEAR (preferred)
[10:32:48.954] [PARALLAX] [trace] Present mode: MAILBOX (triple buffering)
[10:32:48.960] [PARALLAX] [info] Swapchain created: 1920x1057, 3 images, format 50, MAILBOX (triple buffer)
[10:32:48.960] [PARALLAX] [info] Swapchain recreated: 1920x1057
[10:32:51.050] [PARALLAX] [trace] Window resized: 1174x886
[10:32:51.051] [PARALLAX] [trace] Window restored: 1174x886
[10:32:51.053] [PARALLAX] [trace] Swapchain destroyed
[10:32:51.058] [PARALLAX] [trace] Surface format: B8G8R8A8_SRGB + SRGB_NONLINEAR (preferred)
[10:32:51.058] [PARALLAX] [trace] Present mode: MAILBOX (triple buffering)
[10:32:51.066] [PARALLAX] [info] Swapchain created: 1174x886, 3 images, format 50, MAILBOX (triple buffer)
[10:32:51.066] [PARALLAX] [info] Swapchain recreated: 1174x886
[10:32:52.227] [PARALLAX] [trace] Window resized: 1920x1057
[10:32:52.229] [PARALLAX] [trace] Swapchain destroyed
[10:32:52.233] [PARALLAX] [trace] Surface format: B8G8R8A8_SRGB + SRGB_NONLINEAR (preferred)
[10:32:52.233] [PARALLAX] [trace] Present mode: MAILBOX (triple buffering)
[10:32:52.239] [PARALLAX] [info] Swapchain created: 1920x1057, 3 images, format 50, MAILBOX (triple buffer)
[10:32:52.239] [PARALLAX] [info] Swapchain recreated: 1920x1057
[10:32:53.306] [PARALLAX] [trace] Window resized: 1174x886
[10:32:53.307] [PARALLAX] [trace] Window restored: 1174x886
[10:32:53.308] [PARALLAX] [trace] Swapchain destroyed
[10:32:53.312] [PARALLAX] [trace] Surface format: B8G8R8A8_SRGB + SRGB_NONLINEAR (preferred)
[10:32:53.313] [PARALLAX] [trace] Present mode: MAILBOX (triple buffering)
[10:32:53.319] [PARALLAX] [info] Swapchain created: 1174x886, 3 images, format 50, MAILBOX (triple buffer)
[10:32:53.320] [PARALLAX] [info] Swapchain recreated: 1174x886
[10:32:55.648] [PARALLAX] [trace] Swapchain destroyed
[10:32:55.672] [PARALLAX] [trace] Vulkan logical device destroyed
[10:32:55.672] [PARALLAX] [trace] Vulkan debug messenger destroyed
[10:32:55.673] [PARALLAX] [trace] Vulkan surface destroyed
[10:32:55.674] [PARALLAX] [trace] [Vulkan] Unloading layer library C:\Windows\System32\DriverStore\FileRepository\nv_dispi.inf_amd64_adc55ecfca814224\nvoglv64.dll
[10:32:55.675] [PARALLAX] [trace] [Vulkan] Unloading layer library C:\Windows\System32\DriverStore\FileRepository\nv_dispi.inf_amd64_adc55ecfca814224\nvoglv64.dll
[10:32:55.675] [PARALLAX] [trace] [Vulkan] Unloading layer library C:\ProgramData\obs-studio-hook\graphics-hook64.dll
[10:32:55.677] [PARALLAX] [trace] [Vulkan] Unloading layer library C:\VulkanSDK\1.4.341.1\Bin\VkLayer_khronos_validation.dll
[10:32:55.678] [PARALLAX] [trace] Vulkan instance destroyed
[10:32:55.693] [PARALLAX] [info] Window destroyed
[10:32:55.702] [PARALLAX] [info] Parallax shutdown complete.
[11:06:12.316] [PARALLAX] [info] Parallax v0.1.0 starting...
[11:06:12.451] [PARALLAX] [info] Window created: "Parallax" (1280x720) [Vulkan | resizable]
[11:06:12.452] [PARALLAX] [trace] SDL2 requires 2 Vulkan instance extension(s):
[11:06:12.453] [PARALLAX] [trace]   - VK_KHR_surface
[11:06:12.454] [PARALLAX] [trace]   - VK_KHR_win32_surface
[11:06:12.466] [PARALLAX] [info] Requesting 3 instance extension(s):
[11:06:12.466] [PARALLAX] [info]   - VK_KHR_surface
[11:06:12.467] [PARALLAX] [info]   - VK_KHR_win32_surface
[11:06:12.468] [PARALLAX] [info]   - VK_EXT_debug_utils
[11:06:12.469] [PARALLAX] [info] Validation layers enabled: VK_LAYER_KHRONOS_validation
[11:06:12.472] [PARALLAX] [trace] [Vulkan] windows_get_device_registry_files: GUID for 3 is not SoftwareComponent skipping
[11:06:12.475] [PARALLAX] [trace] [Vulkan] Searching for ICD drivers named .\nvoglv64.dll
[11:06:12.479] [PARALLAX] [trace] [Vulkan] Loading layer library C:\VulkanSDK\1.4.341.1\Bin\.\VkLayer_khronos_validation.dll
[11:06:12.481] [PARALLAX] [trace] [Vulkan] Loading layer library C:\ProgramData\obs-studio-hook\.\graphics-hook64.dll
[11:06:12.482] [PARALLAX] [trace] [Vulkan] Loading layer library C:\Windows\System32\DriverStore\FileRepository\nv_dispi.inf_amd64_adc55ecfca814224\.\nvoglv64.dll
[11:06:12.483] [PARALLAX] [trace] [Vulkan] Loading layer library C:\Windows\System32\DriverStore\FileRepository\nv_dispi.inf_amd64_adc55ecfca814224\.\nvoglv64.dll
[11:06:12.568] [PARALLAX] [info] Vulkan instance created (API 1.3)
[11:06:12.568] [PARALLAX] [info] Vulkan debug messenger created
[11:06:12.569] [PARALLAX] [info] Vulkan surface created
[11:06:12.572] [PARALLAX] [info] Found 1 Vulkan-capable GPU(s):
[11:06:12.572] [PARALLAX] [info]   - NVIDIA GeForce GTX 1660 (type: discrete)
[11:06:12.579] [PARALLAX] [info] Selected GPU: NVIDIA GeForce GTX 1660
[11:06:12.580] [PARALLAX] [info]   Driver version: 79.344.0
[11:06:12.581] [PARALLAX] [info]   Vulkan API: 1.4.325
[11:06:12.581] [PARALLAX] [info]   VRAM: 6180 MB
[11:06:12.583] [PARALLAX] [info]   Graphics queue family: 0
[11:06:12.587] [PARALLAX] [info]   Present queue family: 0
[11:06:12.647] [PARALLAX] [info] Vulkan logical device created
[11:06:12.651] [PARALLAX] [trace] Surface format: B8G8R8A8_SRGB + SRGB_NONLINEAR (preferred)
[11:06:12.651] [PARALLAX] [trace] Present mode: MAILBOX (triple buffering)
[11:06:12.760] [PARALLAX] [info] Swapchain created: 1280x720, 3 images, format 50, MAILBOX (triple buffer)
[11:06:12.776] [PARALLAX] [info] Shader directory: C:\Parallax-dev\Parallax\build\bin\Debug\shaders
[11:06:12.777] [PARALLAX] [info] Render pass created
[11:06:12.789] [PARALLAX] [critical] Failed to open shader file: C:\Parallax-dev\Parallax\build\bin\Debug\shaders\test_star.vert.spv
[11:09:12.415] [PARALLAX] [info] Parallax v0.1.0 starting...
[11:09:12.559] [PARALLAX] [info] Window created: "Parallax" (1280x720) [Vulkan | resizable]
[11:09:12.559] [PARALLAX] [trace] SDL2 requires 2 Vulkan instance extension(s):
[11:09:12.560] [PARALLAX] [trace]   - VK_KHR_surface
[11:09:12.561] [PARALLAX] [trace]   - VK_KHR_win32_surface
[11:09:12.572] [PARALLAX] [info] Requesting 3 instance extension(s):
[11:09:12.573] [PARALLAX] [info]   - VK_KHR_surface
[11:09:12.574] [PARALLAX] [info]   - VK_KHR_win32_surface
[11:09:12.575] [PARALLAX] [info]   - VK_EXT_debug_utils
[11:09:12.576] [PARALLAX] [info] Validation layers enabled: VK_LAYER_KHRONOS_validation
[11:09:12.578] [PARALLAX] [trace] [Vulkan] windows_get_device_registry_files: GUID for 3 is not SoftwareComponent skipping
[11:09:12.582] [PARALLAX] [trace] [Vulkan] Searching for ICD drivers named .\nvoglv64.dll
[11:09:12.585] [PARALLAX] [trace] [Vulkan] Loading layer library C:\VulkanSDK\1.4.341.1\Bin\.\VkLayer_khronos_validation.dll
[11:09:12.587] [PARALLAX] [trace] [Vulkan] Loading layer library C:\ProgramData\obs-studio-hook\.\graphics-hook64.dll
[11:09:12.589] [PARALLAX] [trace] [Vulkan] Loading layer library C:\Windows\System32\DriverStore\FileRepository\nv_dispi.inf_amd64_adc55ecfca814224\.\nvoglv64.dll
[11:09:12.589] [PARALLAX] [trace] [Vulkan] Loading layer library C:\Windows\System32\DriverStore\FileRepository\nv_dispi.inf_amd64_adc55ecfca814224\.\nvoglv64.dll
[11:09:12.671] [PARALLAX] [info] Vulkan instance created (API 1.3)
[11:09:12.671] [PARALLAX] [info] Vulkan debug messenger created
[11:09:12.672] [PARALLAX] [info] Vulkan surface created
[11:09:12.674] [PARALLAX] [info] Found 1 Vulkan-capable GPU(s):
[11:09:12.674] [PARALLAX] [info]   - NVIDIA GeForce GTX 1660 (type: discrete)
[11:09:12.681] [PARALLAX] [info] Selected GPU: NVIDIA GeForce GTX 1660
[11:09:12.682] [PARALLAX] [info]   Driver version: 79.344.0
[11:09:12.682] [PARALLAX] [info]   Vulkan API: 1.4.325
[11:09:12.683] [PARALLAX] [info]   VRAM: 6180 MB
[11:09:12.685] [PARALLAX] [info]   Graphics queue family: 0
[11:09:12.685] [PARALLAX] [info]   Present queue family: 0
[11:09:12.745] [PARALLAX] [info] Vulkan logical device created
[11:09:12.749] [PARALLAX] [trace] Surface format: B8G8R8A8_SRGB + SRGB_NONLINEAR (preferred)
[11:09:12.750] [PARALLAX] [trace] Present mode: MAILBOX (triple buffering)
[11:09:12.768] [PARALLAX] [info] Swapchain created: 1280x720, 3 images, format 50, MAILBOX (triple buffer)
[11:09:12.769] [PARALLAX] [info] Shader directory: C:/Parallax-dev/Parallax/build/shaders
[11:09:12.770] [PARALLAX] [info] Render pass created
[11:09:12.854] [PARALLAX] [trace] Shader module loaded: test_star.vert.spv
[11:09:12.855] [PARALLAX] [trace] Shader module loaded: test_star.frag.spv
[11:09:13.231] [PARALLAX] [info] Graphics pipeline created (POINT_LIST, dynamic viewport/scissor)
[11:09:13.232] [PARALLAX] [info] Framebuffers created: 3 (1280x720)
[11:09:19.472] [PARALLAX] [trace] Window resized: 1920x1057
[11:09:19.475] [PARALLAX] [trace] Swapchain destroyed
[11:09:19.481] [PARALLAX] [trace] Surface format: B8G8R8A8_SRGB + SRGB_NONLINEAR (preferred)
[11:09:19.481] [PARALLAX] [trace] Present mode: MAILBOX (triple buffering)
[11:09:19.487] [PARALLAX] [info] Swapchain created: 1920x1057, 3 images, format 50, MAILBOX (triple buffer)
[11:09:19.487] [PARALLAX] [info] Framebuffers created: 3 (1920x1057)
[11:09:19.491] [PARALLAX] [info] Swapchain + framebuffers recreated: 1920x1057
[11:09:21.718] [PARALLAX] [trace] Window resized: 1280x720
[11:09:21.719] [PARALLAX] [trace] Window restored: 1280x720
[11:09:21.721] [PARALLAX] [trace] Swapchain destroyed
[11:09:21.726] [PARALLAX] [trace] Surface format: B8G8R8A8_SRGB + SRGB_NONLINEAR (preferred)
[11:09:21.726] [PARALLAX] [trace] Present mode: MAILBOX (triple buffering)
[11:09:21.734] [PARALLAX] [info] Swapchain created: 1280x720, 3 images, format 50, MAILBOX (triple buffer)
[11:09:21.735] [PARALLAX] [info] Framebuffers created: 3 (1280x720)
[11:09:21.736] [PARALLAX] [info] Swapchain + framebuffers recreated: 1280x720
[11:09:24.040] [PARALLAX] [trace] Window resized: 1280x596
[11:09:24.041] [PARALLAX] [trace] Window resized: 1280x596
[11:09:24.043] [PARALLAX] [trace] Swapchain destroyed
[11:09:24.046] [PARALLAX] [trace] Surface format: B8G8R8A8_SRGB + SRGB_NONLINEAR (preferred)
[11:09:24.047] [PARALLAX] [trace] Present mode: MAILBOX (triple buffering)
[11:09:24.054] [PARALLAX] [info] Swapchain created: 1280x596, 3 images, format 50, MAILBOX (triple buffer)
[11:09:24.055] [PARALLAX] [info] Framebuffers created: 3 (1280x596)
[11:09:24.056] [PARALLAX] [info] Swapchain + framebuffers recreated: 1280x596
[11:09:25.758] [PARALLAX] [trace] Window resized: 916x474
[11:09:25.759] [PARALLAX] [trace] Window resized: 916x474
[11:09:25.762] [PARALLAX] [trace] Swapchain destroyed
[11:09:25.766] [PARALLAX] [trace] Surface format: B8G8R8A8_SRGB + SRGB_NONLINEAR (preferred)
[11:09:25.766] [PARALLAX] [trace] Present mode: MAILBOX (triple buffering)
[11:09:25.772] [PARALLAX] [info] Swapchain created: 916x474, 3 images, format 50, MAILBOX (triple buffer)
[11:09:25.773] [PARALLAX] [info] Framebuffers created: 3 (916x474)
[11:09:25.774] [PARALLAX] [info] Swapchain + framebuffers recreated: 916x474
[11:09:27.078] [PARALLAX] [trace] Graphics pipeline destroyed
[11:09:27.079] [PARALLAX] [trace] Render pass destroyed
[11:09:27.082] [PARALLAX] [trace] Swapchain destroyed
[11:09:27.107] [PARALLAX] [trace] Vulkan logical device destroyed
[11:09:27.108] [PARALLAX] [trace] Vulkan debug messenger destroyed
[11:09:27.108] [PARALLAX] [trace] Vulkan surface destroyed
[11:09:27.110] [PARALLAX] [trace] [Vulkan] Unloading layer library C:\Windows\System32\DriverStore\FileRepository\nv_dispi.inf_amd64_adc55ecfca814224\nvoglv64.dll
[11:09:27.111] [PARALLAX] [trace] [Vulkan] Unloading layer library C:\Windows\System32\DriverStore\FileRepository\nv_dispi.inf_amd64_adc55ecfca814224\nvoglv64.dll
[11:09:27.111] [PARALLAX] [trace] [Vulkan] Unloading layer library C:\ProgramData\obs-studio-hook\graphics-hook64.dll
[11:09:27.115] [PARALLAX] [trace] [Vulkan] Unloading layer library C:\VulkanSDK\1.4.341.1\Bin\VkLayer_khronos_validation.dll
[11:09:27.116] [PARALLAX] [trace] Vulkan instance destroyed
[11:09:27.129] [PARALLAX] [info] Window destroyed
[11:09:27.139] [PARALLAX] [info] Parallax shutdown complete.
[17:14:01.512] [PARALLAX] [info] Parallax v0.1.0 starting...
[17:14:01.675] [PARALLAX] [info] Window created: "Parallax" (1280x720) [Vulkan | resizable]
[17:14:01.681] [PARALLAX] [trace] SDL2 requires 2 Vulkan instance extension(s):
[17:14:01.685] [PARALLAX] [trace]   - VK_KHR_surface
[17:14:01.686] [PARALLAX] [trace]   - VK_KHR_win32_surface
[17:14:01.698] [PARALLAX] [info] Requesting 3 instance extension(s):
[17:14:01.698] [PARALLAX] [info]   - VK_KHR_surface
[17:14:01.699] [PARALLAX] [info]   - VK_KHR_win32_surface
[17:14:01.700] [PARALLAX] [info]   - VK_EXT_debug_utils
[17:14:01.701] [PARALLAX] [info] Validation layers enabled: VK_LAYER_KHRONOS_validation
[17:14:01.703] [PARALLAX] [trace] [Vulkan] windows_get_device_registry_files: GUID for 3 is not SoftwareComponent skipping
[17:14:01.707] [PARALLAX] [trace] [Vulkan] Searching for ICD drivers named .\nvoglv64.dll
[17:14:01.710] [PARALLAX] [trace] [Vulkan] Loading layer library C:\VulkanSDK\1.4.341.1\Bin\.\VkLayer_khronos_validation.dll
[17:14:01.721] [PARALLAX] [trace] [Vulkan] Loading layer library C:\ProgramData\obs-studio-hook\.\graphics-hook64.dll
[17:14:01.721] [PARALLAX] [trace] [Vulkan] Loading layer library C:\Windows\System32\DriverStore\FileRepository\nv_dispi.inf_amd64_adc55ecfca814224\.\nvoglv64.dll
[17:14:01.722] [PARALLAX] [trace] [Vulkan] Loading layer library C:\Windows\System32\DriverStore\FileRepository\nv_dispi.inf_amd64_adc55ecfca814224\.\nvoglv64.dll
[17:14:01.815] [PARALLAX] [info] Vulkan instance created (API 1.3)
[17:14:01.815] [PARALLAX] [info] Vulkan debug messenger created
[17:14:01.817] [PARALLAX] [info] Vulkan surface created
[17:14:01.820] [PARALLAX] [info] Found 1 Vulkan-capable GPU(s):
[17:14:01.820] [PARALLAX] [info]   - NVIDIA GeForce GTX 1660 (type: discrete)
[17:14:01.842] [PARALLAX] [info] Selected GPU: NVIDIA GeForce GTX 1660
[17:14:01.843] [PARALLAX] [info]   Driver version: 79.344.0
[17:14:01.844] [PARALLAX] [info]   Vulkan API: 1.4.325
[17:14:01.845] [PARALLAX] [info]   VRAM: 6180 MB
[17:14:01.848] [PARALLAX] [info]   Graphics queue family: 0
[17:14:01.849] [PARALLAX] [info]   Present queue family: 0
[17:14:01.914] [PARALLAX] [info] Vulkan logical device created
[17:14:01.917] [PARALLAX] [trace] Surface format: B8G8R8A8_SRGB + SRGB_NONLINEAR (preferred)
[17:14:01.917] [PARALLAX] [trace] Present mode: MAILBOX (triple buffering)
[17:14:01.946] [PARALLAX] [info] Swapchain created: 1280x720, 3 images, format 50, MAILBOX (triple buffer)
[17:14:01.947] [PARALLAX] [info] Shader directory: C:/Parallax-dev/Parallax/build/shaders
[17:14:01.948] [PARALLAX] [info] Render pass created
[17:14:01.949] [PARALLAX] [trace] Shader module loaded: test_star.vert.spv
[17:14:01.950] [PARALLAX] [trace] Shader module loaded: test_star.frag.spv
[17:14:01.968] [PARALLAX] [info] Graphics pipeline created (POINT_LIST, dynamic viewport/scissor)
[17:14:01.969] [PARALLAX] [info] Framebuffers created: 3 (1280x720)
[17:14:01.970] [PARALLAX] [info] Command pool created
[17:14:02.036] [PARALLAX] [info] Command buffers allocated: 2
[17:14:02.037] [PARALLAX] [info] Sync objects created: 2 frames in flight
[17:14:02.041] [PARALLAX] [info] Application initialized — all subsystems ready
[17:14:02.074] [PARALLAX] [info] Entering main loop...
[17:14:02.204] [PARALLAX] [error] [Vulkan] vkQueueSubmit(): pSubmits[0].pSignalSemaphores[0] (VkSemaphore 0x140000000014) is being signaled by VkQueue 0x1dde0345aa0, but it may still be in use by VkSwapchainKHR 0x30000000003.
Most recently acquired image indices: [0], 1, 2.
(Brackets mark the last use of VkSemaphore 0x140000000014 in a presentation operation.)
Swapchain image 0 was presented but was not re-acquired, so VkSemaphore 0x140000000014 may still be in use and cannot be safely reused with image index 2.
Vulkan insight: See https://docs.vulkan.org/guide/latest/swapchain_semaphore_reuse.html for details on swapchain semaphore reuse. Examples of possible approaches:
   a) Use a separate semaphore per swapchain image. Index these semaphores using the index of the acquired image.
   b) Consider the VK_KHR_swapchain_maintenance1 extension. It allows using a VkFence with the presentation operation.
The Vulkan spec states: Each binary semaphore element of the pSignalSemaphores member of any element of pSubmits must be unsignaled when the semaphore signal operation it defines is executed on the device (https://docs.vulkan.org/spec/latest/chapters/cmdbuffers.html#VUID-vkQueueSubmit-pSignalSemaphores-00067)
[17:14:02.206] [PARALLAX] [error] [Vulkan] vkQueueSubmit(): pSubmits[0].pSignalSemaphores[0] (VkSemaphore 0x170000000017) is being signaled by VkQueue 0x1dde0345aa0, but it may still be in use by VkSwapchainKHR 0x30000000003.
Most recently acquired image indices: 0, [1], 2, 0.
(Brackets mark the last use of VkSemaphore 0x170000000017 in a presentation operation.)
Swapchain image 1 was presented but was not re-acquired, so VkSemaphore 0x170000000017 may still be in use and cannot be safely reused with image index 0.
Vulkan insight: See https://docs.vulkan.org/guide/latest/swapchain_semaphore_reuse.html for details on swapchain semaphore reuse. Examples of possible approaches:
   a) Use a separate semaphore per swapchain image. Index these semaphores using the index of the acquired image.
   b) Consider the VK_KHR_swapchain_maintenance1 extension. It allows using a VkFence with the presentation operation.
The Vulkan spec states: Each binary semaphore element of the pSignalSemaphores member of any element of pSubmits must be unsignaled when the semaphore signal operation it defines is executed on the device (https://docs.vulkan.org/spec/latest/chapters/cmdbuffers.html#VUID-vkQueueSubmit-pSignalSemaphores-00067)
[17:14:13.477] [PARALLAX] [info] Main loop exited
[17:14:13.478] [PARALLAX] [trace] Sync objects destroyed
[17:14:13.796] [PARALLAX] [trace] Command pool destroyed
[17:14:13.799] [PARALLAX] [trace] Graphics pipeline destroyed
[17:14:13.802] [PARALLAX] [trace] Render pass destroyed
[17:14:13.808] [PARALLAX] [trace] Swapchain destroyed
[17:14:13.837] [PARALLAX] [trace] Vulkan logical device destroyed
[17:14:13.838] [PARALLAX] [trace] Vulkan debug messenger destroyed
[17:14:13.838] [PARALLAX] [trace] Vulkan surface destroyed
[17:14:13.839] [PARALLAX] [trace] [Vulkan] Unloading layer library C:\Windows\System32\DriverStore\FileRepository\nv_dispi.inf_amd64_adc55ecfca814224\nvoglv64.dll
[17:14:13.840] [PARALLAX] [trace] [Vulkan] Unloading layer library C:\Windows\System32\DriverStore\FileRepository\nv_dispi.inf_amd64_adc55ecfca814224\nvoglv64.dll
[17:14:13.840] [PARALLAX] [trace] [Vulkan] Unloading layer library C:\ProgramData\obs-studio-hook\graphics-hook64.dll
[17:14:13.843] [PARALLAX] [trace] [Vulkan] Unloading layer library C:\VulkanSDK\1.4.341.1\Bin\VkLayer_khronos_validation.dll
[17:14:13.843] [PARALLAX] [trace] Vulkan instance destroyed
[17:14:13.866] [PARALLAX] [info] Window destroyed
[17:14:13.869] [PARALLAX] [info] Parallax shutdown complete.
[17:33:04.032] [PARALLAX] [info] Parallax v0.1.0 starting...
[17:33:04.165] [PARALLAX] [info] Window created: "Parallax" (1280x720) [Vulkan | resizable]
[17:33:04.169] [PARALLAX] [trace] SDL2 requires 2 Vulkan instance extension(s):
[17:33:04.169] [PARALLAX] [trace]   - VK_KHR_surface
[17:33:04.172] [PARALLAX] [trace]   - VK_KHR_win32_surface
[17:33:04.184] [PARALLAX] [info] Requesting 3 instance extension(s):
[17:33:04.185] [PARALLAX] [info]   - VK_KHR_surface
[17:33:04.185] [PARALLAX] [info]   - VK_KHR_win32_surface
[17:33:04.187] [PARALLAX] [info]   - VK_EXT_debug_utils
[17:33:04.188] [PARALLAX] [info] Validation layers enabled: VK_LAYER_KHRONOS_validation
[17:33:04.190] [PARALLAX] [trace] [Vulkan] windows_get_device_registry_files: GUID for 3 is not SoftwareComponent skipping
[17:33:04.194] [PARALLAX] [trace] [Vulkan] Searching for ICD drivers named .\nvoglv64.dll
[17:33:04.196] [PARALLAX] [trace] [Vulkan] Loading layer library C:\VulkanSDK\1.4.341.1\Bin\.\VkLayer_khronos_validation.dll
[17:33:04.201] [PARALLAX] [trace] [Vulkan] Loading layer library C:\ProgramData\obs-studio-hook\.\graphics-hook64.dll
[17:33:04.202] [PARALLAX] [trace] [Vulkan] Loading layer library C:\Windows\System32\DriverStore\FileRepository\nv_dispi.inf_amd64_adc55ecfca814224\.\nvoglv64.dll
[17:33:04.203] [PARALLAX] [trace] [Vulkan] Loading layer library C:\Windows\System32\DriverStore\FileRepository\nv_dispi.inf_amd64_adc55ecfca814224\.\nvoglv64.dll
[17:33:04.284] [PARALLAX] [info] Vulkan instance created (API 1.3)
[17:33:04.284] [PARALLAX] [info] Vulkan debug messenger created
[17:33:04.285] [PARALLAX] [info] Vulkan surface created
[17:33:04.287] [PARALLAX] [info] Found 1 Vulkan-capable GPU(s):
[17:33:04.287] [PARALLAX] [info]   - NVIDIA GeForce GTX 1660 (type: discrete)
[17:33:04.294] [PARALLAX] [info] Selected GPU: NVIDIA GeForce GTX 1660
[17:33:04.294] [PARALLAX] [info]   Driver version: 79.344.0
[17:33:04.295] [PARALLAX] [info]   Vulkan API: 1.4.325
[17:33:04.296] [PARALLAX] [info]   VRAM: 6180 MB
[17:33:04.296] [PARALLAX] [info]   Graphics queue family: 0
[17:33:04.297] [PARALLAX] [info]   Present queue family: 0
[17:33:04.356] [PARALLAX] [info] Vulkan logical device created
[17:33:04.359] [PARALLAX] [trace] Surface format: B8G8R8A8_SRGB + SRGB_NONLINEAR (preferred)
[17:33:04.359] [PARALLAX] [trace] Present mode: MAILBOX (triple buffering)
[17:33:04.376] [PARALLAX] [info] Swapchain created: 1280x720, 3 images, format 50, MAILBOX (triple buffer)
[17:33:04.377] [PARALLAX] [info] Shader directory: C:/Parallax-dev/Parallax/build/shaders
[17:33:04.379] [PARALLAX] [info] Render pass created
[17:33:04.380] [PARALLAX] [trace] Shader module loaded: test_star.vert.spv
[17:33:04.381] [PARALLAX] [trace] Shader module loaded: test_star.frag.spv
[17:33:04.382] [PARALLAX] [info] Graphics pipeline created (POINT_LIST, dynamic viewport/scissor)
[17:33:04.383] [PARALLAX] [info] Framebuffers created: 3 (1280x720)
[17:33:04.383] [PARALLAX] [info] Command pool created
[17:33:04.384] [PARALLAX] [info] Command buffers allocated: 2
[17:33:04.385] [PARALLAX] [info] Sync objects created: 2 frames in flight, 3 image semaphores
[17:33:04.385] [PARALLAX] [info] Application initialized — all subsystems ready
[17:33:04.386] [PARALLAX] [info] Entering main loop...
[17:33:08.149] [PARALLAX] [trace] Window resized: 1920x1057
[17:33:08.199] [PARALLAX] [trace] Swapchain destroyed
[17:33:08.215] [PARALLAX] [trace] Surface format: B8G8R8A8_SRGB + SRGB_NONLINEAR (preferred)
[17:33:08.215] [PARALLAX] [trace] Present mode: MAILBOX (triple buffering)
[17:33:08.222] [PARALLAX] [info] Swapchain created: 1920x1057, 3 images, format 50, MAILBOX (triple buffer)
[17:33:08.222] [PARALLAX] [info] Framebuffers created: 3 (1920x1057)
[17:33:08.224] [PARALLAX] [info] Swapchain + framebuffers recreated: 1920x1057 (3 images)
[17:33:09.779] [PARALLAX] [info] Main loop exited
[17:33:09.779] [PARALLAX] [trace] Sync objects destroyed
[17:33:09.780] [PARALLAX] [trace] Command pool destroyed
[17:33:09.781] [PARALLAX] [trace] Graphics pipeline destroyed
[17:33:09.782] [PARALLAX] [trace] Render pass destroyed
[17:33:09.783] [PARALLAX] [trace] Swapchain destroyed
[17:33:09.802] [PARALLAX] [trace] Vulkan logical device destroyed
[17:33:09.802] [PARALLAX] [trace] Vulkan debug messenger destroyed
[17:33:09.803] [PARALLAX] [trace] Vulkan surface destroyed
[17:33:09.804] [PARALLAX] [trace] [Vulkan] Unloading layer library C:\Windows\System32\DriverStore\FileRepository\nv_dispi.inf_amd64_adc55ecfca814224\nvoglv64.dll
[17:33:09.804] [PARALLAX] [trace] [Vulkan] Unloading layer library C:\Windows\System32\DriverStore\FileRepository\nv_dispi.inf_amd64_adc55ecfca814224\nvoglv64.dll
[17:33:09.805] [PARALLAX] [trace] [Vulkan] Unloading layer library C:\ProgramData\obs-studio-hook\graphics-hook64.dll
[17:33:09.807] [PARALLAX] [trace] [Vulkan] Unloading layer library C:\VulkanSDK\1.4.341.1\Bin\VkLayer_khronos_validation.dll
[17:33:09.807] [PARALLAX] [trace] Vulkan instance destroyed
[17:33:09.823] [PARALLAX] [info] Window destroyed
[17:33:09.826] [PARALLAX] [info] Parallax shutdown complete.
[22:28:12.910] [PARALLAX] [info] Parallax v0.1.0 starting...
[22:28:13.064] [PARALLAX] [info] Window created: "Parallax" (1280x720) [Vulkan | resizable]
[22:28:13.066] [PARALLAX] [trace] SDL2 requires 2 Vulkan instance extension(s):
[22:28:13.066] [PARALLAX] [trace]   - VK_KHR_surface
[22:28:13.067] [PARALLAX] [trace]   - VK_KHR_win32_surface
[22:28:13.080] [PARALLAX] [info] Requesting 3 instance extension(s):
[22:28:13.080] [PARALLAX] [info]   - VK_KHR_surface
[22:28:13.081] [PARALLAX] [info]   - VK_KHR_win32_surface
[22:28:13.082] [PARALLAX] [info]   - VK_EXT_debug_utils
[22:28:13.083] [PARALLAX] [info] Validation layers enabled: VK_LAYER_KHRONOS_validation
[22:28:13.085] [PARALLAX] [trace] [Vulkan] windows_get_device_registry_files: GUID for 3 is not SoftwareComponent skipping
[22:28:13.089] [PARALLAX] [trace] [Vulkan] Searching for ICD drivers named .\nvoglv64.dll
[22:28:13.094] [PARALLAX] [trace] [Vulkan] Loading layer library C:\VulkanSDK\1.4.341.1\Bin\.\VkLayer_khronos_validation.dll
[22:28:13.103] [PARALLAX] [trace] [Vulkan] Loading layer library C:\ProgramData\obs-studio-hook\.\graphics-hook64.dll
[22:28:13.103] [PARALLAX] [trace] [Vulkan] Loading layer library C:\Windows\System32\DriverStore\FileRepository\nv_dispi.inf_amd64_adc55ecfca814224\.\nvoglv64.dll
[22:28:13.104] [PARALLAX] [trace] [Vulkan] Loading layer library C:\Windows\System32\DriverStore\FileRepository\nv_dispi.inf_amd64_adc55ecfca814224\.\nvoglv64.dll
[22:28:13.196] [PARALLAX] [info] Vulkan instance created (API 1.3)
[22:28:13.197] [PARALLAX] [info] Vulkan debug messenger created
[22:28:13.198] [PARALLAX] [info] Vulkan surface created
[22:28:13.202] [PARALLAX] [info] Found 1 Vulkan-capable GPU(s):
[22:28:13.203] [PARALLAX] [info]   - NVIDIA GeForce GTX 1660 (type: discrete)
[22:28:13.224] [PARALLAX] [info] Selected GPU: NVIDIA GeForce GTX 1660
[22:28:13.225] [PARALLAX] [info]   Driver version: 79.344.0
[22:28:13.226] [PARALLAX] [info]   Vulkan API: 1.4.325
[22:28:13.229] [PARALLAX] [info]   VRAM: 6180 MB
[22:28:13.230] [PARALLAX] [info]   Graphics queue family: 0
[22:28:13.231] [PARALLAX] [info]   Present queue family: 0
[22:28:13.305] [PARALLAX] [info] Vulkan logical device created
[22:28:13.308] [PARALLAX] [trace] Surface format: B8G8R8A8_SRGB + SRGB_NONLINEAR (preferred)
[22:28:13.309] [PARALLAX] [trace] Present mode: MAILBOX (triple buffering)
[22:28:13.540] [PARALLAX] [info] Swapchain created: 1280x720, 3 images, format 50, MAILBOX (triple buffer)
[22:28:13.541] [PARALLAX] [info] Shader directory: C:/Parallax-dev/Parallax/build/shaders
[22:28:13.542] [PARALLAX] [info] Render pass created
[22:28:13.544] [PARALLAX] [trace] Shader module loaded: test_star.vert.spv
[22:28:13.544] [PARALLAX] [trace] Shader module loaded: test_star.frag.spv
[22:28:13.546] [PARALLAX] [info] Graphics pipeline created (POINT_LIST, dynamic viewport/scissor)
[22:28:13.547] [PARALLAX] [info] Framebuffers created: 3 (1280x720)
[22:28:13.687] [PARALLAX] [trace] Starfield storage buffer created: 3200000 bytes (200000 stars)
[22:28:13.724] [PARALLAX] [trace] Shader module loaded: starfield.vert.spv
[22:28:13.725] [PARALLAX] [trace] Shader module loaded: starfield.frag.spv
[22:28:15.034] [PARALLAX] [info] Starfield pipeline created (POINT_LIST, additive blend, storage buffer)
[22:28:15.035] [PARALLAX] [info] Starfield renderer initialized (buffer capacity: 200000 stars)
[22:28:15.037] [PARALLAX] [error] CatalogLoader: Failed to open file: data/catalogs/bright_stars.csv
[22:28:15.038] [PARALLAX] [warning] Failed to load star catalog from data/catalogs/bright_stars.csv. Rendering will show no stars.
[22:28:15.093] [PARALLAX] [info] Simulation start: JD 2461100.394619 (2026-02-28 21:28:15.0 UTC)
[22:28:15.095] [PARALLAX] [info] Observer: La Palma (28.76N, 17.89W)
[22:28:15.096] [PARALLAX] [info] Command pool created
[22:28:15.098] [PARALLAX] [info] Command buffers allocated: 2
[22:28:15.100] [PARALLAX] [info] Sync objects created: 2 frames in flight, 3 image semaphores
[22:28:15.101] [PARALLAX] [info] Application initialized — all subsystems ready
[22:28:15.104] [PARALLAX] [info] Entering main loop...
[22:28:22.559] [PARALLAX] [info] Main loop exited
[22:28:22.560] [PARALLAX] [trace] Sync objects destroyed
[22:28:22.561] [PARALLAX] [trace] Command pool destroyed
[22:28:22.563] [PARALLAX] [trace] Starfield renderer destroyed
[22:28:22.563] [PARALLAX] [trace] Graphics pipeline destroyed
[22:28:22.565] [PARALLAX] [trace] Render pass destroyed
[22:28:22.568] [PARALLAX] [trace] Swapchain destroyed
[22:28:22.589] [PARALLAX] [trace] Vulkan logical device destroyed
[22:28:22.589] [PARALLAX] [trace] Vulkan debug messenger destroyed
[22:28:22.590] [PARALLAX] [trace] Vulkan surface destroyed
[22:28:22.591] [PARALLAX] [trace] [Vulkan] Unloading layer library C:\Windows\System32\DriverStore\FileRepository\nv_dispi.inf_amd64_adc55ecfca814224\nvoglv64.dll
[22:28:22.592] [PARALLAX] [trace] [Vulkan] Unloading layer library C:\Windows\System32\DriverStore\FileRepository\nv_dispi.inf_amd64_adc55ecfca814224\nvoglv64.dll
[22:28:22.592] [PARALLAX] [trace] [Vulkan] Unloading layer library C:\ProgramData\obs-studio-hook\graphics-hook64.dll
[22:28:22.594] [PARALLAX] [trace] [Vulkan] Unloading layer library C:\VulkanSDK\1.4.341.1\Bin\VkLayer_khronos_validation.dll
[22:28:22.595] [PARALLAX] [trace] Vulkan instance destroyed
[22:28:22.605] [PARALLAX] [info] Window destroyed
[22:28:22.608] [PARALLAX] [info] Parallax shutdown complete.
[22:30:35.239] [PARALLAX] [info] Parallax v0.1.0 starting...
[22:30:35.387] [PARALLAX] [info] Window created: "Parallax" (1280x720) [Vulkan | resizable]
[22:30:35.388] [PARALLAX] [trace] SDL2 requires 2 Vulkan instance extension(s):
[22:30:35.388] [PARALLAX] [trace]   - VK_KHR_surface
[22:30:35.388] [PARALLAX] [trace]   - VK_KHR_win32_surface
[22:30:35.398] [PARALLAX] [info] Requesting 3 instance extension(s):
[22:30:35.400] [PARALLAX] [info]   - VK_KHR_surface
[22:30:35.400] [PARALLAX] [info]   - VK_KHR_win32_surface
[22:30:35.400] [PARALLAX] [info]   - VK_EXT_debug_utils
[22:30:35.400] [PARALLAX] [info] Validation layers enabled: VK_LAYER_KHRONOS_validation
[22:30:35.403] [PARALLAX] [trace] [Vulkan] windows_get_device_registry_files: GUID for 3 is not SoftwareComponent skipping
[22:30:35.407] [PARALLAX] [trace] [Vulkan] Searching for ICD drivers named .\nvoglv64.dll
[22:30:35.412] [PARALLAX] [trace] [Vulkan] Loading layer library C:\VulkanSDK\1.4.341.1\Bin\.\VkLayer_khronos_validation.dll
[22:30:35.416] [PARALLAX] [trace] [Vulkan] Loading layer library C:\ProgramData\obs-studio-hook\.\graphics-hook64.dll
[22:30:35.416] [PARALLAX] [trace] [Vulkan] Loading layer library C:\Windows\System32\DriverStore\FileRepository\nv_dispi.inf_amd64_adc55ecfca814224\.\nvoglv64.dll
[22:30:35.417] [PARALLAX] [trace] [Vulkan] Loading layer library C:\Windows\System32\DriverStore\FileRepository\nv_dispi.inf_amd64_adc55ecfca814224\.\nvoglv64.dll
[22:30:35.502] [PARALLAX] [info] Vulkan instance created (API 1.3)
[22:30:35.503] [PARALLAX] [info] Vulkan debug messenger created
[22:30:35.504] [PARALLAX] [info] Vulkan surface created
[22:30:35.506] [PARALLAX] [info] Found 1 Vulkan-capable GPU(s):
[22:30:35.506] [PARALLAX] [info]   - NVIDIA GeForce GTX 1660 (type: discrete)
[22:30:35.514] [PARALLAX] [info] Selected GPU: NVIDIA GeForce GTX 1660
[22:30:35.514] [PARALLAX] [info]   Driver version: 79.344.0
[22:30:35.515] [PARALLAX] [info]   Vulkan API: 1.4.325
[22:30:35.516] [PARALLAX] [info]   VRAM: 6180 MB
[22:30:35.523] [PARALLAX] [info]   Graphics queue family: 0
[22:30:35.523] [PARALLAX] [info]   Present queue family: 0
[22:30:35.597] [PARALLAX] [info] Vulkan logical device created
[22:30:35.600] [PARALLAX] [trace] Surface format: B8G8R8A8_SRGB + SRGB_NONLINEAR (preferred)
[22:30:35.601] [PARALLAX] [trace] Present mode: MAILBOX (triple buffering)
[22:30:35.624] [PARALLAX] [info] Swapchain created: 1280x720, 3 images, format 50, MAILBOX (triple buffer)
[22:30:35.624] [PARALLAX] [info] Shader directory: C:/Parallax-dev/Parallax/build/shaders
[22:30:35.625] [PARALLAX] [info] Render pass created
[22:30:35.627] [PARALLAX] [trace] Shader module loaded: test_star.vert.spv
[22:30:35.627] [PARALLAX] [trace] Shader module loaded: test_star.frag.spv
[22:30:35.629] [PARALLAX] [info] Graphics pipeline created (POINT_LIST, dynamic viewport/scissor)
[22:30:35.629] [PARALLAX] [info] Framebuffers created: 3 (1280x720)
[22:30:35.630] [PARALLAX] [trace] Starfield storage buffer created: 3200000 bytes (200000 stars)
[22:30:35.633] [PARALLAX] [trace] Shader module loaded: starfield.vert.spv
[22:30:35.634] [PARALLAX] [trace] Shader module loaded: starfield.frag.spv
[22:30:35.656] [PARALLAX] [info] Starfield pipeline created (POINT_LIST, additive blend, storage buffer)
[22:30:35.656] [PARALLAX] [info] Starfield renderer initialized (buffer capacity: 200000 stars)
[22:30:35.657] [PARALLAX] [error] CatalogLoader: Failed to open file: data/catalogs/bright_stars.csv
[22:30:35.658] [PARALLAX] [warning] Failed to load star catalog from data/catalogs/bright_stars.csv. Rendering will show no stars.
[22:30:35.659] [PARALLAX] [info] Simulation start: JD 2461100.396246 (2026-02-28 21:30:35.7 UTC)
[22:30:35.660] [PARALLAX] [info] Observer: La Palma (28.76N, 17.89W)
[22:30:35.661] [PARALLAX] [info] Command pool created
[22:30:35.662] [PARALLAX] [info] Command buffers allocated: 2
[22:30:35.663] [PARALLAX] [info] Sync objects created: 2 frames in flight, 3 image semaphores
[22:30:35.663] [PARALLAX] [info] Application initialized — all subsystems ready
[22:30:35.665] [PARALLAX] [info] Entering main loop...
[22:30:42.228] [PARALLAX] [info] Main loop exited
[22:30:42.229] [PARALLAX] [trace] Sync objects destroyed
[22:30:42.230] [PARALLAX] [trace] Command pool destroyed
[22:30:42.231] [PARALLAX] [trace] Starfield renderer destroyed
[22:30:42.232] [PARALLAX] [trace] Graphics pipeline destroyed
[22:30:42.233] [PARALLAX] [trace] Render pass destroyed
[22:30:42.235] [PARALLAX] [trace] Swapchain destroyed
[22:30:42.258] [PARALLAX] [trace] Vulkan logical device destroyed
[22:30:42.258] [PARALLAX] [trace] Vulkan debug messenger destroyed
[22:30:42.259] [PARALLAX] [trace] Vulkan surface destroyed
[22:30:42.260] [PARALLAX] [trace] [Vulkan] Unloading layer library C:\Windows\System32\DriverStore\FileRepository\nv_dispi.inf_amd64_adc55ecfca814224\nvoglv64.dll
[22:30:42.260] [PARALLAX] [trace] [Vulkan] Unloading layer library C:\Windows\System32\DriverStore\FileRepository\nv_dispi.inf_amd64_adc55ecfca814224\nvoglv64.dll
[22:30:42.262] [PARALLAX] [trace] [Vulkan] Unloading layer library C:\ProgramData\obs-studio-hook\graphics-hook64.dll
[22:30:42.264] [PARALLAX] [trace] [Vulkan] Unloading layer library C:\VulkanSDK\1.4.341.1\Bin\VkLayer_khronos_validation.dll
[22:30:42.265] [PARALLAX] [trace] Vulkan instance destroyed
[22:30:42.275] [PARALLAX] [info] Window destroyed
[22:30:42.279] [PARALLAX] [info] Parallax shutdown complete.
[22:31:52.337] [PARALLAX] [info] Parallax v0.1.0 starting...
[22:31:52.475] [PARALLAX] [info] Window created: "Parallax" (1280x720) [Vulkan | resizable]
[22:31:52.476] [PARALLAX] [trace] SDL2 requires 2 Vulkan instance extension(s):
[22:31:52.477] [PARALLAX] [trace]   - VK_KHR_surface
[22:31:52.478] [PARALLAX] [trace]   - VK_KHR_win32_surface
[22:31:52.490] [PARALLAX] [info] Requesting 3 instance extension(s):
[22:31:52.490] [PARALLAX] [info]   - VK_KHR_surface
[22:31:52.491] [PARALLAX] [info]   - VK_KHR_win32_surface
[22:31:52.493] [PARALLAX] [info]   - VK_EXT_debug_utils
[22:31:52.494] [PARALLAX] [info] Validation layers enabled: VK_LAYER_KHRONOS_validation
[22:31:52.496] [PARALLAX] [trace] [Vulkan] windows_get_device_registry_files: GUID for 3 is not SoftwareComponent skipping
[22:31:52.500] [PARALLAX] [trace] [Vulkan] Searching for ICD drivers named .\nvoglv64.dll
[22:31:52.504] [PARALLAX] [trace] [Vulkan] Loading layer library C:\VulkanSDK\1.4.341.1\Bin\.\VkLayer_khronos_validation.dll
[22:31:52.506] [PARALLAX] [trace] [Vulkan] Loading layer library C:\ProgramData\obs-studio-hook\.\graphics-hook64.dll
[22:31:52.506] [PARALLAX] [trace] [Vulkan] Loading layer library C:\Windows\System32\DriverStore\FileRepository\nv_dispi.inf_amd64_adc55ecfca814224\.\nvoglv64.dll
[22:31:52.507] [PARALLAX] [trace] [Vulkan] Loading layer library C:\Windows\System32\DriverStore\FileRepository\nv_dispi.inf_amd64_adc55ecfca814224\.\nvoglv64.dll
[22:31:52.588] [PARALLAX] [info] Vulkan instance created (API 1.3)
[22:31:52.589] [PARALLAX] [info] Vulkan debug messenger created
[22:31:52.590] [PARALLAX] [info] Vulkan surface created
[22:31:52.592] [PARALLAX] [info] Found 1 Vulkan-capable GPU(s):
[22:31:52.592] [PARALLAX] [info]   - NVIDIA GeForce GTX 1660 (type: discrete)
[22:31:52.599] [PARALLAX] [info] Selected GPU: NVIDIA GeForce GTX 1660
[22:31:52.599] [PARALLAX] [info]   Driver version: 79.344.0
[22:31:52.600] [PARALLAX] [info]   Vulkan API: 1.4.325
[22:31:52.601] [PARALLAX] [info]   VRAM: 6180 MB
[22:31:52.604] [PARALLAX] [info]   Graphics queue family: 0
[22:31:52.604] [PARALLAX] [info]   Present queue family: 0
[22:31:52.680] [PARALLAX] [info] Vulkan logical device created
[22:31:52.684] [PARALLAX] [trace] Surface format: B8G8R8A8_SRGB + SRGB_NONLINEAR (preferred)
[22:31:52.685] [PARALLAX] [trace] Present mode: MAILBOX (triple buffering)
[22:31:52.717] [PARALLAX] [info] Swapchain created: 1280x720, 3 images, format 50, MAILBOX (triple buffer)
[22:31:52.718] [PARALLAX] [info] Shader directory: C:/Parallax-dev/Parallax/build/shaders
[22:31:52.719] [PARALLAX] [info] Render pass created
[22:31:52.720] [PARALLAX] [trace] Shader module loaded: test_star.vert.spv
[22:31:52.721] [PARALLAX] [trace] Shader module loaded: test_star.frag.spv
[22:31:52.722] [PARALLAX] [info] Graphics pipeline created (POINT_LIST, dynamic viewport/scissor)
[22:31:52.723] [PARALLAX] [info] Framebuffers created: 3 (1280x720)
[22:31:52.724] [PARALLAX] [trace] Starfield storage buffer created: 3200000 bytes (200000 stars)
[22:31:52.726] [PARALLAX] [trace] Shader module loaded: starfield.vert.spv
[22:31:52.727] [PARALLAX] [trace] Shader module loaded: starfield.frag.spv
[22:31:52.729] [PARALLAX] [info] Starfield pipeline created (POINT_LIST, additive blend, storage buffer)
[22:31:52.730] [PARALLAX] [info] Starfield renderer initialized (buffer capacity: 200000 stars)
[22:31:52.731] [PARALLAX] [info] CatalogLoader: Loaded 21 stars from data/catalogs/bright_stars.csv
[22:31:52.732] [PARALLAX] [info] Star catalog loaded: 21 stars from data/catalogs/bright_stars.csv
[22:31:52.733] [PARALLAX] [info] Simulation start: JD 2461100.397138 (2026-02-28 21:31:52.7 UTC)
[22:31:52.733] [PARALLAX] [info] Observer: La Palma (28.76N, 17.89W)
[22:31:52.734] [PARALLAX] [info] Command pool created
[22:31:52.735] [PARALLAX] [info] Command buffers allocated: 2
[22:31:52.736] [PARALLAX] [info] Sync objects created: 2 frames in flight, 3 image semaphores
[22:31:52.736] [PARALLAX] [info] Application initialized — all subsystems ready
[22:31:52.737] [PARALLAX] [info] Entering main loop...
[22:32:16.109] [PARALLAX] [info] Main loop exited
[22:32:16.110] [PARALLAX] [trace] Sync objects destroyed
[22:32:16.111] [PARALLAX] [trace] Command pool destroyed
[22:32:16.113] [PARALLAX] [trace] Starfield renderer destroyed
[22:32:16.114] [PARALLAX] [trace] Graphics pipeline destroyed
[22:32:16.115] [PARALLAX] [trace] Render pass destroyed
[22:32:16.116] [PARALLAX] [trace] Swapchain destroyed
[22:32:16.137] [PARALLAX] [trace] Vulkan logical device destroyed
[22:32:16.137] [PARALLAX] [trace] Vulkan debug messenger destroyed
[22:32:16.138] [PARALLAX] [trace] Vulkan surface destroyed
[22:32:16.139] [PARALLAX] [trace] [Vulkan] Unloading layer library C:\Windows\System32\DriverStore\FileRepository\nv_dispi.inf_amd64_adc55ecfca814224\nvoglv64.dll
[22:32:16.140] [PARALLAX] [trace] [Vulkan] Unloading layer library C:\Windows\System32\DriverStore\FileRepository\nv_dispi.inf_amd64_adc55ecfca814224\nvoglv64.dll
[22:32:16.141] [PARALLAX] [trace] [Vulkan] Unloading layer library C:\ProgramData\obs-studio-hook\graphics-hook64.dll
[22:32:16.143] [PARALLAX] [trace] [Vulkan] Unloading layer library C:\VulkanSDK\1.4.341.1\Bin\VkLayer_khronos_validation.dll
[22:32:16.143] [PARALLAX] [trace] Vulkan instance destroyed
[22:32:16.156] [PARALLAX] [info] Window destroyed
[22:32:16.160] [PARALLAX] [info] Parallax shutdown complete.
[22:42:18.500] [PARALLAX] [info] Parallax v0.1.0 starting...
[22:42:18.641] [PARALLAX] [info] Window created: "Parallax" (1280x720) [Vulkan | resizable]
[22:42:18.641] [PARALLAX] [trace] SDL2 requires 2 Vulkan instance extension(s):
[22:42:18.642] [PARALLAX] [trace]   - VK_KHR_surface
[22:42:18.643] [PARALLAX] [trace]   - VK_KHR_win32_surface
[22:42:18.654] [PARALLAX] [info] Requesting 3 instance extension(s):
[22:42:18.654] [PARALLAX] [info]   - VK_KHR_surface
[22:42:18.655] [PARALLAX] [info]   - VK_KHR_win32_surface
[22:42:18.657] [PARALLAX] [info]   - VK_EXT_debug_utils
[22:42:18.658] [PARALLAX] [info] Validation layers enabled: VK_LAYER_KHRONOS_validation
[22:42:18.660] [PARALLAX] [trace] [Vulkan] windows_get_device_registry_files: GUID for 3 is not SoftwareComponent skipping
[22:42:18.665] [PARALLAX] [trace] [Vulkan] Searching for ICD drivers named .\nvoglv64.dll
[22:42:18.668] [PARALLAX] [trace] [Vulkan] Loading layer library C:\VulkanSDK\1.4.341.1\Bin\.\VkLayer_khronos_validation.dll
[22:42:18.670] [PARALLAX] [trace] [Vulkan] Loading layer library C:\ProgramData\obs-studio-hook\.\graphics-hook64.dll
[22:42:18.671] [PARALLAX] [trace] [Vulkan] Loading layer library C:\Windows\System32\DriverStore\FileRepository\nv_dispi.inf_amd64_adc55ecfca814224\.\nvoglv64.dll
[22:42:18.671] [PARALLAX] [trace] [Vulkan] Loading layer library C:\Windows\System32\DriverStore\FileRepository\nv_dispi.inf_amd64_adc55ecfca814224\.\nvoglv64.dll
[22:42:18.754] [PARALLAX] [info] Vulkan instance created (API 1.3)
[22:42:18.755] [PARALLAX] [info] Vulkan debug messenger created
[22:42:18.756] [PARALLAX] [info] Vulkan surface created
[22:42:18.758] [PARALLAX] [info] Found 1 Vulkan-capable GPU(s):
[22:42:18.758] [PARALLAX] [info]   - NVIDIA GeForce GTX 1660 (type: discrete)
[22:42:18.765] [PARALLAX] [info] Selected GPU: NVIDIA GeForce GTX 1660
[22:42:18.766] [PARALLAX] [info]   Driver version: 79.344.0
[22:42:18.768] [PARALLAX] [info]   Vulkan API: 1.4.325
[22:42:18.769] [PARALLAX] [info]   VRAM: 6180 MB
[22:42:18.773] [PARALLAX] [info]   Graphics queue family: 0
[22:42:18.778] [PARALLAX] [info]   Present queue family: 0
[22:42:18.832] [PARALLAX] [info] Vulkan logical device created
[22:42:18.836] [PARALLAX] [trace] Surface format: B8G8R8A8_SRGB + SRGB_NONLINEAR (preferred)
[22:42:18.836] [PARALLAX] [trace] Present mode: MAILBOX (triple buffering)
[22:42:18.859] [PARALLAX] [info] Swapchain created: 1280x720, 3 images, format 50, MAILBOX (triple buffer)
[22:42:18.860] [PARALLAX] [info] Shader directory: C:/Parallax-dev/Parallax/build/shaders
[22:42:18.861] [PARALLAX] [info] Render pass created
[22:42:18.862] [PARALLAX] [trace] Shader module loaded: test_star.vert.spv
[22:42:18.862] [PARALLAX] [trace] Shader module loaded: test_star.frag.spv
[22:42:18.864] [PARALLAX] [info] Graphics pipeline created (POINT_LIST, dynamic viewport/scissor)
[22:42:18.865] [PARALLAX] [info] Framebuffers created: 3 (1280x720)
[22:42:18.866] [PARALLAX] [trace] Starfield storage buffer created: 3200000 bytes (200000 stars)
[22:42:18.867] [PARALLAX] [trace] Shader module loaded: starfield.vert.spv
[22:42:18.868] [PARALLAX] [trace] Shader module loaded: starfield.frag.spv
[22:42:18.870] [PARALLAX] [info] Starfield pipeline created (POINT_LIST, additive blend, storage buffer)
[22:42:18.870] [PARALLAX] [info] Starfield renderer initialized (buffer capacity: 200000 stars)
[22:42:18.871] [PARALLAX] [info] CatalogLoader: Loaded 21 stars from data/catalogs/bright_stars.csv
[22:42:18.873] [PARALLAX] [info] Star catalog loaded: 21 stars from data/catalogs/bright_stars.csv
[22:42:18.874] [PARALLAX] [info] Simulation start: JD 2461100.404385 (2026-02-28 21:42:18.9 UTC)
[22:42:18.874] [PARALLAX] [info] Observer: La Palma (28.76N, 17.89W)
[22:42:18.875] [PARALLAX] [info] Command pool created
[22:42:18.876] [PARALLAX] [info] Command buffers allocated: 2
[22:42:18.876] [PARALLAX] [info] Sync objects created: 2 frames in flight, 3 image semaphores
[22:42:18.877] [PARALLAX] [info] Application initialized — all subsystems ready
[22:42:18.878] [PARALLAX] [info] Entering main loop...
[22:42:42.450] [PARALLAX] [info] Main loop exited
[22:42:42.452] [PARALLAX] [trace] Sync objects destroyed
[22:42:42.453] [PARALLAX] [trace] Command pool destroyed
[22:42:42.454] [PARALLAX] [trace] Starfield renderer destroyed
[22:42:42.454] [PARALLAX] [trace] Graphics pipeline destroyed
[22:42:42.455] [PARALLAX] [trace] Render pass destroyed
[22:42:42.457] [PARALLAX] [trace] Swapchain destroyed
[22:42:42.476] [PARALLAX] [trace] Vulkan logical device destroyed
[22:42:42.477] [PARALLAX] [trace] Vulkan debug messenger destroyed
[22:42:42.479] [PARALLAX] [trace] Vulkan surface destroyed
[22:42:42.481] [PARALLAX] [trace] [Vulkan] Unloading layer library C:\Windows\System32\DriverStore\FileRepository\nv_dispi.inf_amd64_adc55ecfca814224\nvoglv64.dll
[22:42:42.482] [PARALLAX] [trace] [Vulkan] Unloading layer library C:\Windows\System32\DriverStore\FileRepository\nv_dispi.inf_amd64_adc55ecfca814224\nvoglv64.dll
[22:42:42.483] [PARALLAX] [trace] [Vulkan] Unloading layer library C:\ProgramData\obs-studio-hook\graphics-hook64.dll
[22:42:42.486] [PARALLAX] [trace] [Vulkan] Unloading layer library C:\VulkanSDK\1.4.341.1\Bin\VkLayer_khronos_validation.dll
[22:42:42.486] [PARALLAX] [trace] Vulkan instance destroyed
[22:42:42.499] [PARALLAX] [info] Window destroyed
[22:42:42.503] [PARALLAX] [info] Parallax shutdown complete.
[22:53:55.183] [PARALLAX] [info] Parallax v0.1.0 starting...
[22:53:55.327] [PARALLAX] [info] Window created: "Parallax" (1280x720) [Vulkan | resizable]
[22:53:55.328] [PARALLAX] [trace] SDL2 requires 2 Vulkan instance extension(s):
[22:53:55.328] [PARALLAX] [trace]   - VK_KHR_surface
[22:53:55.330] [PARALLAX] [trace]   - VK_KHR_win32_surface
[22:53:55.342] [PARALLAX] [info] Requesting 3 instance extension(s):
[22:53:55.342] [PARALLAX] [info]   - VK_KHR_surface
[22:53:55.344] [PARALLAX] [info]   - VK_KHR_win32_surface
[22:53:55.346] [PARALLAX] [info]   - VK_EXT_debug_utils
[22:53:55.347] [PARALLAX] [info] Validation layers enabled: VK_LAYER_KHRONOS_validation
[22:53:55.349] [PARALLAX] [trace] [Vulkan] windows_get_device_registry_files: GUID for 3 is not SoftwareComponent skipping
[22:53:55.353] [PARALLAX] [trace] [Vulkan] Searching for ICD drivers named .\nvoglv64.dll
[22:53:55.358] [PARALLAX] [trace] [Vulkan] Loading layer library C:\VulkanSDK\1.4.341.1\Bin\.\VkLayer_khronos_validation.dll
[22:53:55.360] [PARALLAX] [trace] [Vulkan] Loading layer library C:\ProgramData\obs-studio-hook\.\graphics-hook64.dll
[22:53:55.360] [PARALLAX] [trace] [Vulkan] Loading layer library C:\Windows\System32\DriverStore\FileRepository\nv_dispi.inf_amd64_adc55ecfca814224\.\nvoglv64.dll
[22:53:55.362] [PARALLAX] [trace] [Vulkan] Loading layer library C:\Windows\System32\DriverStore\FileRepository\nv_dispi.inf_amd64_adc55ecfca814224\.\nvoglv64.dll
[22:53:55.444] [PARALLAX] [info] Vulkan instance created (API 1.3)
[22:53:55.445] [PARALLAX] [info] Vulkan debug messenger created
[22:53:55.446] [PARALLAX] [info] Vulkan surface created
[22:53:55.448] [PARALLAX] [info] Found 1 Vulkan-capable GPU(s):
[22:53:55.448] [PARALLAX] [info]   - NVIDIA GeForce GTX 1660 (type: discrete)
[22:53:55.455] [PARALLAX] [info] Selected GPU: NVIDIA GeForce GTX 1660
[22:53:55.455] [PARALLAX] [info]   Driver version: 79.344.0
[22:53:55.456] [PARALLAX] [info]   Vulkan API: 1.4.325
[22:53:55.456] [PARALLAX] [info]   VRAM: 6180 MB
[22:53:55.461] [PARALLAX] [info]   Graphics queue family: 0
[22:53:55.467] [PARALLAX] [info]   Present queue family: 0
[22:53:55.525] [PARALLAX] [info] Vulkan logical device created
[22:53:55.529] [PARALLAX] [trace] Surface format: B8G8R8A8_SRGB + SRGB_NONLINEAR (preferred)
[22:53:55.529] [PARALLAX] [trace] Present mode: MAILBOX (triple buffering)
[22:53:55.581] [PARALLAX] [info] Swapchain created: 1280x720, 3 images, format 50, MAILBOX (triple buffer)
[22:53:55.582] [PARALLAX] [info] Shader directory: C:/Parallax-dev/Parallax/build/shaders
[22:53:55.583] [PARALLAX] [info] Render pass created
[22:53:55.584] [PARALLAX] [trace] Shader module loaded: test_star.vert.spv
[22:53:55.585] [PARALLAX] [trace] Shader module loaded: test_star.frag.spv
[22:53:55.586] [PARALLAX] [info] Graphics pipeline created (POINT_LIST, dynamic viewport/scissor)
[22:53:55.587] [PARALLAX] [info] Framebuffers created: 3 (1280x720)
[22:53:55.588] [PARALLAX] [trace] Starfield storage buffer created: 3200000 bytes (200000 stars)
[22:53:55.591] [PARALLAX] [trace] Shader module loaded: starfield.vert.spv
[22:53:55.591] [PARALLAX] [trace] Shader module loaded: starfield.frag.spv
[22:53:55.704] [PARALLAX] [info] Starfield pipeline created (POINT_LIST, additive blend, storage buffer)
[22:53:55.705] [PARALLAX] [info] Starfield renderer initialized (buffer capacity: 200000 stars)
[22:53:55.707] [PARALLAX] [info] CatalogLoader: Loaded 21 stars from data/catalogs/bright_stars.csv
[22:53:55.708] [PARALLAX] [info] Star catalog loaded: 21 stars from data/catalogs/bright_stars.csv
[22:53:55.709] [PARALLAX] [info] Simulation start: JD 2461100.412450 (2026-02-28 21:53:55.7 UTC)
[22:53:55.710] [PARALLAX] [info] Observer: La Palma (28.76N, 17.89W)
[22:53:55.711] [PARALLAX] [info] Command pool created
[22:53:55.712] [PARALLAX] [info] Command buffers allocated: 2
[22:53:55.712] [PARALLAX] [info] Sync objects created: 2 frames in flight, 3 image semaphores
[22:53:55.713] [PARALLAX] [info] Application initialized — all subsystems ready
[22:53:55.713] [PARALLAX] [info] Entering main loop...
[22:54:21.868] [PARALLAX] [info] Main loop exited
[22:54:21.869] [PARALLAX] [trace] Sync objects destroyed
[22:54:21.870] [PARALLAX] [trace] Command pool destroyed
[22:54:21.872] [PARALLAX] [trace] Starfield renderer destroyed
[22:54:21.873] [PARALLAX] [trace] Graphics pipeline destroyed
[22:54:21.875] [PARALLAX] [trace] Render pass destroyed
[22:54:21.876] [PARALLAX] [trace] Swapchain destroyed
[22:54:21.898] [PARALLAX] [trace] Vulkan logical device destroyed
[22:54:21.899] [PARALLAX] [trace] Vulkan debug messenger destroyed
[22:54:21.899] [PARALLAX] [trace] Vulkan surface destroyed
[22:54:21.901] [PARALLAX] [trace] [Vulkan] Unloading layer library C:\Windows\System32\DriverStore\FileRepository\nv_dispi.inf_amd64_adc55ecfca814224\nvoglv64.dll
[22:54:21.901] [PARALLAX] [trace] [Vulkan] Unloading layer library C:\Windows\System32\DriverStore\FileRepository\nv_dispi.inf_amd64_adc55ecfca814224\nvoglv64.dll
[22:54:21.902] [PARALLAX] [trace] [Vulkan] Unloading layer library C:\ProgramData\obs-studio-hook\graphics-hook64.dll
[22:54:21.905] [PARALLAX] [trace] [Vulkan] Unloading layer library C:\VulkanSDK\1.4.341.1\Bin\VkLayer_khronos_validation.dll
[22:54:21.905] [PARALLAX] [trace] Vulkan instance destroyed
[22:54:21.915] [PARALLAX] [info] Window destroyed
[22:54:21.919] [PARALLAX] [info] Parallax shutdown complete.
[22:57:19.386] [PARALLAX] [info] Parallax v0.1.0 starting...
[22:57:19.528] [PARALLAX] [info] Window created: "Parallax" (1280x720) [Vulkan | resizable]
[22:57:19.528] [PARALLAX] [trace] SDL2 requires 2 Vulkan instance extension(s):
[22:57:19.531] [PARALLAX] [trace]   - VK_KHR_surface
[22:57:19.532] [PARALLAX] [trace]   - VK_KHR_win32_surface
[22:57:19.544] [PARALLAX] [info] Requesting 3 instance extension(s):
[22:57:19.545] [PARALLAX] [info]   - VK_KHR_surface
[22:57:19.546] [PARALLAX] [info]   - VK_KHR_win32_surface
[22:57:19.547] [PARALLAX] [info]   - VK_EXT_debug_utils
[22:57:19.549] [PARALLAX] [info] Validation layers enabled: VK_LAYER_KHRONOS_validation
[22:57:19.551] [PARALLAX] [trace] [Vulkan] windows_get_device_registry_files: GUID for 3 is not SoftwareComponent skipping
[22:57:19.554] [PARALLAX] [trace] [Vulkan] Searching for ICD drivers named .\nvoglv64.dll
[22:57:19.557] [PARALLAX] [trace] [Vulkan] Loading layer library C:\VulkanSDK\1.4.341.1\Bin\.\VkLayer_khronos_validation.dll
[22:57:19.559] [PARALLAX] [trace] [Vulkan] Loading layer library C:\ProgramData\obs-studio-hook\.\graphics-hook64.dll
[22:57:19.559] [PARALLAX] [trace] [Vulkan] Loading layer library C:\Windows\System32\DriverStore\FileRepository\nv_dispi.inf_amd64_adc55ecfca814224\.\nvoglv64.dll
[22:57:19.560] [PARALLAX] [trace] [Vulkan] Loading layer library C:\Windows\System32\DriverStore\FileRepository\nv_dispi.inf_amd64_adc55ecfca814224\.\nvoglv64.dll
[22:57:19.649] [PARALLAX] [info] Vulkan instance created (API 1.3)
[22:57:19.650] [PARALLAX] [info] Vulkan debug messenger created
[22:57:19.651] [PARALLAX] [info] Vulkan surface created
[22:57:19.654] [PARALLAX] [info] Found 1 Vulkan-capable GPU(s):
[22:57:19.654] [PARALLAX] [info]   - NVIDIA GeForce GTX 1660 (type: discrete)
[22:57:19.667] [PARALLAX] [info] Selected GPU: NVIDIA GeForce GTX 1660
[22:57:19.667] [PARALLAX] [info]   Driver version: 79.344.0
[22:57:19.668] [PARALLAX] [info]   Vulkan API: 1.4.325
[22:57:19.670] [PARALLAX] [info]   VRAM: 6180 MB
[22:57:19.670] [PARALLAX] [info]   Graphics queue family: 0
[22:57:19.672] [PARALLAX] [info]   Present queue family: 0
[22:57:19.737] [PARALLAX] [info] Vulkan logical device created
[22:57:19.742] [PARALLAX] [trace] Surface format: B8G8R8A8_SRGB + SRGB_NONLINEAR (preferred)
[22:57:19.742] [PARALLAX] [trace] Present mode: MAILBOX (triple buffering)
[22:57:19.767] [PARALLAX] [info] Swapchain created: 1280x720, 3 images, format 50, MAILBOX (triple buffer)
[22:57:19.767] [PARALLAX] [info] Shader directory: C:/Parallax-dev/Parallax/build/shaders
[22:57:19.768] [PARALLAX] [info] Render pass created
[22:57:19.770] [PARALLAX] [trace] Shader module loaded: test_star.vert.spv
[22:57:19.770] [PARALLAX] [trace] Shader module loaded: test_star.frag.spv
[22:57:19.772] [PARALLAX] [info] Graphics pipeline created (POINT_LIST, dynamic viewport/scissor)
[22:57:19.773] [PARALLAX] [info] Framebuffers created: 3 (1280x720)
[22:57:19.774] [PARALLAX] [trace] Starfield storage buffer created: 3200000 bytes (200000 stars)
[22:57:19.776] [PARALLAX] [trace] Shader module loaded: starfield.vert.spv
[22:57:19.776] [PARALLAX] [trace] Shader module loaded: starfield.frag.spv
[22:57:19.778] [PARALLAX] [info] Starfield pipeline created (POINT_LIST, additive blend, storage buffer)
[22:57:19.779] [PARALLAX] [info] Starfield renderer initialized (buffer capacity: 200000 stars)
[22:57:19.780] [PARALLAX] [info] CatalogLoader: Loaded 21 stars from data/catalogs/bright_stars.csv
[22:57:19.781] [PARALLAX] [info] Star catalog loaded: 21 stars from data/catalogs/bright_stars.csv
[22:57:19.781] [PARALLAX] [info] Simulation start: JD 2461100.414812 (2026-02-28 21:57:19.8 UTC)
[22:57:19.782] [PARALLAX] [info] Observer: La Palma (28.76N, 17.89W)
[22:57:19.782] [PARALLAX] [info] Command pool created
[22:57:19.783] [PARALLAX] [info] Command buffers allocated: 2
[22:57:19.784] [PARALLAX] [info] Sync objects created: 2 frames in flight, 3 image semaphores
[22:57:19.784] [PARALLAX] [info] Application initialized — all subsystems ready
[22:57:19.785] [PARALLAX] [info] Entering main loop...
[22:59:41.439] [PARALLAX] [info] Time paused
[22:59:42.519] [PARALLAX] [info] Time resumed
[10:39:21.604] [PARALLAX] [info] Main loop exited
[10:39:21.606] [PARALLAX] [trace] Sync objects destroyed
[10:39:21.618] [PARALLAX] [trace] Command pool destroyed
[10:39:21.620] [PARALLAX] [trace] Starfield renderer destroyed
[10:39:21.621] [PARALLAX] [trace] Graphics pipeline destroyed
[10:39:21.624] [PARALLAX] [trace] Render pass destroyed
[10:39:21.626] [PARALLAX] [trace] Swapchain destroyed
[10:39:21.646] [PARALLAX] [trace] Vulkan logical device destroyed
[10:39:21.646] [PARALLAX] [trace] Vulkan debug messenger destroyed
[10:39:21.647] [PARALLAX] [trace] Vulkan surface destroyed
[10:39:21.648] [PARALLAX] [trace] [Vulkan] Unloading layer library C:\Windows\System32\DriverStore\FileRepository\nv_dispi.inf_amd64_adc55ecfca814224\nvoglv64.dll
[10:39:21.649] [PARALLAX] [trace] [Vulkan] Unloading layer library C:\Windows\System32\DriverStore\FileRepository\nv_dispi.inf_amd64_adc55ecfca814224\nvoglv64.dll
[10:39:21.649] [PARALLAX] [trace] [Vulkan] Unloading layer library C:\ProgramData\obs-studio-hook\graphics-hook64.dll
[10:39:21.652] [PARALLAX] [trace] [Vulkan] Unloading layer library C:\VulkanSDK\1.4.341.1\Bin\VkLayer_khronos_validation.dll
[10:39:21.654] [PARALLAX] [trace] Vulkan instance destroyed
[10:39:21.682] [PARALLAX] [info] Window destroyed
[10:39:21.690] [PARALLAX] [info] Parallax shutdown complete.
[11:34:20.491] [PARALLAX] [info] Parallax v0.1.0 starting...
[11:34:20.944] [PARALLAX] [info] Window created: "Parallax" (1280x720) [Vulkan | resizable]
[11:34:20.945] [PARALLAX] [trace] SDL2 requires 2 Vulkan instance extension(s):
[11:34:20.947] [PARALLAX] [trace]   - VK_KHR_surface
[11:34:20.948] [PARALLAX] [trace]   - VK_KHR_win32_surface
[11:34:20.960] [PARALLAX] [info] Requesting 3 instance extension(s):
[11:34:20.961] [PARALLAX] [info]   - VK_KHR_surface
[11:34:20.962] [PARALLAX] [info]   - VK_KHR_win32_surface
[11:34:20.963] [PARALLAX] [info]   - VK_EXT_debug_utils
[11:34:20.964] [PARALLAX] [info] Validation layers enabled: VK_LAYER_KHRONOS_validation
[11:34:20.967] [PARALLAX] [trace] [Vulkan] windows_get_device_registry_files: GUID for 3 is not SoftwareComponent skipping
[11:34:20.972] [PARALLAX] [trace] [Vulkan] Searching for ICD drivers named .\nvoglv64.dll
[11:34:21.135] [PARALLAX] [trace] [Vulkan] Loading layer library C:\VulkanSDK\1.4.341.1\Bin\.\VkLayer_khronos_validation.dll
[11:34:21.178] [PARALLAX] [trace] [Vulkan] Loading layer library C:\ProgramData\obs-studio-hook\.\graphics-hook64.dll
[11:34:21.178] [PARALLAX] [trace] [Vulkan] Loading layer library C:\Windows\System32\DriverStore\FileRepository\nv_dispi.inf_amd64_adc55ecfca814224\.\nvoglv64.dll
[11:34:21.180] [PARALLAX] [trace] [Vulkan] Loading layer library C:\Windows\System32\DriverStore\FileRepository\nv_dispi.inf_amd64_adc55ecfca814224\.\nvoglv64.dll
[11:34:21.269] [PARALLAX] [info] Vulkan instance created (API 1.3)
[11:34:21.270] [PARALLAX] [info] Vulkan debug messenger created
[11:34:21.272] [PARALLAX] [info] Vulkan surface created
[11:34:21.274] [PARALLAX] [info] Found 1 Vulkan-capable GPU(s):
[11:34:21.274] [PARALLAX] [info]   - NVIDIA GeForce GTX 1660 (type: discrete)
[11:34:21.390] [PARALLAX] [info] Selected GPU: NVIDIA GeForce GTX 1660
[11:34:21.391] [PARALLAX] [info]   Driver version: 79.344.0
[11:34:21.393] [PARALLAX] [info]   Vulkan API: 1.4.325
[11:34:21.394] [PARALLAX] [info]   VRAM: 6180 MB
[11:34:21.395] [PARALLAX] [info]   Graphics queue family: 0
[11:34:21.396] [PARALLAX] [info]   Present queue family: 0
[11:34:21.457] [PARALLAX] [info] Vulkan logical device created
[11:34:21.461] [PARALLAX] [trace] Surface format: B8G8R8A8_SRGB + SRGB_NONLINEAR (preferred)
[11:34:21.462] [PARALLAX] [trace] Present mode: MAILBOX (triple buffering)
[11:34:21.486] [PARALLAX] [info] Swapchain created: 1280x720, 3 images, format 50, MAILBOX (triple buffer)
[11:34:21.487] [PARALLAX] [info] Shader directory: C:/Parallax-dev/Parallax/build/shaders
[11:34:21.488] [PARALLAX] [info] Render pass created
[11:34:21.490] [PARALLAX] [trace] Shader module loaded: test_star.vert.spv
[11:34:21.491] [PARALLAX] [trace] Shader module loaded: test_star.frag.spv
[11:34:21.492] [PARALLAX] [info] Graphics pipeline created (POINT_LIST, dynamic viewport/scissor)
[11:34:21.493] [PARALLAX] [info] Framebuffers created: 3 (1280x720)
[11:34:21.494] [PARALLAX] [trace] Starfield storage buffer created: 3200000 bytes (200000 stars)
[11:34:21.588] [PARALLAX] [trace] Shader module loaded: starfield.vert.spv
[11:34:21.589] [PARALLAX] [trace] Shader module loaded: starfield.frag.spv
[11:34:21.593] [PARALLAX] [info] Starfield pipeline created (POINT_LIST, additive blend, storage buffer)
[11:34:21.594] [PARALLAX] [info] Starfield renderer initialized (buffer capacity: 200000 stars)
[11:34:21.616] [PARALLAX] [info] CatalogLoader: Loaded 21 stars from data/catalogs/bright_stars.csv
[11:34:21.617] [PARALLAX] [info] Star catalog loaded: 21 stars from data/catalogs/bright_stars.csv
[11:34:21.619] [PARALLAX] [info] Simulation start: JD 2461100.940528 (2026-03-01 10:34:21.6 UTC)
[11:34:21.620] [PARALLAX] [info] Observer: La Palma (28.76N, 17.89W)
[11:34:21.622] [PARALLAX] [info] Command pool created
[11:34:21.623] [PARALLAX] [info] Command buffers allocated: 2
[11:34:21.624] [PARALLAX] [info] Sync objects created: 2 frames in flight, 3 image semaphores
[11:34:21.624] [PARALLAX] [info] Application initialized — all subsystems ready
[11:34:21.625] [PARALLAX] [info] Entering main loop...
[11:34:29.530] [PARALLAX] [info] Main loop exited
[11:34:29.531] [PARALLAX] [trace] Sync objects destroyed
[11:34:29.533] [PARALLAX] [trace] Command pool destroyed
[11:34:29.534] [PARALLAX] [trace] Starfield renderer destroyed
[11:34:29.562] [PARALLAX] [trace] Graphics pipeline destroyed
[11:34:29.563] [PARALLAX] [trace] Render pass destroyed
[11:34:29.565] [PARALLAX] [trace] Swapchain destroyed
[11:34:29.586] [PARALLAX] [trace] Vulkan logical device destroyed
[11:34:29.587] [PARALLAX] [trace] Vulkan debug messenger destroyed
[11:34:29.588] [PARALLAX] [trace] Vulkan surface destroyed
[11:34:29.589] [PARALLAX] [trace] [Vulkan] Unloading layer library C:\Windows\System32\DriverStore\FileRepository\nv_dispi.inf_amd64_adc55ecfca814224\nvoglv64.dll
[11:34:29.590] [PARALLAX] [trace] [Vulkan] Unloading layer library C:\Windows\System32\DriverStore\FileRepository\nv_dispi.inf_amd64_adc55ecfca814224\nvoglv64.dll
[11:34:29.590] [PARALLAX] [trace] [Vulkan] Unloading layer library C:\ProgramData\obs-studio-hook\graphics-hook64.dll
[11:34:29.593] [PARALLAX] [trace] [Vulkan] Unloading layer library C:\VulkanSDK\1.4.341.1\Bin\VkLayer_khronos_validation.dll
[11:34:29.593] [PARALLAX] [trace] Vulkan instance destroyed
[11:34:29.608] [PARALLAX] [info] Window destroyed
[11:34:29.618] [PARALLAX] [info] Parallax shutdown complete.
[11:36:18.940] [PARALLAX] [info] Parallax v0.1.0 starting...
[11:36:19.088] [PARALLAX] [info] Window created: "Parallax" (1280x720) [Vulkan | resizable]
[11:36:19.088] [PARALLAX] [trace] SDL2 requires 2 Vulkan instance extension(s):
[11:36:19.089] [PARALLAX] [trace]   - VK_KHR_surface
[11:36:19.090] [PARALLAX] [trace]   - VK_KHR_win32_surface
[11:36:19.101] [PARALLAX] [info] Requesting 3 instance extension(s):
[11:36:19.101] [PARALLAX] [info]   - VK_KHR_surface
[11:36:19.104] [PARALLAX] [info]   - VK_KHR_win32_surface
[11:36:19.105] [PARALLAX] [info]   - VK_EXT_debug_utils
[11:36:19.105] [PARALLAX] [info] Validation layers enabled: VK_LAYER_KHRONOS_validation
[11:36:19.107] [PARALLAX] [trace] [Vulkan] windows_get_device_registry_files: GUID for 3 is not SoftwareComponent skipping
[11:36:19.111] [PARALLAX] [trace] [Vulkan] Searching for ICD drivers named .\nvoglv64.dll
[11:36:19.115] [PARALLAX] [trace] [Vulkan] Loading layer library C:\VulkanSDK\1.4.341.1\Bin\.\VkLayer_khronos_validation.dll
[11:36:19.117] [PARALLAX] [trace] [Vulkan] Loading layer library C:\ProgramData\obs-studio-hook\.\graphics-hook64.dll
[11:36:19.117] [PARALLAX] [trace] [Vulkan] Loading layer library C:\Windows\System32\DriverStore\FileRepository\nv_dispi.inf_amd64_adc55ecfca814224\.\nvoglv64.dll
[11:36:19.118] [PARALLAX] [trace] [Vulkan] Loading layer library C:\Windows\System32\DriverStore\FileRepository\nv_dispi.inf_amd64_adc55ecfca814224\.\nvoglv64.dll
[11:36:19.199] [PARALLAX] [info] Vulkan instance created (API 1.3)
[11:36:19.199] [PARALLAX] [info] Vulkan debug messenger created
[11:36:19.200] [PARALLAX] [info] Vulkan surface created
[11:36:19.202] [PARALLAX] [info] Found 1 Vulkan-capable GPU(s):
[11:36:19.202] [PARALLAX] [info]   - NVIDIA GeForce GTX 1660 (type: discrete)
[11:36:19.208] [PARALLAX] [info] Selected GPU: NVIDIA GeForce GTX 1660
[11:36:19.208] [PARALLAX] [info]   Driver version: 79.344.0
[11:36:19.209] [PARALLAX] [info]   Vulkan API: 1.4.325
[11:36:19.210] [PARALLAX] [info]   VRAM: 6180 MB
[11:36:19.211] [PARALLAX] [info]   Graphics queue family: 0
[11:36:19.212] [PARALLAX] [info]   Present queue family: 0
[11:36:19.263] [PARALLAX] [info] Vulkan logical device created
[11:36:19.267] [PARALLAX] [trace] Surface format: B8G8R8A8_SRGB + SRGB_NONLINEAR (preferred)
[11:36:19.267] [PARALLAX] [trace] Present mode: MAILBOX (triple buffering)
[11:36:19.291] [PARALLAX] [info] Swapchain created: 1280x720, 3 images, format 50, MAILBOX (triple buffer)
[11:36:19.291] [PARALLAX] [info] Shader directory: C:/Parallax-dev/Parallax/build/shaders
[11:36:19.292] [PARALLAX] [info] Render pass created
[11:36:19.293] [PARALLAX] [trace] Shader module loaded: test_star.vert.spv
[11:36:19.294] [PARALLAX] [trace] Shader module loaded: test_star.frag.spv
[11:36:19.298] [PARALLAX] [info] Graphics pipeline created (POINT_LIST, dynamic viewport/scissor)
[11:36:19.298] [PARALLAX] [info] Framebuffers created: 3 (1280x720)
[11:36:19.299] [PARALLAX] [trace] Sky background UBO created: 32 bytes
[11:36:19.429] [PARALLAX] [trace] Shader module loaded: sky_background.vert.spv
[11:36:19.471] [PARALLAX] [trace] Shader module loaded: sky_background.frag.spv
[11:36:25.152] [PARALLAX] [info] Sky background pipeline created (fullscreen triangle, UBO)
[11:36:25.153] [PARALLAX] [info] Sky background renderer initialized
[11:36:25.155] [PARALLAX] [trace] Starfield storage buffer created: 3200000 bytes (200000 stars)
[11:36:25.156] [PARALLAX] [trace] Shader module loaded: starfield.vert.spv
[11:36:25.157] [PARALLAX] [trace] Shader module loaded: starfield.frag.spv
[11:36:25.159] [PARALLAX] [info] Starfield pipeline created (POINT_LIST, additive blend, storage buffer)
[11:36:25.159] [PARALLAX] [info] Starfield renderer initialized (buffer capacity: 200000 stars)
[11:36:25.161] [PARALLAX] [info] CatalogLoader: Loaded 21 stars from data/catalogs/bright_stars.csv
[11:36:25.161] [PARALLAX] [info] Star catalog loaded: 21 stars from data/catalogs/bright_stars.csv
[11:36:25.164] [PARALLAX] [info] Simulation start: JD 2461100.941958 (2026-03-01 10:36:25.2 UTC)
[11:36:25.167] [PARALLAX] [info] Observer: La Palma (28.76N, 17.89W)
[11:36:25.168] [PARALLAX] [info] Command pool created
[11:36:25.170] [PARALLAX] [info] Command buffers allocated: 2
[11:36:25.171] [PARALLAX] [info] Sync objects created: 2 frames in flight, 3 image semaphores
[11:36:25.172] [PARALLAX] [info] Application initialized — all subsystems ready
[11:36:25.173] [PARALLAX] [info] Entering main loop...
[11:38:40.272] [PARALLAX] [trace] Window resized: 1920x1057
[11:38:40.300] [PARALLAX] [trace] Swapchain destroyed
[11:38:40.305] [PARALLAX] [trace] Surface format: B8G8R8A8_SRGB + SRGB_NONLINEAR (preferred)
[11:38:40.305] [PARALLAX] [trace] Present mode: MAILBOX (triple buffering)
[11:38:40.312] [PARALLAX] [info] Swapchain created: 1920x1057, 3 images, format 50, MAILBOX (triple buffer)
[11:38:40.314] [PARALLAX] [info] Framebuffers created: 3 (1920x1057)
[11:38:40.316] [PARALLAX] [info] Swapchain + framebuffers recreated: 1920x1057 (3 images)
[11:38:43.958] [PARALLAX] [info] Main loop exited
[11:38:43.959] [PARALLAX] [trace] Sync objects destroyed
[11:38:43.960] [PARALLAX] [trace] Command pool destroyed
[11:38:43.961] [PARALLAX] [trace] Starfield renderer destroyed
[11:38:43.962] [PARALLAX] [trace] Sky background renderer destroyed
[11:38:43.962] [PARALLAX] [trace] Graphics pipeline destroyed
[11:38:43.963] [PARALLAX] [trace] Render pass destroyed
[11:38:43.965] [PARALLAX] [trace] Swapchain destroyed
[11:38:43.984] [PARALLAX] [trace] Vulkan logical device destroyed
[11:38:43.985] [PARALLAX] [trace] Vulkan debug messenger destroyed
[11:38:43.985] [PARALLAX] [trace] Vulkan surface destroyed
[11:38:43.986] [PARALLAX] [trace] [Vulkan] Unloading layer library C:\Windows\System32\DriverStore\FileRepository\nv_dispi.inf_amd64_adc55ecfca814224\nvoglv64.dll
[11:38:43.986] [PARALLAX] [trace] [Vulkan] Unloading layer library C:\Windows\System32\DriverStore\FileRepository\nv_dispi.inf_amd64_adc55ecfca814224\nvoglv64.dll
[11:38:43.987] [PARALLAX] [trace] [Vulkan] Unloading layer library C:\ProgramData\obs-studio-hook\graphics-hook64.dll
[11:38:43.989] [PARALLAX] [trace] [Vulkan] Unloading layer library C:\VulkanSDK\1.4.341.1\Bin\VkLayer_khronos_validation.dll
[11:38:43.989] [PARALLAX] [trace] Vulkan instance destroyed
[11:38:44.010] [PARALLAX] [info] Window destroyed
[11:38:44.025] [PARALLAX] [info] Parallax shutdown complete.
[17:46:39.488] [PARALLAX] [info] Parallax v0.1.0 starting...
[17:46:39.648] [PARALLAX] [info] Window created: "Parallax" (1280x720) [Vulkan | resizable]
[17:46:39.650] [PARALLAX] [trace] SDL2 requires 2 Vulkan instance extension(s):
[17:46:39.650] [PARALLAX] [trace]   - VK_KHR_surface
[17:46:39.652] [PARALLAX] [trace]   - VK_KHR_win32_surface
[17:46:39.664] [PARALLAX] [info] Requesting 3 instance extension(s):
[17:46:39.664] [PARALLAX] [info]   - VK_KHR_surface
[17:46:39.666] [PARALLAX] [info]   - VK_KHR_win32_surface
[17:46:39.668] [PARALLAX] [info]   - VK_EXT_debug_utils
[17:46:39.668] [PARALLAX] [info] Validation layers enabled: VK_LAYER_KHRONOS_validation
[17:46:39.671] [PARALLAX] [trace] [Vulkan] windows_get_device_registry_files: GUID for 3 is not SoftwareComponent skipping
[17:46:39.674] [PARALLAX] [trace] [Vulkan] Searching for ICD drivers named .\nvoglv64.dll
[17:46:39.677] [PARALLAX] [trace] [Vulkan] Loading layer library C:\VulkanSDK\1.4.341.1\Bin\.\VkLayer_khronos_validation.dll
[17:46:39.686] [PARALLAX] [trace] [Vulkan] Loading layer library C:\ProgramData\obs-studio-hook\.\graphics-hook64.dll
[17:46:39.686] [PARALLAX] [trace] [Vulkan] Loading layer library C:\Windows\System32\DriverStore\FileRepository\nv_dispi.inf_amd64_adc55ecfca814224\.\nvoglv64.dll
[17:46:39.687] [PARALLAX] [trace] [Vulkan] Loading layer library C:\Windows\System32\DriverStore\FileRepository\nv_dispi.inf_amd64_adc55ecfca814224\.\nvoglv64.dll
[17:46:39.776] [PARALLAX] [info] Vulkan instance created (API 1.3)
[17:46:39.777] [PARALLAX] [info] Vulkan debug messenger created
[17:46:39.779] [PARALLAX] [info] Vulkan surface created
[17:46:39.781] [PARALLAX] [info] Found 1 Vulkan-capable GPU(s):
[17:46:39.782] [PARALLAX] [info]   - NVIDIA GeForce GTX 1660 (type: discrete)
[17:46:39.806] [PARALLAX] [info] Selected GPU: NVIDIA GeForce GTX 1660
[17:46:39.807] [PARALLAX] [info]   Driver version: 79.344.0
[17:46:39.808] [PARALLAX] [info]   Vulkan API: 1.4.325
[17:46:39.809] [PARALLAX] [info]   VRAM: 6180 MB
[17:46:39.810] [PARALLAX] [info]   Graphics queue family: 0
[17:46:39.811] [PARALLAX] [info]   Present queue family: 0
[17:46:39.878] [PARALLAX] [info] Vulkan logical device created
[17:46:39.882] [PARALLAX] [trace] Surface format: B8G8R8A8_SRGB + SRGB_NONLINEAR (preferred)
[17:46:39.883] [PARALLAX] [trace] Present mode: MAILBOX (triple buffering)
[17:46:39.921] [PARALLAX] [info] Swapchain created: 1280x720, 3 images, format 50, MAILBOX (triple buffer)
[17:46:39.922] [PARALLAX] [info] Shader directory: C:/Parallax-dev/Parallax/build/shaders
[17:46:39.923] [PARALLAX] [info] Render pass created
[17:46:39.925] [PARALLAX] [trace] Shader module loaded: test_star.vert.spv
[17:46:39.925] [PARALLAX] [trace] Shader module loaded: test_star.frag.spv
[17:46:39.927] [PARALLAX] [info] Graphics pipeline created (POINT_LIST, dynamic viewport/scissor)
[17:46:39.928] [PARALLAX] [info] Framebuffers created: 3 (1280x720)
[17:46:39.929] [PARALLAX] [trace] Sky background UBO created: 32 bytes
[17:46:39.931] [PARALLAX] [trace] Shader module loaded: sky_background.vert.spv
[17:46:39.931] [PARALLAX] [trace] Shader module loaded: sky_background.frag.spv
[17:46:39.933] [PARALLAX] [info] Sky background pipeline created (fullscreen triangle, UBO)
[17:46:39.934] [PARALLAX] [info] Sky background renderer initialized
[17:46:39.937] [PARALLAX] [trace] Starfield storage buffer created: 3200000 bytes (200000 stars)
[17:46:39.938] [PARALLAX] [trace] Shader module loaded: starfield.vert.spv
[17:46:39.939] [PARALLAX] [trace] Shader module loaded: starfield.frag.spv
[17:46:39.941] [PARALLAX] [info] Starfield pipeline created (POINT_LIST, additive blend, storage buffer)
[17:46:39.941] [PARALLAX] [info] Starfield renderer initialized (buffer capacity: 200000 stars)
[17:46:39.942] [PARALLAX] [info] CatalogLoader: Loaded 21 stars from data/catalogs/bright_stars.csv
[17:46:39.943] [PARALLAX] [info] Star catalog loaded: 21 stars from data/catalogs/bright_stars.csv
[17:46:39.943] [PARALLAX] [info] Simulation start: JD 2461101.199073 (2026-03-01 16:46:39.9 UTC)
[17:46:39.944] [PARALLAX] [info] Observer: La Palma (28.76N, 17.89W)
[17:46:39.957] [PARALLAX] [info] Atmosphere initialized: k=0.2, Bortle 4
[17:46:39.958] [PARALLAX] [info] Command pool created
[17:46:39.959] [PARALLAX] [info] Command buffers allocated: 2
[17:46:39.960] [PARALLAX] [info] Sync objects created: 2 frames in flight, 3 image semaphores
[17:46:39.961] [PARALLAX] [info] Application initialized — all subsystems ready
[17:46:39.962] [PARALLAX] [info] Entering main loop...
[17:46:50.434] [PARALLAX] [info] Main loop exited
[17:46:50.435] [PARALLAX] [trace] Sync objects destroyed
[17:46:50.436] [PARALLAX] [trace] Command pool destroyed
[17:46:50.438] [PARALLAX] [trace] Starfield renderer destroyed
[17:46:50.438] [PARALLAX] [trace] Sky background renderer destroyed
[17:46:50.440] [PARALLAX] [trace] Graphics pipeline destroyed
[17:46:50.440] [PARALLAX] [trace] Render pass destroyed
[17:46:50.442] [PARALLAX] [trace] Swapchain destroyed
[17:46:50.462] [PARALLAX] [trace] Vulkan logical device destroyed
[17:46:50.463] [PARALLAX] [trace] Vulkan debug messenger destroyed
[17:46:50.463] [PARALLAX] [trace] Vulkan surface destroyed
[17:46:50.464] [PARALLAX] [trace] [Vulkan] Unloading layer library C:\Windows\System32\DriverStore\FileRepository\nv_dispi.inf_amd64_adc55ecfca814224\nvoglv64.dll
[17:46:50.465] [PARALLAX] [trace] [Vulkan] Unloading layer library C:\Windows\System32\DriverStore\FileRepository\nv_dispi.inf_amd64_adc55ecfca814224\nvoglv64.dll
[17:46:50.465] [PARALLAX] [trace] [Vulkan] Unloading layer library C:\ProgramData\obs-studio-hook\graphics-hook64.dll
[17:46:50.467] [PARALLAX] [trace] [Vulkan] Unloading layer library C:\VulkanSDK\1.4.341.1\Bin\VkLayer_khronos_validation.dll
[17:46:50.468] [PARALLAX] [trace] Vulkan instance destroyed
[17:46:50.480] [PARALLAX] [info] Window destroyed
[17:46:50.487] [PARALLAX] [info] Parallax shutdown complete.
[17:47:23.170] [PARALLAX] [info] Parallax v0.1.0 starting...
[17:47:23.315] [PARALLAX] [info] Window created: "Parallax" (1280x720) [Vulkan | resizable]
[17:47:23.315] [PARALLAX] [trace] SDL2 requires 2 Vulkan instance extension(s):
[17:47:23.316] [PARALLAX] [trace]   - VK_KHR_surface
[17:47:23.318] [PARALLAX] [trace]   - VK_KHR_win32_surface
[17:47:23.329] [PARALLAX] [info] Requesting 3 instance extension(s):
[17:47:23.329] [PARALLAX] [info]   - VK_KHR_surface
[17:47:23.330] [PARALLAX] [info]   - VK_KHR_win32_surface
[17:47:23.331] [PARALLAX] [info]   - VK_EXT_debug_utils
[17:47:23.332] [PARALLAX] [info] Validation layers enabled: VK_LAYER_KHRONOS_validation
[17:47:23.334] [PARALLAX] [trace] [Vulkan] windows_get_device_registry_files: GUID for 3 is not SoftwareComponent skipping
[17:47:23.338] [PARALLAX] [trace] [Vulkan] Searching for ICD drivers named .\nvoglv64.dll
[17:47:23.341] [PARALLAX] [trace] [Vulkan] Loading layer library C:\VulkanSDK\1.4.341.1\Bin\.\VkLayer_khronos_validation.dll
[17:47:23.343] [PARALLAX] [trace] [Vulkan] Loading layer library C:\ProgramData\obs-studio-hook\.\graphics-hook64.dll
[17:47:23.343] [PARALLAX] [trace] [Vulkan] Loading layer library C:\Windows\System32\DriverStore\FileRepository\nv_dispi.inf_amd64_adc55ecfca814224\.\nvoglv64.dll
[17:47:23.345] [PARALLAX] [trace] [Vulkan] Loading layer library C:\Windows\System32\DriverStore\FileRepository\nv_dispi.inf_amd64_adc55ecfca814224\.\nvoglv64.dll
[17:47:23.428] [PARALLAX] [info] Vulkan instance created (API 1.3)
[17:47:23.429] [PARALLAX] [info] Vulkan debug messenger created
[17:47:23.430] [PARALLAX] [info] Vulkan surface created
[17:47:23.435] [PARALLAX] [info] Found 1 Vulkan-capable GPU(s):
[17:47:23.435] [PARALLAX] [info]   - NVIDIA GeForce GTX 1660 (type: discrete)
[17:47:23.442] [PARALLAX] [info] Selected GPU: NVIDIA GeForce GTX 1660
[17:47:23.443] [PARALLAX] [info]   Driver version: 79.344.0
[17:47:23.453] [PARALLAX] [info]   Vulkan API: 1.4.325
[17:47:23.454] [PARALLAX] [info]   VRAM: 6180 MB
[17:47:23.455] [PARALLAX] [info]   Graphics queue family: 0
[17:47:23.457] [PARALLAX] [info]   Present queue family: 0
[17:47:23.517] [PARALLAX] [info] Vulkan logical device created
[17:47:23.522] [PARALLAX] [trace] Surface format: B8G8R8A8_SRGB + SRGB_NONLINEAR (preferred)
[17:47:23.523] [PARALLAX] [trace] Present mode: MAILBOX (triple buffering)
[17:47:23.550] [PARALLAX] [info] Swapchain created: 1280x720, 3 images, format 50, MAILBOX (triple buffer)
[17:47:23.552] [PARALLAX] [info] Shader directory: C:/Parallax-dev/Parallax/build/shaders
[17:47:23.553] [PARALLAX] [info] Render pass created
[17:47:23.554] [PARALLAX] [trace] Shader module loaded: test_star.vert.spv
[17:47:23.555] [PARALLAX] [trace] Shader module loaded: test_star.frag.spv
[17:47:23.556] [PARALLAX] [info] Graphics pipeline created (POINT_LIST, dynamic viewport/scissor)
[17:47:23.556] [PARALLAX] [info] Framebuffers created: 3 (1280x720)
[17:47:23.557] [PARALLAX] [trace] Sky background UBO created: 32 bytes
[17:47:23.558] [PARALLAX] [trace] Shader module loaded: sky_background.vert.spv
[17:47:23.559] [PARALLAX] [trace] Shader module loaded: sky_background.frag.spv
[17:47:23.561] [PARALLAX] [info] Sky background pipeline created (fullscreen triangle, UBO)
[17:47:23.561] [PARALLAX] [info] Sky background renderer initialized
[17:47:23.564] [PARALLAX] [trace] Starfield storage buffer created: 3200000 bytes (200000 stars)
[17:47:23.566] [PARALLAX] [trace] Shader module loaded: starfield.vert.spv
[17:47:23.567] [PARALLAX] [trace] Shader module loaded: starfield.frag.spv
[17:47:23.568] [PARALLAX] [info] Starfield pipeline created (POINT_LIST, additive blend, storage buffer)
[17:47:23.568] [PARALLAX] [info] Starfield renderer initialized (buffer capacity: 200000 stars)
[17:47:23.570] [PARALLAX] [info] CatalogLoader: Loaded 21 stars from data/catalogs/bright_stars.csv
[17:47:23.570] [PARALLAX] [info] Star catalog loaded: 21 stars from data/catalogs/bright_stars.csv
[17:47:23.571] [PARALLAX] [info] Simulation start: JD 2461101.199578 (2026-03-01 16:47:23.6 UTC)
[17:47:23.572] [PARALLAX] [info] Observer: La Palma (28.76N, 17.89W)
[17:47:23.572] [PARALLAX] [info] Atmosphere initialized: k=0.2, Bortle 4
[17:47:23.573] [PARALLAX] [info] Command pool created
[17:47:23.573] [PARALLAX] [info] Command buffers allocated: 2
[17:47:23.574] [PARALLAX] [info] Sync objects created: 2 frames in flight, 3 image semaphores
[17:47:23.574] [PARALLAX] [info] Application initialized — all subsystems ready
[17:47:23.575] [PARALLAX] [info] Entering main loop...
[17:47:47.837] [PARALLAX] [info] Main loop exited
[17:47:47.839] [PARALLAX] [trace] Sync objects destroyed
[17:47:47.840] [PARALLAX] [trace] Command pool destroyed
[17:47:47.841] [PARALLAX] [trace] Starfield renderer destroyed
[17:47:47.842] [PARALLAX] [trace] Sky background renderer destroyed
[17:47:47.843] [PARALLAX] [trace] Graphics pipeline destroyed
[17:47:47.843] [PARALLAX] [trace] Render pass destroyed
[17:47:47.845] [PARALLAX] [trace] Swapchain destroyed
[17:47:47.870] [PARALLAX] [trace] Vulkan logical device destroyed
[17:47:47.870] [PARALLAX] [trace] Vulkan debug messenger destroyed
[17:47:47.872] [PARALLAX] [trace] Vulkan surface destroyed
[17:47:47.873] [PARALLAX] [trace] [Vulkan] Unloading layer library C:\Windows\System32\DriverStore\FileRepository\nv_dispi.inf_amd64_adc55ecfca814224\nvoglv64.dll
[17:47:47.874] [PARALLAX] [trace] [Vulkan] Unloading layer library C:\Windows\System32\DriverStore\FileRepository\nv_dispi.inf_amd64_adc55ecfca814224\nvoglv64.dll
[17:47:47.874] [PARALLAX] [trace] [Vulkan] Unloading layer library C:\ProgramData\obs-studio-hook\graphics-hook64.dll
[17:47:47.876] [PARALLAX] [trace] [Vulkan] Unloading layer library C:\VulkanSDK\1.4.341.1\Bin\VkLayer_khronos_validation.dll
[17:47:47.877] [PARALLAX] [trace] Vulkan instance destroyed
[17:47:47.896] [PARALLAX] [info] Window destroyed
[17:47:47.902] [PARALLAX] [info] Parallax shutdown complete.
[17:49:40.511] [PARALLAX] [info] Parallax v0.1.0 starting...
[17:49:40.655] [PARALLAX] [info] Window created: "Parallax" (1280x720) [Vulkan | resizable]
[17:49:40.656] [PARALLAX] [trace] SDL2 requires 2 Vulkan instance extension(s):
[17:49:40.657] [PARALLAX] [trace]   - VK_KHR_surface
[17:49:40.657] [PARALLAX] [trace]   - VK_KHR_win32_surface
[17:49:40.670] [PARALLAX] [info] Requesting 3 instance extension(s):
[17:49:40.671] [PARALLAX] [info]   - VK_KHR_surface
[17:49:40.672] [PARALLAX] [info]   - VK_KHR_win32_surface
[17:49:40.673] [PARALLAX] [info]   - VK_EXT_debug_utils
[17:49:40.674] [PARALLAX] [info] Validation layers enabled: VK_LAYER_KHRONOS_validation
[17:49:40.676] [PARALLAX] [trace] [Vulkan] windows_get_device_registry_files: GUID for 3 is not SoftwareComponent skipping
[17:49:40.680] [PARALLAX] [trace] [Vulkan] Searching for ICD drivers named .\nvoglv64.dll
[17:49:40.682] [PARALLAX] [trace] [Vulkan] Loading layer library C:\VulkanSDK\1.4.341.1\Bin\.\VkLayer_khronos_validation.dll
[17:49:40.684] [PARALLAX] [trace] [Vulkan] Loading layer library C:\ProgramData\obs-studio-hook\.\graphics-hook64.dll
[17:49:40.685] [PARALLAX] [trace] [Vulkan] Loading layer library C:\Windows\System32\DriverStore\FileRepository\nv_dispi.inf_amd64_adc55ecfca814224\.\nvoglv64.dll
[17:49:40.686] [PARALLAX] [trace] [Vulkan] Loading layer library C:\Windows\System32\DriverStore\FileRepository\nv_dispi.inf_amd64_adc55ecfca814224\.\nvoglv64.dll
[17:49:40.767] [PARALLAX] [info] Vulkan instance created (API 1.3)
[17:49:40.767] [PARALLAX] [info] Vulkan debug messenger created
[17:49:40.769] [PARALLAX] [info] Vulkan surface created
[17:49:40.771] [PARALLAX] [info] Found 1 Vulkan-capable GPU(s):
[17:49:40.772] [PARALLAX] [info]   - NVIDIA GeForce GTX 1660 (type: discrete)
[17:49:40.779] [PARALLAX] [info] Selected GPU: NVIDIA GeForce GTX 1660
[17:49:40.780] [PARALLAX] [info]   Driver version: 79.344.0
[17:49:40.781] [PARALLAX] [info]   Vulkan API: 1.4.325
[17:49:40.782] [PARALLAX] [info]   VRAM: 6180 MB
[17:49:40.785] [PARALLAX] [info]   Graphics queue family: 0
[17:49:40.794] [PARALLAX] [info]   Present queue family: 0
[17:49:40.851] [PARALLAX] [info] Vulkan logical device created
[17:49:40.855] [PARALLAX] [trace] Surface format: B8G8R8A8_SRGB + SRGB_NONLINEAR (preferred)
[17:49:40.856] [PARALLAX] [trace] Present mode: MAILBOX (triple buffering)
[17:49:40.880] [PARALLAX] [info] Swapchain created: 1280x720, 3 images, format 50, MAILBOX (triple buffer)
[17:49:40.881] [PARALLAX] [info] Shader directory: C:/Parallax-dev/Parallax/build/shaders
[17:49:40.883] [PARALLAX] [info] Render pass created
[17:49:40.884] [PARALLAX] [trace] Shader module loaded: test_star.vert.spv
[17:49:40.885] [PARALLAX] [trace] Shader module loaded: test_star.frag.spv
[17:49:40.886] [PARALLAX] [info] Graphics pipeline created (POINT_LIST, dynamic viewport/scissor)
[17:49:40.887] [PARALLAX] [info] Framebuffers created: 3 (1280x720)
[17:49:40.888] [PARALLAX] [trace] Sky background UBO created: 32 bytes
[17:49:40.889] [PARALLAX] [trace] Shader module loaded: sky_background.vert.spv
[17:49:40.890] [PARALLAX] [trace] Shader module loaded: sky_background.frag.spv
[17:49:40.892] [PARALLAX] [info] Sky background pipeline created (fullscreen triangle, UBO)
[17:49:40.892] [PARALLAX] [info] Sky background renderer initialized
[17:49:40.895] [PARALLAX] [trace] Starfield storage buffer created: 3200000 bytes (200000 stars)
[17:49:40.896] [PARALLAX] [trace] Shader module loaded: starfield.vert.spv
[17:49:40.897] [PARALLAX] [trace] Shader module loaded: starfield.frag.spv
[17:49:40.899] [PARALLAX] [info] Starfield pipeline created (POINT_LIST, additive blend, storage buffer)
[17:49:40.899] [PARALLAX] [info] Starfield renderer initialized (buffer capacity: 200000 stars)
[17:49:40.901] [PARALLAX] [info] CatalogLoader: Loaded 21 stars from data/catalogs/bright_stars.csv
[17:49:40.901] [PARALLAX] [info] Star catalog loaded: 21 stars from data/catalogs/bright_stars.csv
[17:49:40.902] [PARALLAX] [info] Simulation start: JD 2461101.201168 (2026-03-01 16:49:40.9 UTC)
[17:49:40.902] [PARALLAX] [info] Observer: La Palma (28.76N, 17.89W)
[17:49:40.903] [PARALLAX] [info] Atmosphere initialized: k=0.2, Bortle 4
[17:49:40.903] [PARALLAX] [info] Command pool created
[17:49:40.904] [PARALLAX] [info] Command buffers allocated: 2
[17:49:40.904] [PARALLAX] [info] Sync objects created: 2 frames in flight, 3 image semaphores
[17:49:40.905] [PARALLAX] [info] Application initialized — all subsystems ready
[17:49:40.906] [PARALLAX] [info] Entering main loop...
[17:49:58.199] [PARALLAX] [info] Main loop exited
[17:49:58.200] [PARALLAX] [trace] Sync objects destroyed
[17:49:58.201] [PARALLAX] [trace] Command pool destroyed
[17:49:58.202] [PARALLAX] [trace] Starfield renderer destroyed
[17:49:58.203] [PARALLAX] [trace] Sky background renderer destroyed
[17:49:58.203] [PARALLAX] [trace] Graphics pipeline destroyed
[17:49:58.204] [PARALLAX] [trace] Render pass destroyed
[17:49:58.205] [PARALLAX] [trace] Swapchain destroyed
[17:49:58.226] [PARALLAX] [trace] Vulkan logical device destroyed
[17:49:58.226] [PARALLAX] [trace] Vulkan debug messenger destroyed
[17:49:58.228] [PARALLAX] [trace] Vulkan surface destroyed
[17:49:58.228] [PARALLAX] [trace] [Vulkan] Unloading layer library C:\Windows\System32\DriverStore\FileRepository\nv_dispi.inf_amd64_adc55ecfca814224\nvoglv64.dll
[17:49:58.229] [PARALLAX] [trace] [Vulkan] Unloading layer library C:\Windows\System32\DriverStore\FileRepository\nv_dispi.inf_amd64_adc55ecfca814224\nvoglv64.dll
[17:49:58.230] [PARALLAX] [trace] [Vulkan] Unloading layer library C:\ProgramData\obs-studio-hook\graphics-hook64.dll
[17:49:58.234] [PARALLAX] [trace] [Vulkan] Unloading layer library C:\VulkanSDK\1.4.341.1\Bin\VkLayer_khronos_validation.dll
[17:49:58.235] [PARALLAX] [trace] Vulkan instance destroyed
[17:49:58.245] [PARALLAX] [info] Window destroyed
[17:49:58.250] [PARALLAX] [info] Parallax shutdown complete.
[18:34:30.747] [PARALLAX] [info] Parallax v0.1.0 starting...
[18:34:30.894] [PARALLAX] [info] Window created: "Parallax" (1280x720) [Vulkan | resizable]
[18:34:30.895] [PARALLAX] [trace] SDL2 requires 2 Vulkan instance extension(s):
[18:34:30.895] [PARALLAX] [trace]   - VK_KHR_surface
[18:34:30.895] [PARALLAX] [trace]   - VK_KHR_win32_surface
[18:34:30.906] [PARALLAX] [info] Requesting 3 instance extension(s):
[18:34:30.908] [PARALLAX] [info]   - VK_KHR_surface
[18:34:30.909] [PARALLAX] [info]   - VK_KHR_win32_surface
[18:34:30.909] [PARALLAX] [info]   - VK_EXT_debug_utils
[18:34:30.909] [PARALLAX] [info] Validation layers enabled: VK_LAYER_KHRONOS_validation
[18:34:30.911] [PARALLAX] [trace] [Vulkan] windows_get_device_registry_files: GUID for 3 is not SoftwareComponent skipping
[18:34:30.914] [PARALLAX] [trace] [Vulkan] Searching for ICD drivers named .\nvoglv64.dll
[18:34:30.917] [PARALLAX] [trace] [Vulkan] Loading layer library C:\VulkanSDK\1.4.341.1\Bin\.\VkLayer_khronos_validation.dll
[18:34:30.918] [PARALLAX] [trace] [Vulkan] Loading layer library C:\ProgramData\obs-studio-hook\.\graphics-hook64.dll
[18:34:30.919] [PARALLAX] [trace] [Vulkan] Loading layer library C:\Windows\System32\DriverStore\FileRepository\nv_dispi.inf_amd64_adc55ecfca814224\.\nvoglv64.dll
[18:34:30.919] [PARALLAX] [trace] [Vulkan] Loading layer library C:\Windows\System32\DriverStore\FileRepository\nv_dispi.inf_amd64_adc55ecfca814224\.\nvoglv64.dll
[18:34:30.999] [PARALLAX] [info] Vulkan instance created (API 1.3)
[18:34:31.000] [PARALLAX] [info] Vulkan debug messenger created
[18:34:31.001] [PARALLAX] [info] Vulkan surface created
[18:34:31.002] [PARALLAX] [info] Found 1 Vulkan-capable GPU(s):
[18:34:31.003] [PARALLAX] [info]   - NVIDIA GeForce GTX 1660 (type: discrete)
[18:34:31.010] [PARALLAX] [info] Selected GPU: NVIDIA GeForce GTX 1660
[18:34:31.010] [PARALLAX] [info]   Driver version: 79.344.0
[18:34:31.010] [PARALLAX] [info]   Vulkan API: 1.4.325
[18:34:31.011] [PARALLAX] [info]   VRAM: 6180 MB
[18:34:31.011] [PARALLAX] [info]   Graphics queue family: 0
[18:34:31.011] [PARALLAX] [info]   Present queue family: 0
[18:34:31.075] [PARALLAX] [info] Vulkan logical device created
[18:34:31.080] [PARALLAX] [trace] Surface format: B8G8R8A8_SRGB + SRGB_NONLINEAR (preferred)
[18:34:31.080] [PARALLAX] [trace] Present mode: MAILBOX (triple buffering)
[18:34:31.187] [PARALLAX] [info] Swapchain created: 1280x720, 3 images, format 50, MAILBOX (triple buffer)
[18:34:31.188] [PARALLAX] [info] Shader directory: C:/Parallax-dev/Parallax/build/shaders
[18:34:31.190] [PARALLAX] [info] Render pass created
[18:34:31.192] [PARALLAX] [trace] Shader module loaded: test_star.vert.spv
[18:34:31.193] [PARALLAX] [trace] Shader module loaded: test_star.frag.spv
[18:34:31.195] [PARALLAX] [info] Graphics pipeline created (POINT_LIST, dynamic viewport/scissor)
[18:34:31.195] [PARALLAX] [info] Framebuffers created: 3 (1280x720)
[18:34:31.197] [PARALLAX] [trace] Sky background UBO created: 32 bytes
[18:34:31.198] [PARALLAX] [trace] Shader module loaded: sky_background.vert.spv
[18:34:31.199] [PARALLAX] [trace] Shader module loaded: sky_background.frag.spv
[18:34:31.201] [PARALLAX] [info] Sky background pipeline created (fullscreen triangle, UBO)
[18:34:31.202] [PARALLAX] [info] Sky background renderer initialized
[18:34:31.203] [PARALLAX] [trace] Starfield storage buffer created: 3200000 bytes (200000 stars)
[18:34:31.206] [PARALLAX] [trace] Shader module loaded: starfield.vert.spv
[18:34:31.207] [PARALLAX] [trace] Shader module loaded: starfield.frag.spv
[18:34:31.208] [PARALLAX] [info] Starfield pipeline created (POINT_LIST, additive blend, storage buffer)
[18:34:31.208] [PARALLAX] [info] Starfield renderer initialized (buffer capacity: 200000 stars)
[18:34:32.621] [PARALLAX] [info] CatalogLoader: Loaded 116812 stars from data/catalogs/hipparcos.csv
[18:34:32.622] [PARALLAX] [info] Hipparcos catalog loaded: 116812 stars from data/catalogs/hipparcos.csv
[18:34:32.623] [PARALLAX] [info] Simulation start: JD 2461101.232322 (2026-03-01 17:34:32.6 UTC)
[18:34:32.624] [PARALLAX] [info] Observer: La Palma (28.76N, 17.89W)
[18:34:32.624] [PARALLAX] [info] Atmosphere initialized: k=0.2, Bortle 4
[18:34:32.625] [PARALLAX] [info] Command pool created
[18:34:32.626] [PARALLAX] [info] Command buffers allocated: 2
[18:34:32.627] [PARALLAX] [info] Sync objects created: 2 frames in flight, 3 image semaphores
[18:34:32.627] [PARALLAX] [info] Application initialized — all subsystems ready
[18:34:32.628] [PARALLAX] [info] Entering main loop...
[18:34:32.871] [PARALLAX] [trace] Stars: 116812 total | 5077 candidates (4%) | 323 visible | prefilter: 592 never-rises, 3198 below-hz, 107945 mag-cull
[18:34:33.099] [PARALLAX] [trace] Stars: 116812 total | 5077 candidates (4%) | 323 visible | prefilter: 592 never-rises, 3198 below-hz, 107945 mag-cull
[18:34:33.332] [PARALLAX] [trace] Stars: 116812 total | 5077 candidates (4%) | 323 visible | prefilter: 592 never-rises, 3198 below-hz, 107945 mag-cull
[18:34:33.566] [PARALLAX] [trace] Stars: 116812 total | 5077 candidates (4%) | 323 visible | prefilter: 592 never-rises, 3198 below-hz, 107945 mag-cull
[18:34:33.797] [PARALLAX] [trace] Stars: 116812 total | 5077 candidates (4%) | 323 visible | prefilter: 592 never-rises, 3198 below-hz, 107945 mag-cull
[18:34:34.034] [PARALLAX] [trace] Stars: 116812 total | 5077 candidates (4%) | 323 visible | prefilter: 592 never-rises, 3198 below-hz, 107945 mag-cull
[18:34:34.278] [PARALLAX] [trace] Stars: 116812 total | 5077 candidates (4%) | 323 visible | prefilter: 592 never-rises, 3198 below-hz, 107945 mag-cull
[18:34:34.515] [PARALLAX] [trace] Stars: 116812 total | 5077 candidates (4%) | 323 visible | prefilter: 592 never-rises, 3198 below-hz, 107945 mag-cull
[18:34:34.753] [PARALLAX] [trace] Stars: 116812 total | 5077 candidates (4%) | 323 visible | prefilter: 592 never-rises, 3198 below-hz, 107945 mag-cull
[18:34:34.991] [PARALLAX] [trace] Stars: 116812 total | 5077 candidates (4%) | 323 visible | prefilter: 592 never-rises, 3198 below-hz, 107945 mag-cull
[18:34:35.233] [PARALLAX] [trace] Stars: 116812 total | 5077 candidates (4%) | 323 visible | prefilter: 592 never-rises, 3198 below-hz, 107945 mag-cull
[18:34:35.475] [PARALLAX] [trace] Stars: 116812 total | 5077 candidates (4%) | 323 visible | prefilter: 592 never-rises, 3198 below-hz, 107945 mag-cull
[18:34:35.713] [PARALLAX] [trace] Stars: 116812 total | 5077 candidates (4%) | 323 visible | prefilter: 592 never-rises, 3198 below-hz, 107945 mag-cull
[18:34:35.964] [PARALLAX] [trace] Stars: 116812 total | 5077 candidates (4%) | 323 visible | prefilter: 592 never-rises, 3198 below-hz, 107945 mag-cull
[18:34:36.219] [PARALLAX] [trace] Stars: 116812 total | 3973 candidates (3%) | 359 visible | prefilter: 461 never-rises, 2508 below-hz, 109870 mag-cull
[18:34:36.384] [PARALLAX] [trace] Stars: 116812 total | 1965 candidates (2%) | 489 visible | prefilter: 236 never-rises, 1264 below-hz, 113347 mag-cull
[18:34:36.527] [PARALLAX] [trace] Stars: 116812 total | 1965 candidates (2%) | 489 visible | prefilter: 236 never-rises, 1264 below-hz, 113347 mag-cull
[18:34:36.647] [PARALLAX] [trace] Stars: 116812 total | 892 candidates (1%) | 370 visible | prefilter: 99 never-rises, 614 below-hz, 115207 mag-cull
[18:34:36.748] [PARALLAX] [trace] Stars: 116812 total | 892 candidates (1%) | 370 visible | prefilter: 99 never-rises, 614 below-hz, 115207 mag-cull
[18:34:36.851] [PARALLAX] [trace] Stars: 116812 total | 892 candidates (1%) | 370 visible | prefilter: 99 never-rises, 614 below-hz, 115207 mag-cull
[18:34:36.954] [PARALLAX] [trace] Stars: 116812 total | 892 candidates (1%) | 370 visible | prefilter: 99 never-rises, 614 below-hz, 115207 mag-cull
[18:34:37.059] [PARALLAX] [trace] Stars: 116812 total | 892 candidates (1%) | 370 visible | prefilter: 99 never-rises, 614 below-hz, 115207 mag-cull
[18:34:37.166] [PARALLAX] [trace] Stars: 116812 total | 892 candidates (1%) | 370 visible | prefilter: 99 never-rises, 614 below-hz, 115207 mag-cull
[18:34:37.276] [PARALLAX] [trace] Stars: 116812 total | 892 candidates (1%) | 384 visible | prefilter: 99 never-rises, 614 below-hz, 115207 mag-cull
[18:34:37.395] [PARALLAX] [trace] Stars: 116812 total | 892 candidates (1%) | 417 visible | prefilter: 99 never-rises, 614 below-hz, 115207 mag-cull
[18:34:37.511] [PARALLAX] [trace] Stars: 116812 total | 892 candidates (1%) | 432 visible | prefilter: 99 never-rises, 614 below-hz, 115207 mag-cull
[18:34:37.630] [PARALLAX] [trace] Stars: 116812 total | 892 candidates (1%) | 453 visible | prefilter: 99 never-rises, 614 below-hz, 115207 mag-cull
[18:34:37.748] [PARALLAX] [trace] Stars: 116812 total | 892 candidates (1%) | 451 visible | prefilter: 99 never-rises, 614 below-hz, 115207 mag-cull
[18:34:37.867] [PARALLAX] [trace] Stars: 116812 total | 892 candidates (1%) | 448 visible | prefilter: 99 never-rises, 614 below-hz, 115207 mag-cull
[18:34:37.976] [PARALLAX] [trace] Stars: 116812 total | 892 candidates (1%) | 446 visible | prefilter: 99 never-rises, 614 below-hz, 115207 mag-cull
[18:34:38.085] [PARALLAX] [trace] Stars: 116812 total | 892 candidates (1%) | 453 visible | prefilter: 99 never-rises, 614 below-hz, 115207 mag-cull
[18:34:38.204] [PARALLAX] [trace] Stars: 116812 total | 892 candidates (1%) | 438 visible | prefilter: 99 never-rises, 614 below-hz, 115207 mag-cull
[18:34:38.320] [PARALLAX] [trace] Stars: 116812 total | 892 candidates (1%) | 384 visible | prefilter: 99 never-rises, 614 below-hz, 115207 mag-cull
[18:34:38.443] [PARALLAX] [trace] Stars: 116812 total | 892 candidates (1%) | 380 visible | prefilter: 99 never-rises, 614 below-hz, 115207 mag-cull
[18:34:38.570] [PARALLAX] [trace] Stars: 116812 total | 892 candidates (1%) | 380 visible | prefilter: 99 never-rises, 614 below-hz, 115207 mag-cull
[18:34:38.698] [PARALLAX] [trace] Stars: 116812 total | 892 candidates (1%) | 380 visible | prefilter: 99 never-rises, 614 below-hz, 115207 mag-cull
[18:34:38.812] [PARALLAX] [trace] Stars: 116812 total | 892 candidates (1%) | 380 visible | prefilter: 99 never-rises, 614 below-hz, 115207 mag-cull
[18:34:38.926] [PARALLAX] [trace] Stars: 116812 total | 892 candidates (1%) | 380 visible | prefilter: 99 never-rises, 614 below-hz, 115207 mag-cull
[18:34:39.037] [PARALLAX] [trace] Stars: 116812 total | 892 candidates (1%) | 380 visible | prefilter: 99 never-rises, 614 below-hz, 115207 mag-cull
[18:34:39.141] [PARALLAX] [trace] Stars: 116812 total | 892 candidates (1%) | 380 visible | prefilter: 99 never-rises, 614 below-hz, 115207 mag-cull
[18:34:43.713] [PARALLAX] [trace] Stars: 116812 total | 892 candidates (1%) | 380 visible | prefilter: 99 never-rises, 614 below-hz, 115207 mag-cull
[18:34:43.827] [PARALLAX] [trace] Stars: 116812 total | 892 candidates (1%) | 380 visible | prefilter: 99 never-rises, 614 below-hz, 115207 mag-cull
[18:34:43.928] [PARALLAX] [trace] Stars: 116812 total | 892 candidates (1%) | 380 visible | prefilter: 99 never-rises, 614 below-hz, 115207 mag-cull
[18:34:44.037] [PARALLAX] [trace] Stars: 116812 total | 892 candidates (1%) | 380 visible | prefilter: 99 never-rises, 614 below-hz, 115207 mag-cull
[18:34:44.166] [PARALLAX] [trace] Stars: 116812 total | 892 candidates (1%) | 380 visible | prefilter: 99 never-rises, 614 below-hz, 115207 mag-cull
[18:34:44.279] [PARALLAX] [trace] Stars: 116812 total | 892 candidates (1%) | 380 visible | prefilter: 99 never-rises, 614 below-hz, 115207 mag-cull
[18:34:44.394] [PARALLAX] [trace] Stars: 116812 total | 892 candidates (1%) | 380 visible | prefilter: 99 never-rises, 614 below-hz, 115207 mag-cull
[18:34:44.506] [PARALLAX] [trace] Stars: 116812 total | 892 candidates (1%) | 380 visible | prefilter: 99 never-rises, 614 below-hz, 115207 mag-cull
[18:34:44.619] [PARALLAX] [trace] Stars: 116812 total | 892 candidates (1%) | 380 visible | prefilter: 99 never-rises, 614 below-hz, 115207 mag-cull
[18:34:44.738] [PARALLAX] [trace] Stars: 116812 total | 892 candidates (1%) | 380 visible | prefilter: 99 never-rises, 614 below-hz, 115207 mag-cull
[18:34:44.863] [PARALLAX] [trace] Stars: 116812 total | 892 candidates (1%) | 380 visible | prefilter: 99 never-rises, 614 below-hz, 115207 mag-cull
[18:34:44.968] [PARALLAX] [trace] Stars: 116812 total | 892 candidates (1%) | 380 visible | prefilter: 99 never-rises, 614 below-hz, 115207 mag-cull
[18:34:45.067] [PARALLAX] [trace] Stars: 116812 total | 892 candidates (1%) | 380 visible | prefilter: 99 never-rises, 614 below-hz, 115207 mag-cull
[18:34:45.168] [PARALLAX] [trace] Stars: 116812 total | 892 candidates (1%) | 380 visible | prefilter: 99 never-rises, 614 below-hz, 115207 mag-cull
[18:34:45.271] [PARALLAX] [trace] Stars: 116812 total | 892 candidates (1%) | 380 visible | prefilter: 99 never-rises, 614 below-hz, 115207 mag-cull
[18:34:45.376] [PARALLAX] [trace] Stars: 116812 total | 892 candidates (1%) | 380 visible | prefilter: 99 never-rises, 614 below-hz, 115207 mag-cull
[18:34:45.478] [PARALLAX] [trace] Stars: 116812 total | 892 candidates (1%) | 380 visible | prefilter: 99 never-rises, 614 below-hz, 115207 mag-cull
[18:34:45.583] [PARALLAX] [trace] Stars: 116812 total | 892 candidates (1%) | 380 visible | prefilter: 99 never-rises, 614 below-hz, 115207 mag-cull
[18:34:45.687] [PARALLAX] [trace] Stars: 116812 total | 892 candidates (1%) | 380 visible | prefilter: 99 never-rises, 614 below-hz, 115207 mag-cull
[18:34:45.787] [PARALLAX] [trace] Stars: 116812 total | 892 candidates (1%) | 380 visible | prefilter: 99 never-rises, 614 below-hz, 115207 mag-cull
[18:34:45.886] [PARALLAX] [trace] Stars: 116812 total | 892 candidates (1%) | 380 visible | prefilter: 99 never-rises, 614 below-hz, 115207 mag-cull
[18:34:45.990] [PARALLAX] [trace] Stars: 116812 total | 892 candidates (1%) | 380 visible | prefilter: 99 never-rises, 614 below-hz, 115207 mag-cull
[18:34:46.092] [PARALLAX] [trace] Stars: 116812 total | 892 candidates (1%) | 380 visible | prefilter: 99 never-rises, 614 below-hz, 115207 mag-cull
[18:34:46.191] [PARALLAX] [trace] Stars: 116812 total | 892 candidates (1%) | 380 visible | prefilter: 99 never-rises, 614 below-hz, 115207 mag-cull
[18:34:46.290] [PARALLAX] [trace] Stars: 116812 total | 892 candidates (1%) | 380 visible | prefilter: 99 never-rises, 614 below-hz, 115207 mag-cull
[18:34:46.393] [PARALLAX] [trace] Stars: 116812 total | 892 candidates (1%) | 380 visible | prefilter: 99 never-rises, 614 below-hz, 115207 mag-cull
[18:34:46.502] [PARALLAX] [trace] Stars: 116812 total | 892 candidates (1%) | 380 visible | prefilter: 99 never-rises, 614 below-hz, 115207 mag-cull
[18:34:46.606] [PARALLAX] [trace] Stars: 116812 total | 892 candidates (1%) | 380 visible | prefilter: 99 never-rises, 614 below-hz, 115207 mag-cull
[18:34:46.709] [PARALLAX] [trace] Stars: 116812 total | 892 candidates (1%) | 380 visible | prefilter: 99 never-rises, 614 below-hz, 115207 mag-cull
[18:34:46.809] [PARALLAX] [trace] Stars: 116812 total | 892 candidates (1%) | 380 visible | prefilter: 99 never-rises, 614 below-hz, 115207 mag-cull
[18:34:46.911] [PARALLAX] [trace] Stars: 116812 total | 892 candidates (1%) | 380 visible | prefilter: 99 never-rises, 614 below-hz, 115207 mag-cull
[18:34:47.011] [PARALLAX] [trace] Stars: 116812 total | 892 candidates (1%) | 380 visible | prefilter: 99 never-rises, 614 below-hz, 115207 mag-cull
[18:34:47.112] [PARALLAX] [trace] Stars: 116812 total | 892 candidates (1%) | 380 visible | prefilter: 99 never-rises, 614 below-hz, 115207 mag-cull
[18:34:47.215] [PARALLAX] [trace] Stars: 116812 total | 892 candidates (1%) | 380 visible | prefilter: 99 never-rises, 614 below-hz, 115207 mag-cull
[18:34:47.317] [PARALLAX] [trace] Stars: 116812 total | 892 candidates (1%) | 380 visible | prefilter: 99 never-rises, 614 below-hz, 115207 mag-cull
[18:34:47.425] [PARALLAX] [trace] Stars: 116812 total | 892 candidates (1%) | 380 visible | prefilter: 99 never-rises, 614 below-hz, 115207 mag-cull
[18:34:47.531] [PARALLAX] [trace] Stars: 116812 total | 892 candidates (1%) | 380 visible | prefilter: 99 never-rises, 614 below-hz, 115207 mag-cull
[18:34:47.631] [PARALLAX] [trace] Stars: 116812 total | 892 candidates (1%) | 380 visible | prefilter: 99 never-rises, 614 below-hz, 115207 mag-cull
[18:34:47.734] [PARALLAX] [trace] Stars: 116812 total | 892 candidates (1%) | 380 visible | prefilter: 99 never-rises, 614 below-hz, 115207 mag-cull
[18:34:47.836] [PARALLAX] [trace] Stars: 116812 total | 892 candidates (1%) | 380 visible | prefilter: 99 never-rises, 614 below-hz, 115207 mag-cull
[18:34:47.937] [PARALLAX] [trace] Stars: 116812 total | 892 candidates (1%) | 380 visible | prefilter: 99 never-rises, 614 below-hz, 115207 mag-cull
[18:34:48.039] [PARALLAX] [trace] Stars: 116812 total | 892 candidates (1%) | 380 visible | prefilter: 99 never-rises, 614 below-hz, 115207 mag-cull
[18:34:48.141] [PARALLAX] [trace] Stars: 116812 total | 892 candidates (1%) | 380 visible | prefilter: 99 never-rises, 614 below-hz, 115207 mag-cull
[18:34:48.243] [PARALLAX] [trace] Stars: 116812 total | 892 candidates (1%) | 380 visible | prefilter: 99 never-rises, 614 below-hz, 115207 mag-cull
[18:34:48.353] [PARALLAX] [trace] Stars: 116812 total | 892 candidates (1%) | 380 visible | prefilter: 99 never-rises, 614 below-hz, 115207 mag-cull
[18:34:48.470] [PARALLAX] [trace] Stars: 116812 total | 892 candidates (1%) | 380 visible | prefilter: 99 never-rises, 614 below-hz, 115207 mag-cull
[18:34:48.582] [PARALLAX] [trace] Stars: 116812 total | 892 candidates (1%) | 377 visible | prefilter: 99 never-rises, 614 below-hz, 115207 mag-cull
[18:34:48.697] [PARALLAX] [trace] Stars: 116812 total | 892 candidates (1%) | 386 visible | prefilter: 99 never-rises, 614 below-hz, 115207 mag-cull
[18:34:48.810] [PARALLAX] [trace] Stars: 116812 total | 892 candidates (1%) | 387 visible | prefilter: 99 never-rises, 614 below-hz, 115207 mag-cull
[18:34:48.931] [PARALLAX] [trace] Stars: 116812 total | 892 candidates (1%) | 399 visible | prefilter: 99 never-rises, 614 below-hz, 115207 mag-cull
[18:34:49.045] [PARALLAX] [trace] Stars: 116812 total | 892 candidates (1%) | 399 visible | prefilter: 99 never-rises, 614 below-hz, 115207 mag-cull
[18:34:49.158] [PARALLAX] [trace] Stars: 116812 total | 892 candidates (1%) | 399 visible | prefilter: 99 never-rises, 614 below-hz, 115207 mag-cull
[18:34:49.258] [PARALLAX] [trace] Stars: 116812 total | 892 candidates (1%) | 399 visible | prefilter: 99 never-rises, 614 below-hz, 115207 mag-cull
[18:34:49.361] [PARALLAX] [trace] Stars: 116812 total | 892 candidates (1%) | 399 visible | prefilter: 99 never-rises, 614 below-hz, 115207 mag-cull
[18:34:49.463] [PARALLAX] [trace] Stars: 116812 total | 892 candidates (1%) | 399 visible | prefilter: 99 never-rises, 614 below-hz, 115207 mag-cull
[18:34:49.573] [PARALLAX] [trace] Stars: 116812 total | 892 candidates (1%) | 399 visible | prefilter: 99 never-rises, 614 below-hz, 115207 mag-cull
[18:34:49.695] [PARALLAX] [trace] Stars: 116812 total | 892 candidates (1%) | 399 visible | prefilter: 99 never-rises, 614 below-hz, 115207 mag-cull
[18:34:49.806] [PARALLAX] [trace] Stars: 116812 total | 892 candidates (1%) | 390 visible | prefilter: 99 never-rises, 614 below-hz, 115207 mag-cull
[18:34:49.922] [PARALLAX] [trace] Stars: 116812 total | 892 candidates (1%) | 361 visible | prefilter: 99 never-rises, 614 below-hz, 115207 mag-cull
[18:34:50.039] [PARALLAX] [trace] Stars: 116812 total | 892 candidates (1%) | 328 visible | prefilter: 99 never-rises, 614 below-hz, 115207 mag-cull
[18:34:50.150] [PARALLAX] [trace] Stars: 116812 total | 892 candidates (1%) | 320 visible | prefilter: 99 never-rises, 614 below-hz, 115207 mag-cull
[18:34:50.256] [PARALLAX] [trace] Stars: 116812 total | 892 candidates (1%) | 320 visible | prefilter: 99 never-rises, 614 below-hz, 115207 mag-cull
[18:34:50.366] [PARALLAX] [trace] Stars: 116812 total | 892 candidates (1%) | 320 visible | prefilter: 99 never-rises, 614 below-hz, 115207 mag-cull
[18:34:50.484] [PARALLAX] [trace] Stars: 116812 total | 892 candidates (1%) | 320 visible | prefilter: 99 never-rises, 614 below-hz, 115207 mag-cull
[18:34:50.584] [PARALLAX] [trace] Stars: 116812 total | 892 candidates (1%) | 320 visible | prefilter: 99 never-rises, 614 below-hz, 115207 mag-cull
[18:34:50.686] [PARALLAX] [trace] Stars: 116812 total | 892 candidates (1%) | 320 visible | prefilter: 99 never-rises, 614 below-hz, 115207 mag-cull
[18:34:50.802] [PARALLAX] [trace] Stars: 116812 total | 892 candidates (1%) | 320 visible | prefilter: 99 never-rises, 614 below-hz, 115207 mag-cull
[18:34:50.919] [PARALLAX] [trace] Stars: 116812 total | 892 candidates (1%) | 320 visible | prefilter: 99 never-rises, 614 below-hz, 115207 mag-cull
[18:34:51.018] [PARALLAX] [trace] Stars: 116812 total | 892 candidates (1%) | 320 visible | prefilter: 99 never-rises, 614 below-hz, 115207 mag-cull
[18:34:51.122] [PARALLAX] [trace] Stars: 116812 total | 892 candidates (1%) | 320 visible | prefilter: 99 never-rises, 614 below-hz, 115207 mag-cull
[18:34:51.238] [PARALLAX] [trace] Stars: 116812 total | 892 candidates (1%) | 320 visible | prefilter: 99 never-rises, 614 below-hz, 115207 mag-cull
[18:34:51.344] [PARALLAX] [trace] Stars: 116812 total | 892 candidates (1%) | 326 visible | prefilter: 99 never-rises, 614 below-hz, 115207 mag-cull
[18:34:51.462] [PARALLAX] [trace] Stars: 116812 total | 892 candidates (1%) | 352 visible | prefilter: 99 never-rises, 614 below-hz, 115207 mag-cull
[18:34:51.577] [PARALLAX] [trace] Stars: 116812 total | 892 candidates (1%) | 369 visible | prefilter: 99 never-rises, 614 below-hz, 115207 mag-cull
[18:34:51.690] [PARALLAX] [trace] Stars: 116812 total | 892 candidates (1%) | 385 visible | prefilter: 99 never-rises, 614 below-hz, 115207 mag-cull
[18:34:51.806] [PARALLAX] [trace] Stars: 116812 total | 892 candidates (1%) | 401 visible | prefilter: 99 never-rises, 614 below-hz, 115207 mag-cull
[18:34:51.920] [PARALLAX] [trace] Stars: 116812 total | 892 candidates (1%) | 410 visible | prefilter: 99 never-rises, 614 below-hz, 115207 mag-cull
[18:34:52.025] [PARALLAX] [trace] Stars: 116812 total | 892 candidates (1%) | 411 visible | prefilter: 99 never-rises, 614 below-hz, 115207 mag-cull
[18:34:52.138] [PARALLAX] [trace] Stars: 116812 total | 892 candidates (1%) | 411 visible | prefilter: 99 never-rises, 614 below-hz, 115207 mag-cull
[18:34:52.260] [PARALLAX] [trace] Stars: 116812 total | 892 candidates (1%) | 411 visible | prefilter: 99 never-rises, 614 below-hz, 115207 mag-cull
[18:34:52.378] [PARALLAX] [trace] Stars: 116812 total | 892 candidates (1%) | 412 visible | prefilter: 99 never-rises, 614 below-hz, 115207 mag-cull
[18:34:52.498] [PARALLAX] [trace] Stars: 116812 total | 892 candidates (1%) | 433 visible | prefilter: 99 never-rises, 614 below-hz, 115207 mag-cull
[18:34:52.614] [PARALLAX] [trace] Stars: 116812 total | 892 candidates (1%) | 431 visible | prefilter: 99 never-rises, 614 below-hz, 115207 mag-cull
[18:34:52.724] [PARALLAX] [trace] Stars: 116812 total | 892 candidates (1%) | 432 visible | prefilter: 99 never-rises, 614 below-hz, 115207 mag-cull
[18:34:52.835] [PARALLAX] [trace] Stars: 116812 total | 892 candidates (1%) | 432 visible | prefilter: 99 never-rises, 614 below-hz, 115207 mag-cull
[18:34:52.933] [PARALLAX] [trace] Stars: 116812 total | 892 candidates (1%) | 432 visible | prefilter: 99 never-rises, 614 below-hz, 115207 mag-cull
[18:34:53.038] [PARALLAX] [trace] Stars: 116812 total | 892 candidates (1%) | 432 visible | prefilter: 99 never-rises, 614 below-hz, 115207 mag-cull
[18:34:53.147] [PARALLAX] [trace] Stars: 116812 total | 892 candidates (1%) | 432 visible | prefilter: 99 never-rises, 614 below-hz, 115207 mag-cull
[18:34:53.262] [PARALLAX] [trace] Stars: 116812 total | 892 candidates (1%) | 432 visible | prefilter: 99 never-rises, 614 below-hz, 115207 mag-cull
[18:34:53.383] [PARALLAX] [trace] Stars: 116812 total | 892 candidates (1%) | 432 visible | prefilter: 99 never-rises, 614 below-hz, 115207 mag-cull
[18:34:53.501] [PARALLAX] [trace] Stars: 116812 total | 892 candidates (1%) | 432 visible | prefilter: 99 never-rises, 614 below-hz, 115207 mag-cull
[18:34:53.609] [PARALLAX] [trace] Stars: 116812 total | 892 candidates (1%) | 432 visible | prefilter: 99 never-rises, 614 below-hz, 115207 mag-cull
[18:34:53.710] [PARALLAX] [trace] Stars: 116812 total | 892 candidates (1%) | 432 visible | prefilter: 99 never-rises, 614 below-hz, 115207 mag-cull
[18:34:53.856] [PARALLAX] [trace] Stars: 116812 total | 3293 candidates (3%) | 498 visible | prefilter: 395 never-rises, 2088 below-hz, 111036 mag-cull
[18:34:54.040] [PARALLAX] [trace] Stars: 116812 total | 3293 candidates (3%) | 498 visible | prefilter: 395 never-rises, 2088 below-hz, 111036 mag-cull
[18:34:54.403] [PARALLAX] [trace] Stars: 116812 total | 12021 candidates (10%) | 207 visible | prefilter: 1305 never-rises, 7361 below-hz, 96125 mag-cull
[18:34:55.567] [PARALLAX] [trace] Stars: 116812 total | 21642 candidates (19%) | 124 visible | prefilter: 2356 never-rises, 13050 below-hz, 79764 mag-cull
[18:34:55.914] [PARALLAX] [trace] Stars: 116812 total | 3673 candidates (3%) | 460 visible | prefilter: 432 never-rises, 2314 below-hz, 110393 mag-cull
[18:34:56.070] [PARALLAX] [trace] Stars: 116812 total | 892 candidates (1%) | 432 visible | prefilter: 99 never-rises, 614 below-hz, 115207 mag-cull
[18:34:56.173] [PARALLAX] [trace] Stars: 116812 total | 892 candidates (1%) | 432 visible | prefilter: 99 never-rises, 614 below-hz, 115207 mag-cull
[18:34:56.277] [PARALLAX] [trace] Stars: 116812 total | 892 candidates (1%) | 432 visible | prefilter: 99 never-rises, 614 below-hz, 115207 mag-cull
[18:34:56.382] [PARALLAX] [trace] Stars: 116812 total | 892 candidates (1%) | 432 visible | prefilter: 99 never-rises, 614 below-hz, 115207 mag-cull
[18:34:56.486] [PARALLAX] [trace] Stars: 116812 total | 892 candidates (1%) | 432 visible | prefilter: 99 never-rises, 614 below-hz, 115207 mag-cull
[18:34:56.590] [PARALLAX] [trace] Stars: 116812 total | 892 candidates (1%) | 432 visible | prefilter: 99 never-rises, 614 below-hz, 115207 mag-cull
[18:34:56.693] [PARALLAX] [trace] Stars: 116812 total | 892 candidates (1%) | 432 visible | prefilter: 99 never-rises, 614 below-hz, 115207 mag-cull
[18:34:56.795] [PARALLAX] [trace] Stars: 116812 total | 892 candidates (1%) | 432 visible | prefilter: 99 never-rises, 614 below-hz, 115207 mag-cull
[18:34:56.905] [PARALLAX] [trace] Stars: 116812 total | 892 candidates (1%) | 432 visible | prefilter: 99 never-rises, 614 below-hz, 115207 mag-cull
[18:34:57.021] [PARALLAX] [trace] Stars: 116812 total | 892 candidates (1%) | 432 visible | prefilter: 99 never-rises, 614 below-hz, 115207 mag-cull
[18:34:57.140] [PARALLAX] [trace] Stars: 116812 total | 892 candidates (1%) | 432 visible | prefilter: 99 never-rises, 614 below-hz, 115207 mag-cull
[18:34:57.253] [PARALLAX] [trace] Stars: 116812 total | 892 candidates (1%) | 432 visible | prefilter: 99 never-rises, 614 below-hz, 115207 mag-cull
[18:34:57.358] [PARALLAX] [trace] Stars: 116812 total | 892 candidates (1%) | 432 visible | prefilter: 99 never-rises, 614 below-hz, 115207 mag-cull
[18:34:57.464] [PARALLAX] [trace] Stars: 116812 total | 892 candidates (1%) | 432 visible | prefilter: 99 never-rises, 614 below-hz, 115207 mag-cull
[18:34:57.569] [PARALLAX] [trace] Stars: 116812 total | 892 candidates (1%) | 432 visible | prefilter: 99 never-rises, 614 below-hz, 115207 mag-cull
[18:34:57.671] [PARALLAX] [trace] Stars: 116812 total | 892 candidates (1%) | 432 visible | prefilter: 99 never-rises, 614 below-hz, 115207 mag-cull
[18:34:57.774] [PARALLAX] [trace] Stars: 116812 total | 892 candidates (1%) | 432 visible | prefilter: 99 never-rises, 614 below-hz, 115207 mag-cull
[18:34:57.883] [PARALLAX] [trace] Stars: 116812 total | 892 candidates (1%) | 436 visible | prefilter: 99 never-rises, 614 below-hz, 115207 mag-cull
[18:34:58.001] [PARALLAX] [trace] Stars: 116812 total | 892 candidates (1%) | 436 visible | prefilter: 99 never-rises, 614 below-hz, 115207 mag-cull
[18:34:58.115] [PARALLAX] [trace] Stars: 116812 total | 892 candidates (1%) | 436 visible | prefilter: 99 never-rises, 614 below-hz, 115207 mag-cull
[18:34:58.242] [PARALLAX] [trace] Stars: 116812 total | 892 candidates (1%) | 436 visible | prefilter: 99 never-rises, 614 below-hz, 115207 mag-cull
[18:34:58.362] [PARALLAX] [trace] Stars: 116812 total | 892 candidates (1%) | 440 visible | prefilter: 99 never-rises, 614 below-hz, 115207 mag-cull
[18:34:58.481] [PARALLAX] [trace] Stars: 116812 total | 892 candidates (1%) | 450 visible | prefilter: 99 never-rises, 614 below-hz, 115207 mag-cull
[18:34:58.609] [PARALLAX] [trace] Stars: 116812 total | 892 candidates (1%) | 450 visible | prefilter: 99 never-rises, 614 below-hz, 115207 mag-cull
[18:34:58.726] [PARALLAX] [trace] Stars: 116812 total | 892 candidates (1%) | 448 visible | prefilter: 99 never-rises, 614 below-hz, 115207 mag-cull
[18:34:58.843] [PARALLAX] [trace] Stars: 116812 total | 892 candidates (1%) | 447 visible | prefilter: 99 never-rises, 614 below-hz, 115207 mag-cull
[18:34:58.960] [PARALLAX] [trace] Stars: 116812 total | 892 candidates (1%) | 445 visible | prefilter: 99 never-rises, 614 below-hz, 115207 mag-cull
[18:34:59.078] [PARALLAX] [trace] Stars: 116812 total | 892 candidates (1%) | 439 visible | prefilter: 99 never-rises, 614 below-hz, 115207 mag-cull
[18:34:59.194] [PARALLAX] [trace] Stars: 116812 total | 892 candidates (1%) | 447 visible | prefilter: 99 never-rises, 614 below-hz, 115207 mag-cull
[18:34:59.307] [PARALLAX] [trace] Stars: 116812 total | 892 candidates (1%) | 446 visible | prefilter: 99 never-rises, 614 below-hz, 115207 mag-cull
[18:34:59.435] [PARALLAX] [trace] Stars: 116812 total | 892 candidates (1%) | 446 visible | prefilter: 99 never-rises, 614 below-hz, 115207 mag-cull
[18:34:59.547] [PARALLAX] [trace] Stars: 116812 total | 892 candidates (1%) | 442 visible | prefilter: 99 never-rises, 614 below-hz, 115207 mag-cull
[18:34:59.666] [PARALLAX] [trace] Stars: 116812 total | 892 candidates (1%) | 437 visible | prefilter: 99 never-rises, 614 below-hz, 115207 mag-cull
[18:34:59.789] [PARALLAX] [trace] Stars: 116812 total | 892 candidates (1%) | 444 visible | prefilter: 99 never-rises, 614 below-hz, 115207 mag-cull
[18:34:59.911] [PARALLAX] [trace] Stars: 116812 total | 892 candidates (1%) | 444 visible | prefilter: 99 never-rises, 614 below-hz, 115207 mag-cull
[18:35:00.032] [PARALLAX] [trace] Stars: 116812 total | 892 candidates (1%) | 449 visible | prefilter: 99 never-rises, 614 below-hz, 115207 mag-cull
[18:35:00.151] [PARALLAX] [trace] Stars: 116812 total | 892 candidates (1%) | 453 visible | prefilter: 99 never-rises, 614 below-hz, 115207 mag-cull
[18:35:00.277] [PARALLAX] [trace] Stars: 116812 total | 892 candidates (1%) | 453 visible | prefilter: 99 never-rises, 614 below-hz, 115207 mag-cull
[18:35:00.401] [PARALLAX] [trace] Stars: 116812 total | 892 candidates (1%) | 441 visible | prefilter: 99 never-rises, 614 below-hz, 115207 mag-cull
[18:35:00.516] [PARALLAX] [trace] Stars: 116812 total | 892 candidates (1%) | 443 visible | prefilter: 99 never-rises, 614 below-hz, 115207 mag-cull
[18:35:00.630] [PARALLAX] [trace] Stars: 116812 total | 892 candidates (1%) | 442 visible | prefilter: 99 never-rises, 614 below-hz, 115207 mag-cull
[18:35:00.745] [PARALLAX] [trace] Stars: 116812 total | 892 candidates (1%) | 446 visible | prefilter: 99 never-rises, 614 below-hz, 115207 mag-cull
[18:35:00.862] [PARALLAX] [trace] Stars: 116812 total | 892 candidates (1%) | 446 visible | prefilter: 99 never-rises, 614 below-hz, 115207 mag-cull
[18:35:00.981] [PARALLAX] [trace] Stars: 116812 total | 892 candidates (1%) | 439 visible | prefilter: 99 never-rises, 614 below-hz, 115207 mag-cull
[18:35:01.096] [PARALLAX] [trace] Stars: 116812 total | 892 candidates (1%) | 426 visible | prefilter: 99 never-rises, 614 below-hz, 115207 mag-cull
[18:35:01.210] [PARALLAX] [trace] Stars: 116812 total | 892 candidates (1%) | 389 visible | prefilter: 99 never-rises, 614 below-hz, 115207 mag-cull
[18:35:01.333] [PARALLAX] [trace] Stars: 116812 total | 892 candidates (1%) | 389 visible | prefilter: 99 never-rises, 614 below-hz, 115207 mag-cull
[18:35:01.460] [PARALLAX] [trace] Stars: 116812 total | 892 candidates (1%) | 389 visible | prefilter: 99 never-rises, 614 below-hz, 115207 mag-cull
[18:35:01.568] [PARALLAX] [trace] Stars: 116812 total | 892 candidates (1%) | 389 visible | prefilter: 99 never-rises, 614 below-hz, 115207 mag-cull
[18:35:01.673] [PARALLAX] [trace] Stars: 116812 total | 892 candidates (1%) | 389 visible | prefilter: 99 never-rises, 614 below-hz, 115207 mag-cull
[18:35:01.782] [PARALLAX] [trace] Stars: 116812 total | 892 candidates (1%) | 389 visible | prefilter: 99 never-rises, 614 below-hz, 115207 mag-cull
[18:35:01.884] [PARALLAX] [trace] Stars: 116812 total | 892 candidates (1%) | 389 visible | prefilter: 99 never-rises, 614 below-hz, 115207 mag-cull
[18:35:01.996] [PARALLAX] [trace] Stars: 116812 total | 892 candidates (1%) | 389 visible | prefilter: 99 never-rises, 614 below-hz, 115207 mag-cull
[18:35:02.099] [PARALLAX] [trace] Stars: 116812 total | 892 candidates (1%) | 389 visible | prefilter: 99 never-rises, 614 below-hz, 115207 mag-cull
[18:35:02.212] [PARALLAX] [trace] Stars: 116812 total | 892 candidates (1%) | 395 visible | prefilter: 99 never-rises, 614 below-hz, 115207 mag-cull
[18:35:02.329] [PARALLAX] [trace] Stars: 116812 total | 892 candidates (1%) | 406 visible | prefilter: 99 never-rises, 614 below-hz, 115207 mag-cull
[18:35:02.450] [PARALLAX] [trace] Stars: 116812 total | 892 candidates (1%) | 395 visible | prefilter: 99 never-rises, 614 below-hz, 115207 mag-cull
[18:35:02.571] [PARALLAX] [trace] Stars: 116812 total | 892 candidates (1%) | 394 visible | prefilter: 99 never-rises, 614 below-hz, 115207 mag-cull
[18:35:02.689] [PARALLAX] [trace] Stars: 116812 total | 892 candidates (1%) | 396 visible | prefilter: 99 never-rises, 614 below-hz, 115207 mag-cull
[18:35:02.803] [PARALLAX] [trace] Stars: 116812 total | 892 candidates (1%) | 390 visible | prefilter: 99 never-rises, 614 below-hz, 115207 mag-cull
[18:35:02.920] [PARALLAX] [trace] Stars: 116812 total | 892 candidates (1%) | 390 visible | prefilter: 99 never-rises, 614 below-hz, 115207 mag-cull
[18:35:03.034] [PARALLAX] [trace] Stars: 116812 total | 892 candidates (1%) | 384 visible | prefilter: 99 never-rises, 614 below-hz, 115207 mag-cull
[18:35:03.135] [PARALLAX] [trace] Stars: 116812 total | 892 candidates (1%) | 384 visible | prefilter: 99 never-rises, 614 below-hz, 115207 mag-cull
[18:35:03.253] [PARALLAX] [trace] Stars: 116812 total | 892 candidates (1%) | 383 visible | prefilter: 99 never-rises, 614 below-hz, 115207 mag-cull
[18:35:03.366] [PARALLAX] [trace] Stars: 116812 total | 892 candidates (1%) | 391 visible | prefilter: 99 never-rises, 614 below-hz, 115207 mag-cull
[18:35:03.482] [PARALLAX] [trace] Stars: 116812 total | 892 candidates (1%) | 383 visible | prefilter: 99 never-rises, 614 below-hz, 115207 mag-cull
[18:35:03.598] [PARALLAX] [trace] Stars: 116812 total | 892 candidates (1%) | 368 visible | prefilter: 99 never-rises, 614 below-hz, 115207 mag-cull
[18:35:03.713] [PARALLAX] [trace] Stars: 116812 total | 892 candidates (1%) | 372 visible | prefilter: 99 never-rises, 614 below-hz, 115207 mag-cull
[18:35:03.829] [PARALLAX] [trace] Stars: 116812 total | 892 candidates (1%) | 368 visible | prefilter: 99 never-rises, 614 below-hz, 115207 mag-cull
[18:35:03.944] [PARALLAX] [trace] Stars: 116812 total | 892 candidates (1%) | 362 visible | prefilter: 99 never-rises, 614 below-hz, 115207 mag-cull
[18:35:04.056] [PARALLAX] [trace] Stars: 116812 total | 892 candidates (1%) | 349 visible | prefilter: 99 never-rises, 614 below-hz, 115207 mag-cull
[18:35:04.164] [PARALLAX] [trace] Stars: 116812 total | 892 candidates (1%) | 348 visible | prefilter: 99 never-rises, 614 below-hz, 115207 mag-cull
[18:35:04.273] [PARALLAX] [trace] Stars: 116812 total | 892 candidates (1%) | 352 visible | prefilter: 99 never-rises, 614 below-hz, 115207 mag-cull
[18:35:04.386] [PARALLAX] [trace] Stars: 116812 total | 892 candidates (1%) | 354 visible | prefilter: 99 never-rises, 614 below-hz, 115207 mag-cull
[18:35:04.500] [PARALLAX] [trace] Stars: 116812 total | 892 candidates (1%) | 358 visible | prefilter: 99 never-rises, 614 below-hz, 115207 mag-cull
[18:35:04.617] [PARALLAX] [trace] Stars: 116812 total | 892 candidates (1%) | 355 visible | prefilter: 99 never-rises, 614 below-hz, 115207 mag-cull
[18:35:04.732] [PARALLAX] [trace] Stars: 116812 total | 892 candidates (1%) | 355 visible | prefilter: 99 never-rises, 614 below-hz, 115207 mag-cull
[18:35:04.847] [PARALLAX] [trace] Stars: 116812 total | 892 candidates (1%) | 357 visible | prefilter: 99 never-rises, 614 below-hz, 115207 mag-cull
[18:35:04.963] [PARALLAX] [trace] Stars: 116812 total | 892 candidates (1%) | 340 visible | prefilter: 99 never-rises, 614 below-hz, 115207 mag-cull
[18:35:05.078] [PARALLAX] [trace] Stars: 116812 total | 892 candidates (1%) | 321 visible | prefilter: 99 never-rises, 614 below-hz, 115207 mag-cull
[18:35:05.189] [PARALLAX] [trace] Stars: 116812 total | 892 candidates (1%) | 313 visible | prefilter: 99 never-rises, 614 below-hz, 115207 mag-cull
[18:35:05.301] [PARALLAX] [trace] Stars: 116812 total | 892 candidates (1%) | 307 visible | prefilter: 99 never-rises, 614 below-hz, 115207 mag-cull
[18:35:05.413] [PARALLAX] [trace] Stars: 116812 total | 892 candidates (1%) | 304 visible | prefilter: 99 never-rises, 614 below-hz, 115207 mag-cull
[18:35:05.521] [PARALLAX] [trace] Stars: 116812 total | 892 candidates (1%) | 302 visible | prefilter: 99 never-rises, 614 below-hz, 115207 mag-cull
[18:35:05.631] [PARALLAX] [trace] Stars: 116812 total | 892 candidates (1%) | 258 visible | prefilter: 99 never-rises, 614 below-hz, 115207 mag-cull
[18:35:05.738] [PARALLAX] [trace] Stars: 116812 total | 892 candidates (1%) | 214 visible | prefilter: 99 never-rises, 614 below-hz, 115207 mag-cull
[18:35:05.846] [PARALLAX] [trace] Stars: 116812 total | 892 candidates (1%) | 213 visible | prefilter: 99 never-rises, 614 below-hz, 115207 mag-cull
[18:35:05.956] [PARALLAX] [trace] Stars: 116812 total | 892 candidates (1%) | 211 visible | prefilter: 99 never-rises, 614 below-hz, 115207 mag-cull
[18:35:06.064] [PARALLAX] [trace] Stars: 116812 total | 892 candidates (1%) | 211 visible | prefilter: 99 never-rises, 614 below-hz, 115207 mag-cull
[18:35:06.175] [PARALLAX] [trace] Stars: 116812 total | 892 candidates (1%) | 213 visible | prefilter: 99 never-rises, 614 below-hz, 115207 mag-cull
[18:35:06.293] [PARALLAX] [trace] Stars: 116812 total | 892 candidates (1%) | 213 visible | prefilter: 99 never-rises, 614 below-hz, 115207 mag-cull
[18:35:06.415] [PARALLAX] [trace] Stars: 116812 total | 892 candidates (1%) | 213 visible | prefilter: 99 never-rises, 614 below-hz, 115207 mag-cull
[18:35:06.534] [PARALLAX] [trace] Stars: 116812 total | 892 candidates (1%) | 213 visible | prefilter: 99 never-rises, 614 below-hz, 115207 mag-cull
[18:35:06.644] [PARALLAX] [trace] Stars: 116812 total | 892 candidates (1%) | 192 visible | prefilter: 99 never-rises, 614 below-hz, 115207 mag-cull
[18:35:06.757] [PARALLAX] [trace] Stars: 116812 total | 892 candidates (1%) | 125 visible | prefilter: 99 never-rises, 614 below-hz, 115207 mag-cull
[18:35:06.871] [PARALLAX] [trace] Stars: 116812 total | 892 candidates (1%) | 84 visible | prefilter: 99 never-rises, 614 below-hz, 115207 mag-cull
[18:35:06.982] [PARALLAX] [trace] Stars: 116812 total | 892 candidates (1%) | 65 visible | prefilter: 99 never-rises, 614 below-hz, 115207 mag-cull
[18:35:07.085] [PARALLAX] [trace] Stars: 116812 total | 892 candidates (1%) | 60 visible | prefilter: 99 never-rises, 614 below-hz, 115207 mag-cull
[18:35:07.186] [PARALLAX] [trace] Stars: 116812 total | 892 candidates (1%) | 60 visible | prefilter: 99 never-rises, 614 below-hz, 115207 mag-cull
[18:35:07.281] [PARALLAX] [trace] Stars: 116812 total | 892 candidates (1%) | 60 visible | prefilter: 99 never-rises, 614 below-hz, 115207 mag-cull
[18:35:07.384] [PARALLAX] [trace] Stars: 116812 total | 892 candidates (1%) | 74 visible | prefilter: 99 never-rises, 614 below-hz, 115207 mag-cull
[18:35:07.490] [PARALLAX] [trace] Stars: 116812 total | 892 candidates (1%) | 129 visible | prefilter: 99 never-rises, 614 below-hz, 115207 mag-cull
[18:35:07.602] [PARALLAX] [trace] Stars: 116812 total | 892 candidates (1%) | 180 visible | prefilter: 99 never-rises, 614 below-hz, 115207 mag-cull
[18:35:07.712] [PARALLAX] [trace] Stars: 116812 total | 892 candidates (1%) | 195 visible | prefilter: 99 never-rises, 614 below-hz, 115207 mag-cull
[18:35:07.824] [PARALLAX] [trace] Stars: 116812 total | 892 candidates (1%) | 171 visible | prefilter: 99 never-rises, 614 below-hz, 115207 mag-cull
[18:35:07.935] [PARALLAX] [trace] Stars: 116812 total | 892 candidates (1%) | 124 visible | prefilter: 99 never-rises, 614 below-hz, 115207 mag-cull
[18:35:08.060] [PARALLAX] [trace] Stars: 116812 total | 892 candidates (1%) | 124 visible | prefilter: 99 never-rises, 614 below-hz, 115207 mag-cull
[18:35:08.175] [PARALLAX] [trace] Stars: 116812 total | 892 candidates (1%) | 106 visible | prefilter: 99 never-rises, 614 below-hz, 115207 mag-cull
[18:35:08.289] [PARALLAX] [trace] Stars: 116812 total | 892 candidates (1%) | 14 visible | prefilter: 99 never-rises, 614 below-hz, 115207 mag-cull
[18:35:08.401] [PARALLAX] [trace] Stars: 116812 total | 892 candidates (1%) | 2 visible | prefilter: 99 never-rises, 614 below-hz, 115207 mag-cull
[18:35:08.522] [PARALLAX] [trace] Stars: 116812 total | 892 candidates (1%) | 2 visible | prefilter: 99 never-rises, 614 below-hz, 115207 mag-cull
[18:35:08.633] [PARALLAX] [trace] Stars: 116812 total | 892 candidates (1%) | 0 visible | prefilter: 99 never-rises, 614 below-hz, 115207 mag-cull
[18:35:08.751] [PARALLAX] [trace] Stars: 116812 total | 892 candidates (1%) | 0 visible | prefilter: 99 never-rises, 614 below-hz, 115207 mag-cull
[18:35:08.864] [PARALLAX] [trace] Stars: 116812 total | 892 candidates (1%) | 0 visible | prefilter: 99 never-rises, 614 below-hz, 115207 mag-cull
[18:35:08.975] [PARALLAX] [trace] Stars: 116812 total | 892 candidates (1%) | 0 visible | prefilter: 99 never-rises, 614 below-hz, 115207 mag-cull
[18:35:09.099] [PARALLAX] [trace] Stars: 116812 total | 892 candidates (1%) | 0 visible | prefilter: 99 never-rises, 614 below-hz, 115207 mag-cull
[18:35:09.210] [PARALLAX] [trace] Stars: 116812 total | 892 candidates (1%) | 0 visible | prefilter: 99 never-rises, 614 below-hz, 115207 mag-cull
[18:35:09.322] [PARALLAX] [trace] Stars: 116812 total | 892 candidates (1%) | 0 visible | prefilter: 99 never-rises, 614 below-hz, 115207 mag-cull
[18:35:09.441] [PARALLAX] [trace] Stars: 116812 total | 892 candidates (1%) | 0 visible | prefilter: 99 never-rises, 614 below-hz, 115207 mag-cull
[18:35:09.552] [PARALLAX] [trace] Stars: 116812 total | 892 candidates (1%) | 0 visible | prefilter: 99 never-rises, 614 below-hz, 115207 mag-cull
[18:35:09.666] [PARALLAX] [trace] Stars: 116812 total | 892 candidates (1%) | 0 visible | prefilter: 99 never-rises, 614 below-hz, 115207 mag-cull
[18:35:09.784] [PARALLAX] [trace] Stars: 116812 total | 892 candidates (1%) | 13 visible | prefilter: 99 never-rises, 614 below-hz, 115207 mag-cull
[18:35:09.897] [PARALLAX] [trace] Stars: 116812 total | 892 candidates (1%) | 75 visible | prefilter: 99 never-rises, 614 below-hz, 115207 mag-cull
[18:35:10.017] [PARALLAX] [trace] Stars: 116812 total | 892 candidates (1%) | 75 visible | prefilter: 99 never-rises, 614 below-hz, 115207 mag-cull
[18:35:10.131] [PARALLAX] [trace] Stars: 116812 total | 892 candidates (1%) | 160 visible | prefilter: 99 never-rises, 614 below-hz, 115207 mag-cull
[18:35:10.246] [PARALLAX] [trace] Stars: 116812 total | 892 candidates (1%) | 195 visible | prefilter: 99 never-rises, 614 below-hz, 115207 mag-cull
[18:35:10.369] [PARALLAX] [trace] Stars: 116812 total | 892 candidates (1%) | 188 visible | prefilter: 99 never-rises, 614 below-hz, 115207 mag-cull
[18:35:10.486] [PARALLAX] [trace] Stars: 116812 total | 892 candidates (1%) | 301 visible | prefilter: 99 never-rises, 614 below-hz, 115207 mag-cull
[18:35:10.605] [PARALLAX] [trace] Stars: 116812 total | 892 candidates (1%) | 304 visible | prefilter: 99 never-rises, 614 below-hz, 115207 mag-cull
[18:35:10.727] [PARALLAX] [trace] Stars: 116812 total | 892 candidates (1%) | 313 visible | prefilter: 99 never-rises, 614 below-hz, 115207 mag-cull
[18:35:10.846] [PARALLAX] [trace] Stars: 116812 total | 892 candidates (1%) | 416 visible | prefilter: 99 never-rises, 614 below-hz, 115207 mag-cull
[18:35:10.969] [PARALLAX] [trace] Stars: 116812 total | 892 candidates (1%) | 416 visible | prefilter: 99 never-rises, 614 below-hz, 115207 mag-cull
[18:35:11.091] [PARALLAX] [trace] Stars: 116812 total | 892 candidates (1%) | 418 visible | prefilter: 99 never-rises, 614 below-hz, 115207 mag-cull
[18:35:11.209] [PARALLAX] [trace] Stars: 116812 total | 892 candidates (1%) | 442 visible | prefilter: 99 never-rises, 614 below-hz, 115207 mag-cull
[18:35:11.328] [PARALLAX] [trace] Stars: 116812 total | 892 candidates (1%) | 443 visible | prefilter: 99 never-rises, 614 below-hz, 115207 mag-cull
[18:35:11.457] [PARALLAX] [trace] Stars: 116812 total | 892 candidates (1%) | 443 visible | prefilter: 99 never-rises, 614 below-hz, 115207 mag-cull
[18:35:11.574] [PARALLAX] [trace] Stars: 116812 total | 892 candidates (1%) | 443 visible | prefilter: 99 never-rises, 614 below-hz, 115207 mag-cull
[18:35:11.690] [PARALLAX] [trace] Stars: 116812 total | 892 candidates (1%) | 444 visible | prefilter: 99 never-rises, 614 below-hz, 115207 mag-cull
[18:35:11.805] [PARALLAX] [trace] Stars: 116812 total | 892 candidates (1%) | 444 visible | prefilter: 99 never-rises, 614 below-hz, 115207 mag-cull
[18:35:11.936] [PARALLAX] [trace] Stars: 116812 total | 892 candidates (1%) | 444 visible | prefilter: 99 never-rises, 614 below-hz, 115207 mag-cull
[18:35:12.051] [PARALLAX] [trace] Stars: 116812 total | 892 candidates (1%) | 444 visible | prefilter: 99 never-rises, 614 below-hz, 115207 mag-cull
[18:35:12.171] [PARALLAX] [trace] Stars: 116812 total | 892 candidates (1%) | 445 visible | prefilter: 99 never-rises, 614 below-hz, 115207 mag-cull
[18:35:12.284] [PARALLAX] [trace] Stars: 116812 total | 892 candidates (1%) | 444 visible | prefilter: 99 never-rises, 614 below-hz, 115207 mag-cull
[18:35:12.393] [PARALLAX] [trace] Stars: 116812 total | 892 candidates (1%) | 447 visible | prefilter: 99 never-rises, 614 below-hz, 115207 mag-cull
[18:35:12.510] [PARALLAX] [trace] Stars: 116812 total | 892 candidates (1%) | 438 visible | prefilter: 99 never-rises, 614 below-hz, 115207 mag-cull
[18:35:12.628] [PARALLAX] [trace] Stars: 116812 total | 892 candidates (1%) | 436 visible | prefilter: 99 never-rises, 614 below-hz, 115207 mag-cull
[18:35:12.744] [PARALLAX] [trace] Stars: 116812 total | 892 candidates (1%) | 418 visible | prefilter: 99 never-rises, 614 below-hz, 115207 mag-cull
[18:35:12.857] [PARALLAX] [trace] Stars: 116812 total | 892 candidates (1%) | 414 visible | prefilter: 99 never-rises, 614 below-hz, 115207 mag-cull
[18:35:12.981] [PARALLAX] [trace] Stars: 116812 total | 892 candidates (1%) | 414 visible | prefilter: 99 never-rises, 614 below-hz, 115207 mag-cull
[18:35:13.104] [PARALLAX] [trace] Stars: 116812 total | 892 candidates (1%) | 412 visible | prefilter: 99 never-rises, 614 below-hz, 115207 mag-cull
[18:35:13.220] [PARALLAX] [trace] Stars: 116812 total | 892 candidates (1%) | 400 visible | prefilter: 99 never-rises, 614 below-hz, 115207 mag-cull
[18:35:13.336] [PARALLAX] [trace] Stars: 116812 total | 892 candidates (1%) | 406 visible | prefilter: 99 never-rises, 614 below-hz, 115207 mag-cull
[18:35:13.454] [PARALLAX] [trace] Stars: 116812 total | 892 candidates (1%) | 406 visible | prefilter: 99 never-rises, 614 below-hz, 115207 mag-cull
[18:35:13.576] [PARALLAX] [trace] Stars: 116812 total | 892 candidates (1%) | 406 visible | prefilter: 99 never-rises, 614 below-hz, 115207 mag-cull
[18:35:13.702] [PARALLAX] [trace] Stars: 116812 total | 892 candidates (1%) | 406 visible | prefilter: 99 never-rises, 614 below-hz, 115207 mag-cull
[18:35:13.824] [PARALLAX] [trace] Stars: 116812 total | 892 candidates (1%) | 406 visible | prefilter: 99 never-rises, 614 below-hz, 115207 mag-cull
[18:35:13.947] [PARALLAX] [trace] Stars: 116812 total | 892 candidates (1%) | 406 visible | prefilter: 99 never-rises, 614 below-hz, 115207 mag-cull
[18:35:14.061] [PARALLAX] [trace] Stars: 116812 total | 892 candidates (1%) | 406 visible | prefilter: 99 never-rises, 614 below-hz, 115207 mag-cull
[18:35:14.171] [PARALLAX] [trace] Stars: 116812 total | 892 candidates (1%) | 406 visible | prefilter: 99 never-rises, 614 below-hz, 115207 mag-cull
[18:35:14.271] [PARALLAX] [trace] Stars: 116812 total | 892 candidates (1%) | 406 visible | prefilter: 99 never-rises, 614 below-hz, 115207 mag-cull
[18:35:14.373] [PARALLAX] [trace] Stars: 116812 total | 892 candidates (1%) | 406 visible | prefilter: 99 never-rises, 614 below-hz, 115207 mag-cull
[18:35:14.476] [PARALLAX] [trace] Stars: 116812 total | 892 candidates (1%) | 406 visible | prefilter: 99 never-rises, 614 below-hz, 115207 mag-cull
[18:35:14.577] [PARALLAX] [trace] Stars: 116812 total | 892 candidates (1%) | 406 visible | prefilter: 99 never-rises, 614 below-hz, 115207 mag-cull
[18:35:14.676] [PARALLAX] [trace] Stars: 116812 total | 892 candidates (1%) | 406 visible | prefilter: 99 never-rises, 614 below-hz, 115207 mag-cull
[18:35:14.777] [PARALLAX] [trace] Stars: 116812 total | 892 candidates (1%) | 406 visible | prefilter: 99 never-rises, 614 below-hz, 115207 mag-cull
[18:35:14.877] [PARALLAX] [trace] Stars: 116812 total | 892 candidates (1%) | 406 visible | prefilter: 99 never-rises, 614 below-hz, 115207 mag-cull
[18:35:14.976] [PARALLAX] [trace] Stars: 116812 total | 892 candidates (1%) | 406 visible | prefilter: 99 never-rises, 614 below-hz, 115207 mag-cull
[18:35:17.918] [PARALLAX] [trace] Stars: 116812 total | 892 candidates (1%) | 406 visible | prefilter: 99 never-rises, 614 below-hz, 115207 mag-cull
[18:35:18.049] [PARALLAX] [trace] Stars: 116812 total | 892 candidates (1%) | 406 visible | prefilter: 99 never-rises, 614 below-hz, 115207 mag-cull
[18:35:18.177] [PARALLAX] [trace] Stars: 116812 total | 892 candidates (1%) | 406 visible | prefilter: 99 never-rises, 614 below-hz, 115207 mag-cull
[18:35:18.284] [PARALLAX] [trace] Stars: 116812 total | 892 candidates (1%) | 406 visible | prefilter: 99 never-rises, 614 below-hz, 115207 mag-cull
[18:35:18.407] [PARALLAX] [trace] Stars: 116812 total | 892 candidates (1%) | 406 visible | prefilter: 99 never-rises, 614 below-hz, 115207 mag-cull
[18:35:18.515] [PARALLAX] [trace] Stars: 116812 total | 892 candidates (1%) | 406 visible | prefilter: 99 never-rises, 614 below-hz, 115207 mag-cull
[18:35:18.645] [PARALLAX] [trace] Stars: 116812 total | 892 candidates (1%) | 406 visible | prefilter: 99 never-rises, 614 below-hz, 115207 mag-cull
[18:35:18.745] [PARALLAX] [trace] Stars: 116812 total | 892 candidates (1%) | 406 visible | prefilter: 99 never-rises, 614 below-hz, 115207 mag-cull
[18:35:18.854] [PARALLAX] [trace] Stars: 116812 total | 892 candidates (1%) | 406 visible | prefilter: 99 never-rises, 614 below-hz, 115207 mag-cull
[18:35:18.958] [PARALLAX] [trace] Stars: 116812 total | 892 candidates (1%) | 406 visible | prefilter: 99 never-rises, 614 below-hz, 115207 mag-cull
[18:35:19.062] [PARALLAX] [trace] Stars: 116812 total | 892 candidates (1%) | 406 visible | prefilter: 99 never-rises, 614 below-hz, 115207 mag-cull
[18:35:19.167] [PARALLAX] [trace] Stars: 116812 total | 892 candidates (1%) | 406 visible | prefilter: 99 never-rises, 614 below-hz, 115207 mag-cull
[18:35:19.287] [PARALLAX] [trace] Stars: 116812 total | 892 candidates (1%) | 406 visible | prefilter: 99 never-rises, 614 below-hz, 115207 mag-cull
[18:35:19.399] [PARALLAX] [trace] Stars: 116812 total | 892 candidates (1%) | 406 visible | prefilter: 99 never-rises, 614 below-hz, 115207 mag-cull
[18:35:19.515] [PARALLAX] [trace] Stars: 116812 total | 892 candidates (1%) | 406 visible | prefilter: 99 never-rises, 614 below-hz, 115207 mag-cull
[18:35:19.625] [PARALLAX] [trace] Stars: 116812 total | 892 candidates (1%) | 406 visible | prefilter: 99 never-rises, 614 below-hz, 115207 mag-cull
[18:35:19.734] [PARALLAX] [trace] Stars: 116812 total | 892 candidates (1%) | 406 visible | prefilter: 99 never-rises, 614 below-hz, 115207 mag-cull
[18:35:19.844] [PARALLAX] [trace] Stars: 116812 total | 892 candidates (1%) | 406 visible | prefilter: 99 never-rises, 614 below-hz, 115207 mag-cull
[18:35:19.953] [PARALLAX] [trace] Stars: 116812 total | 892 candidates (1%) | 406 visible | prefilter: 99 never-rises, 614 below-hz, 115207 mag-cull
[18:35:20.058] [PARALLAX] [trace] Stars: 116812 total | 892 candidates (1%) | 406 visible | prefilter: 99 never-rises, 614 below-hz, 115207 mag-cull
[18:35:20.164] [PARALLAX] [trace] Stars: 116812 total | 892 candidates (1%) | 406 visible | prefilter: 99 never-rises, 614 below-hz, 115207 mag-cull
[18:35:20.275] [PARALLAX] [trace] Stars: 116812 total | 892 candidates (1%) | 406 visible | prefilter: 99 never-rises, 614 below-hz, 115207 mag-cull
[18:35:20.388] [PARALLAX] [trace] Stars: 116812 total | 892 candidates (1%) | 406 visible | prefilter: 99 never-rises, 614 below-hz, 115207 mag-cull
[18:35:20.496] [PARALLAX] [trace] Stars: 116812 total | 892 candidates (1%) | 406 visible | prefilter: 99 never-rises, 614 below-hz, 115207 mag-cull
[18:35:20.596] [PARALLAX] [trace] Stars: 116812 total | 892 candidates (1%) | 406 visible | prefilter: 99 never-rises, 614 below-hz, 115207 mag-cull
[18:35:20.710] [PARALLAX] [trace] Stars: 116812 total | 892 candidates (1%) | 406 visible | prefilter: 99 never-rises, 614 below-hz, 115207 mag-cull
[18:35:20.825] [PARALLAX] [trace] Stars: 116812 total | 892 candidates (1%) | 406 visible | prefilter: 99 never-rises, 614 below-hz, 115207 mag-cull
[18:35:20.934] [PARALLAX] [trace] Stars: 116812 total | 892 candidates (1%) | 406 visible | prefilter: 99 never-rises, 614 below-hz, 115207 mag-cull
[18:35:21.088] [PARALLAX] [trace] Stars: 116812 total | 892 candidates (1%) | 406 visible | prefilter: 99 never-rises, 614 below-hz, 115207 mag-cull
[18:35:21.197] [PARALLAX] [trace] Stars: 116812 total | 892 candidates (1%) | 406 visible | prefilter: 99 never-rises, 614 below-hz, 115207 mag-cull
[18:35:21.295] [PARALLAX] [trace] Stars: 116812 total | 892 candidates (1%) | 406 visible | prefilter: 99 never-rises, 614 below-hz, 115207 mag-cull
[18:35:21.396] [PARALLAX] [trace] Stars: 116812 total | 892 candidates (1%) | 406 visible | prefilter: 99 never-rises, 614 below-hz, 115207 mag-cull
[18:35:21.498] [PARALLAX] [trace] Stars: 116812 total | 892 candidates (1%) | 406 visible | prefilter: 99 never-rises, 614 below-hz, 115207 mag-cull
[18:35:21.610] [PARALLAX] [trace] Stars: 116812 total | 892 candidates (1%) | 406 visible | prefilter: 99 never-rises, 614 below-hz, 115207 mag-cull
[18:35:21.720] [PARALLAX] [trace] Stars: 116812 total | 892 candidates (1%) | 406 visible | prefilter: 99 never-rises, 614 below-hz, 115207 mag-cull
[18:35:21.820] [PARALLAX] [trace] Stars: 116812 total | 892 candidates (1%) | 406 visible | prefilter: 99 never-rises, 614 below-hz, 115207 mag-cull
[18:35:21.922] [PARALLAX] [trace] Stars: 116812 total | 892 candidates (1%) | 406 visible | prefilter: 99 never-rises, 614 below-hz, 115207 mag-cull
[18:35:22.022] [PARALLAX] [trace] Stars: 116812 total | 892 candidates (1%) | 406 visible | prefilter: 99 never-rises, 614 below-hz, 115207 mag-cull
[18:35:22.119] [PARALLAX] [trace] Stars: 116812 total | 892 candidates (1%) | 406 visible | prefilter: 99 never-rises, 614 below-hz, 115207 mag-cull
[18:35:22.220] [PARALLAX] [trace] Stars: 116812 total | 892 candidates (1%) | 406 visible | prefilter: 99 never-rises, 614 below-hz, 115207 mag-cull
[18:35:22.329] [PARALLAX] [trace] Stars: 116812 total | 892 candidates (1%) | 406 visible | prefilter: 99 never-rises, 614 below-hz, 115207 mag-cull
[18:35:22.445] [PARALLAX] [trace] Stars: 116812 total | 892 candidates (1%) | 406 visible | prefilter: 99 never-rises, 614 below-hz, 115207 mag-cull
[18:35:22.545] [PARALLAX] [trace] Stars: 116812 total | 892 candidates (1%) | 406 visible | prefilter: 99 never-rises, 614 below-hz, 115207 mag-cull
[18:35:22.645] [PARALLAX] [trace] Stars: 116812 total | 892 candidates (1%) | 406 visible | prefilter: 99 never-rises, 614 below-hz, 115207 mag-cull
[18:35:22.745] [PARALLAX] [trace] Stars: 116812 total | 892 candidates (1%) | 406 visible | prefilter: 99 never-rises, 614 below-hz, 115207 mag-cull
[18:35:22.857] [PARALLAX] [trace] Stars: 116812 total | 892 candidates (1%) | 406 visible | prefilter: 99 never-rises, 614 below-hz, 115207 mag-cull
[18:35:22.973] [PARALLAX] [trace] Stars: 116812 total | 892 candidates (1%) | 406 visible | prefilter: 99 never-rises, 614 below-hz, 115207 mag-cull
[18:35:23.079] [PARALLAX] [trace] Stars: 116812 total | 892 candidates (1%) | 406 visible | prefilter: 99 never-rises, 614 below-hz, 115207 mag-cull
[18:35:23.193] [PARALLAX] [trace] Stars: 116812 total | 892 candidates (1%) | 406 visible | prefilter: 99 never-rises, 614 below-hz, 115207 mag-cull
[18:35:23.310] [PARALLAX] [trace] Stars: 116812 total | 892 candidates (1%) | 406 visible | prefilter: 99 never-rises, 614 below-hz, 115207 mag-cull
[18:35:23.417] [PARALLAX] [trace] Stars: 116812 total | 892 candidates (1%) | 406 visible | prefilter: 99 never-rises, 614 below-hz, 115207 mag-cull
[18:35:23.521] [PARALLAX] [trace] Stars: 116812 total | 892 candidates (1%) | 406 visible | prefilter: 99 never-rises, 614 below-hz, 115207 mag-cull
[18:35:23.620] [PARALLAX] [trace] Stars: 116812 total | 892 candidates (1%) | 406 visible | prefilter: 99 never-rises, 614 below-hz, 115207 mag-cull
[18:35:23.723] [PARALLAX] [trace] Stars: 116812 total | 892 candidates (1%) | 406 visible | prefilter: 99 never-rises, 614 below-hz, 115207 mag-cull
[18:35:23.829] [PARALLAX] [trace] Stars: 116812 total | 892 candidates (1%) | 406 visible | prefilter: 99 never-rises, 614 below-hz, 115207 mag-cull
[18:35:23.930] [PARALLAX] [trace] Stars: 116812 total | 892 candidates (1%) | 406 visible | prefilter: 99 never-rises, 614 below-hz, 115207 mag-cull
[18:35:24.038] [PARALLAX] [trace] Stars: 116812 total | 892 candidates (1%) | 406 visible | prefilter: 99 never-rises, 614 below-hz, 115207 mag-cull
[18:35:24.157] [PARALLAX] [trace] Stars: 116812 total | 892 candidates (1%) | 406 visible | prefilter: 99 never-rises, 614 below-hz, 115207 mag-cull
[18:35:24.271] [PARALLAX] [trace] Stars: 116812 total | 892 candidates (1%) | 406 visible | prefilter: 99 never-rises, 614 below-hz, 115207 mag-cull
[18:35:24.378] [PARALLAX] [trace] Stars: 116812 total | 892 candidates (1%) | 406 visible | prefilter: 99 never-rises, 614 below-hz, 115207 mag-cull
[18:35:24.476] [PARALLAX] [trace] Stars: 116812 total | 892 candidates (1%) | 406 visible | prefilter: 99 never-rises, 614 below-hz, 115207 mag-cull
[18:35:24.574] [PARALLAX] [trace] Stars: 116812 total | 892 candidates (1%) | 406 visible | prefilter: 99 never-rises, 614 below-hz, 115207 mag-cull
[18:35:24.675] [PARALLAX] [trace] Stars: 116812 total | 892 candidates (1%) | 406 visible | prefilter: 99 never-rises, 614 below-hz, 115207 mag-cull
[18:35:24.774] [PARALLAX] [trace] Stars: 116812 total | 892 candidates (1%) | 406 visible | prefilter: 99 never-rises, 614 below-hz, 115207 mag-cull
[18:35:24.879] [PARALLAX] [trace] Stars: 116812 total | 892 candidates (1%) | 406 visible | prefilter: 99 never-rises, 614 below-hz, 115207 mag-cull
[18:35:24.980] [PARALLAX] [trace] Stars: 116812 total | 892 candidates (1%) | 406 visible | prefilter: 99 never-rises, 614 below-hz, 115207 mag-cull
[18:35:25.078] [PARALLAX] [trace] Stars: 116812 total | 892 candidates (1%) | 406 visible | prefilter: 99 never-rises, 614 below-hz, 115207 mag-cull
[18:35:25.179] [PARALLAX] [trace] Stars: 116812 total | 892 candidates (1%) | 406 visible | prefilter: 99 never-rises, 614 below-hz, 115207 mag-cull
[18:35:25.280] [PARALLAX] [trace] Stars: 116812 total | 892 candidates (1%) | 406 visible | prefilter: 99 never-rises, 614 below-hz, 115207 mag-cull
[18:35:25.380] [PARALLAX] [trace] Stars: 116812 total | 892 candidates (1%) | 406 visible | prefilter: 99 never-rises, 614 below-hz, 115207 mag-cull
[18:35:25.482] [PARALLAX] [trace] Stars: 116812 total | 892 candidates (1%) | 406 visible | prefilter: 99 never-rises, 614 below-hz, 115207 mag-cull
[18:35:25.586] [PARALLAX] [trace] Stars: 116812 total | 892 candidates (1%) | 406 visible | prefilter: 99 never-rises, 614 below-hz, 115207 mag-cull
[18:35:25.689] [PARALLAX] [trace] Stars: 116812 total | 892 candidates (1%) | 406 visible | prefilter: 99 never-rises, 614 below-hz, 115207 mag-cull
[18:35:25.788] [PARALLAX] [trace] Stars: 116812 total | 892 candidates (1%) | 406 visible | prefilter: 99 never-rises, 614 below-hz, 115207 mag-cull
[18:35:25.892] [PARALLAX] [trace] Stars: 116812 total | 892 candidates (1%) | 406 visible | prefilter: 99 never-rises, 614 below-hz, 115207 mag-cull
[18:35:25.990] [PARALLAX] [trace] Stars: 116812 total | 892 candidates (1%) | 406 visible | prefilter: 99 never-rises, 614 below-hz, 115207 mag-cull
[18:35:26.093] [PARALLAX] [trace] Stars: 116812 total | 892 candidates (1%) | 406 visible | prefilter: 99 never-rises, 614 below-hz, 115207 mag-cull
[18:35:26.194] [PARALLAX] [trace] Stars: 116812 total | 892 candidates (1%) | 406 visible | prefilter: 99 never-rises, 614 below-hz, 115207 mag-cull
[18:35:26.294] [PARALLAX] [trace] Stars: 116812 total | 892 candidates (1%) | 406 visible | prefilter: 99 never-rises, 614 below-hz, 115207 mag-cull
[18:35:26.392] [PARALLAX] [trace] Stars: 116812 total | 892 candidates (1%) | 406 visible | prefilter: 99 never-rises, 614 below-hz, 115207 mag-cull
[18:35:26.489] [PARALLAX] [trace] Stars: 116812 total | 892 candidates (1%) | 406 visible | prefilter: 99 never-rises, 614 below-hz, 115207 mag-cull
[18:35:26.588] [PARALLAX] [trace] Stars: 116812 total | 892 candidates (1%) | 406 visible | prefilter: 99 never-rises, 614 below-hz, 115207 mag-cull
[18:35:26.686] [PARALLAX] [trace] Stars: 116812 total | 892 candidates (1%) | 406 visible | prefilter: 99 never-rises, 614 below-hz, 115207 mag-cull
[18:35:26.789] [PARALLAX] [trace] Stars: 116812 total | 892 candidates (1%) | 406 visible | prefilter: 99 never-rises, 614 below-hz, 115207 mag-cull
[18:35:26.890] [PARALLAX] [trace] Stars: 116812 total | 892 candidates (1%) | 406 visible | prefilter: 99 never-rises, 614 below-hz, 115207 mag-cull
[18:35:26.993] [PARALLAX] [trace] Stars: 116812 total | 892 candidates (1%) | 406 visible | prefilter: 99 never-rises, 614 below-hz, 115207 mag-cull
[18:35:27.091] [PARALLAX] [trace] Stars: 116812 total | 892 candidates (1%) | 406 visible | prefilter: 99 never-rises, 614 below-hz, 115207 mag-cull
[18:35:27.192] [PARALLAX] [trace] Stars: 116812 total | 892 candidates (1%) | 406 visible | prefilter: 99 never-rises, 614 below-hz, 115207 mag-cull
[18:35:27.291] [PARALLAX] [trace] Stars: 116812 total | 892 candidates (1%) | 406 visible | prefilter: 99 never-rises, 614 below-hz, 115207 mag-cull
[18:35:27.390] [PARALLAX] [trace] Stars: 116812 total | 892 candidates (1%) | 406 visible | prefilter: 99 never-rises, 614 below-hz, 115207 mag-cull
[18:35:27.489] [PARALLAX] [trace] Stars: 116812 total | 892 candidates (1%) | 406 visible | prefilter: 99 never-rises, 614 below-hz, 115207 mag-cull
[18:35:27.591] [PARALLAX] [trace] Stars: 116812 total | 892 candidates (1%) | 406 visible | prefilter: 99 never-rises, 614 below-hz, 115207 mag-cull
[18:35:27.694] [PARALLAX] [trace] Stars: 116812 total | 892 candidates (1%) | 406 visible | prefilter: 99 never-rises, 614 below-hz, 115207 mag-cull
[18:35:27.794] [PARALLAX] [trace] Stars: 116812 total | 892 candidates (1%) | 406 visible | prefilter: 99 never-rises, 614 below-hz, 115207 mag-cull
[18:35:27.899] [PARALLAX] [trace] Stars: 116812 total | 892 candidates (1%) | 406 visible | prefilter: 99 never-rises, 614 below-hz, 115207 mag-cull
[18:35:28.000] [PARALLAX] [trace] Stars: 116812 total | 892 candidates (1%) | 406 visible | prefilter: 99 never-rises, 614 below-hz, 115207 mag-cull
[18:35:28.098] [PARALLAX] [trace] Stars: 116812 total | 892 candidates (1%) | 406 visible | prefilter: 99 never-rises, 614 below-hz, 115207 mag-cull
[18:35:28.198] [PARALLAX] [trace] Stars: 116812 total | 892 candidates (1%) | 406 visible | prefilter: 99 never-rises, 614 below-hz, 115207 mag-cull
[18:35:28.298] [PARALLAX] [trace] Stars: 116812 total | 892 candidates (1%) | 406 visible | prefilter: 99 never-rises, 614 below-hz, 115207 mag-cull
[18:35:28.397] [PARALLAX] [trace] Stars: 116812 total | 892 candidates (1%) | 406 visible | prefilter: 99 never-rises, 614 below-hz, 115207 mag-cull
[18:35:28.496] [PARALLAX] [trace] Stars: 116812 total | 892 candidates (1%) | 406 visible | prefilter: 99 never-rises, 614 below-hz, 115207 mag-cull
[18:35:28.595] [PARALLAX] [trace] Stars: 116812 total | 892 candidates (1%) | 406 visible | prefilter: 99 never-rises, 614 below-hz, 115207 mag-cull
[18:35:28.696] [PARALLAX] [trace] Stars: 116812 total | 892 candidates (1%) | 406 visible | prefilter: 99 never-rises, 614 below-hz, 115207 mag-cull
[18:35:28.796] [PARALLAX] [trace] Stars: 116812 total | 892 candidates (1%) | 406 visible | prefilter: 99 never-rises, 614 below-hz, 115207 mag-cull
[18:35:28.898] [PARALLAX] [trace] Stars: 116812 total | 892 candidates (1%) | 406 visible | prefilter: 99 never-rises, 614 below-hz, 115207 mag-cull
[18:35:28.998] [PARALLAX] [trace] Stars: 116812 total | 892 candidates (1%) | 406 visible | prefilter: 99 never-rises, 614 below-hz, 115207 mag-cull
[18:35:29.097] [PARALLAX] [trace] Stars: 116812 total | 892 candidates (1%) | 406 visible | prefilter: 99 never-rises, 614 below-hz, 115207 mag-cull
[18:35:29.196] [PARALLAX] [trace] Stars: 116812 total | 892 candidates (1%) | 406 visible | prefilter: 99 never-rises, 614 below-hz, 115207 mag-cull
[18:35:29.295] [PARALLAX] [trace] Stars: 116812 total | 892 candidates (1%) | 406 visible | prefilter: 99 never-rises, 614 below-hz, 115207 mag-cull
[18:35:29.432] [PARALLAX] [trace] Stars: 116812 total | 892 candidates (1%) | 406 visible | prefilter: 99 never-rises, 614 below-hz, 115207 mag-cull
[18:35:29.530] [PARALLAX] [trace] Stars: 116812 total | 892 candidates (1%) | 406 visible | prefilter: 99 never-rises, 614 below-hz, 115207 mag-cull
[18:35:29.628] [PARALLAX] [trace] Stars: 116812 total | 892 candidates (1%) | 406 visible | prefilter: 99 never-rises, 614 below-hz, 115207 mag-cull
[18:35:29.731] [PARALLAX] [trace] Stars: 116812 total | 892 candidates (1%) | 406 visible | prefilter: 99 never-rises, 614 below-hz, 115207 mag-cull
[18:35:29.831] [PARALLAX] [trace] Stars: 116812 total | 892 candidates (1%) | 406 visible | prefilter: 99 never-rises, 614 below-hz, 115207 mag-cull
[18:35:29.934] [PARALLAX] [trace] Stars: 116812 total | 892 candidates (1%) | 406 visible | prefilter: 99 never-rises, 614 below-hz, 115207 mag-cull
[18:35:30.034] [PARALLAX] [trace] Stars: 116812 total | 892 candidates (1%) | 406 visible | prefilter: 99 never-rises, 614 below-hz, 115207 mag-cull
[18:35:30.131] [PARALLAX] [trace] Stars: 116812 total | 892 candidates (1%) | 406 visible | prefilter: 99 never-rises, 614 below-hz, 115207 mag-cull
[18:35:30.232] [PARALLAX] [trace] Stars: 116812 total | 892 candidates (1%) | 406 visible | prefilter: 99 never-rises, 614 below-hz, 115207 mag-cull
[18:35:30.332] [PARALLAX] [trace] Stars: 116812 total | 892 candidates (1%) | 406 visible | prefilter: 99 never-rises, 614 below-hz, 115207 mag-cull
[18:35:30.430] [PARALLAX] [trace] Stars: 116812 total | 892 candidates (1%) | 406 visible | prefilter: 99 never-rises, 614 below-hz, 115207 mag-cull
[18:35:30.530] [PARALLAX] [trace] Stars: 116812 total | 892 candidates (1%) | 406 visible | prefilter: 99 never-rises, 614 below-hz, 115207 mag-cull
[18:35:30.630] [PARALLAX] [trace] Stars: 116812 total | 892 candidates (1%) | 406 visible | prefilter: 99 never-rises, 614 below-hz, 115207 mag-cull
[18:35:30.728] [PARALLAX] [trace] Stars: 116812 total | 892 candidates (1%) | 406 visible | prefilter: 99 never-rises, 614 below-hz, 115207 mag-cull
[18:35:30.828] [PARALLAX] [trace] Stars: 116812 total | 892 candidates (1%) | 406 visible | prefilter: 99 never-rises, 614 below-hz, 115207 mag-cull
[18:35:30.934] [PARALLAX] [trace] Stars: 116812 total | 892 candidates (1%) | 406 visible | prefilter: 99 never-rises, 614 below-hz, 115207 mag-cull
[18:35:31.035] [PARALLAX] [trace] Stars: 116812 total | 892 candidates (1%) | 406 visible | prefilter: 99 never-rises, 614 below-hz, 115207 mag-cull
[18:35:31.136] [PARALLAX] [trace] Stars: 116812 total | 892 candidates (1%) | 406 visible | prefilter: 99 never-rises, 614 below-hz, 115207 mag-cull
[18:35:31.235] [PARALLAX] [trace] Stars: 116812 total | 892 candidates (1%) | 406 visible | prefilter: 99 never-rises, 614 below-hz, 115207 mag-cull
[18:35:31.339] [PARALLAX] [trace] Stars: 116812 total | 892 candidates (1%) | 406 visible | prefilter: 99 never-rises, 614 below-hz, 115207 mag-cull
[18:35:31.440] [PARALLAX] [trace] Stars: 116812 total | 892 candidates (1%) | 406 visible | prefilter: 99 never-rises, 614 below-hz, 115207 mag-cull
[18:35:31.539] [PARALLAX] [trace] Stars: 116812 total | 892 candidates (1%) | 406 visible | prefilter: 99 never-rises, 614 below-hz, 115207 mag-cull
[18:35:31.638] [PARALLAX] [trace] Stars: 116812 total | 892 candidates (1%) | 406 visible | prefilter: 99 never-rises, 614 below-hz, 115207 mag-cull
[18:35:31.737] [PARALLAX] [trace] Stars: 116812 total | 892 candidates (1%) | 406 visible | prefilter: 99 never-rises, 614 below-hz, 115207 mag-cull
[18:35:31.838] [PARALLAX] [trace] Stars: 116812 total | 892 candidates (1%) | 406 visible | prefilter: 99 never-rises, 614 below-hz, 115207 mag-cull
[18:35:31.939] [PARALLAX] [trace] Stars: 116812 total | 892 candidates (1%) | 406 visible | prefilter: 99 never-rises, 614 below-hz, 115207 mag-cull
[18:35:32.038] [PARALLAX] [trace] Stars: 116812 total | 892 candidates (1%) | 406 visible | prefilter: 99 never-rises, 614 below-hz, 115207 mag-cull
[18:35:32.139] [PARALLAX] [trace] Stars: 116812 total | 892 candidates (1%) | 406 visible | prefilter: 99 never-rises, 614 below-hz, 115207 mag-cull
[18:35:32.240] [PARALLAX] [trace] Stars: 116812 total | 892 candidates (1%) | 406 visible | prefilter: 99 never-rises, 614 below-hz, 115207 mag-cull
[18:35:32.341] [PARALLAX] [trace] Stars: 116812 total | 892 candidates (1%) | 406 visible | prefilter: 99 never-rises, 614 below-hz, 115207 mag-cull
[18:35:32.438] [PARALLAX] [trace] Stars: 116812 total | 892 candidates (1%) | 406 visible | prefilter: 99 never-rises, 614 below-hz, 115207 mag-cull
[18:35:32.538] [PARALLAX] [trace] Stars: 116812 total | 892 candidates (1%) | 406 visible | prefilter: 99 never-rises, 614 below-hz, 115207 mag-cull
[18:35:32.638] [PARALLAX] [trace] Stars: 116812 total | 892 candidates (1%) | 406 visible | prefilter: 99 never-rises, 614 below-hz, 115207 mag-cull
[18:35:32.739] [PARALLAX] [trace] Stars: 116812 total | 892 candidates (1%) | 406 visible | prefilter: 99 never-rises, 614 below-hz, 115207 mag-cull
[18:35:32.836] [PARALLAX] [trace] Stars: 116812 total | 892 candidates (1%) | 406 visible | prefilter: 99 never-rises, 614 below-hz, 115207 mag-cull
[18:35:32.938] [PARALLAX] [trace] Stars: 116812 total | 892 candidates (1%) | 406 visible | prefilter: 99 never-rises, 614 below-hz, 115207 mag-cull
[18:35:33.038] [PARALLAX] [trace] Stars: 116812 total | 892 candidates (1%) | 406 visible | prefilter: 99 never-rises, 614 below-hz, 115207 mag-cull
[18:35:33.137] [PARALLAX] [trace] Stars: 116812 total | 892 candidates (1%) | 406 visible | prefilter: 99 never-rises, 614 below-hz, 115207 mag-cull
[18:35:33.236] [PARALLAX] [trace] Stars: 116812 total | 892 candidates (1%) | 406 visible | prefilter: 99 never-rises, 614 below-hz, 115207 mag-cull
[18:35:33.334] [PARALLAX] [trace] Stars: 116812 total | 892 candidates (1%) | 406 visible | prefilter: 99 never-rises, 614 below-hz, 115207 mag-cull
[18:35:33.435] [PARALLAX] [trace] Stars: 116812 total | 892 candidates (1%) | 406 visible | prefilter: 99 never-rises, 614 below-hz, 115207 mag-cull
[18:35:33.534] [PARALLAX] [trace] Stars: 116812 total | 892 candidates (1%) | 406 visible | prefilter: 99 never-rises, 614 below-hz, 115207 mag-cull
[18:35:33.634] [PARALLAX] [trace] Stars: 116812 total | 892 candidates (1%) | 406 visible | prefilter: 99 never-rises, 614 below-hz, 115207 mag-cull
[18:35:33.737] [PARALLAX] [trace] Stars: 116812 total | 892 candidates (1%) | 406 visible | prefilter: 99 never-rises, 614 below-hz, 115207 mag-cull
[18:35:33.836] [PARALLAX] [trace] Stars: 116812 total | 892 candidates (1%) | 406 visible | prefilter: 99 never-rises, 614 below-hz, 115207 mag-cull
[18:35:33.937] [PARALLAX] [trace] Stars: 116812 total | 892 candidates (1%) | 406 visible | prefilter: 99 never-rises, 614 below-hz, 115207 mag-cull
[18:35:34.038] [PARALLAX] [trace] Stars: 116812 total | 892 candidates (1%) | 406 visible | prefilter: 99 never-rises, 614 below-hz, 115207 mag-cull
[18:35:34.137] [PARALLAX] [trace] Stars: 116812 total | 892 candidates (1%) | 406 visible | prefilter: 99 never-rises, 614 below-hz, 115207 mag-cull
[18:35:34.236] [PARALLAX] [trace] Stars: 116812 total | 892 candidates (1%) | 406 visible | prefilter: 99 never-rises, 614 below-hz, 115207 mag-cull
[18:35:34.335] [PARALLAX] [trace] Stars: 116812 total | 892 candidates (1%) | 406 visible | prefilter: 99 never-rises, 614 below-hz, 115207 mag-cull
[18:35:34.434] [PARALLAX] [trace] Stars: 116812 total | 892 candidates (1%) | 406 visible | prefilter: 99 never-rises, 614 below-hz, 115207 mag-cull
[18:35:34.534] [PARALLAX] [trace] Stars: 116812 total | 892 candidates (1%) | 406 visible | prefilter: 99 never-rises, 614 below-hz, 115207 mag-cull
[18:35:34.633] [PARALLAX] [trace] Stars: 116812 total | 892 candidates (1%) | 406 visible | prefilter: 99 never-rises, 614 below-hz, 115207 mag-cull
[18:35:34.734] [PARALLAX] [trace] Stars: 116812 total | 892 candidates (1%) | 406 visible | prefilter: 99 never-rises, 614 below-hz, 115207 mag-cull
[18:35:34.834] [PARALLAX] [trace] Stars: 116812 total | 892 candidates (1%) | 406 visible | prefilter: 99 never-rises, 614 below-hz, 115207 mag-cull
[18:35:34.934] [PARALLAX] [trace] Stars: 116812 total | 892 candidates (1%) | 406 visible | prefilter: 99 never-rises, 614 below-hz, 115207 mag-cull
[18:35:35.038] [PARALLAX] [trace] Stars: 116812 total | 892 candidates (1%) | 406 visible | prefilter: 99 never-rises, 614 below-hz, 115207 mag-cull
[18:35:35.138] [PARALLAX] [trace] Stars: 116812 total | 892 candidates (1%) | 406 visible | prefilter: 99 never-rises, 614 below-hz, 115207 mag-cull
[18:35:35.242] [PARALLAX] [trace] Stars: 116812 total | 892 candidates (1%) | 406 visible | prefilter: 99 never-rises, 614 below-hz, 115207 mag-cull
[18:35:35.340] [PARALLAX] [trace] Stars: 116812 total | 892 candidates (1%) | 406 visible | prefilter: 99 never-rises, 614 below-hz, 115207 mag-cull
[18:35:35.441] [PARALLAX] [trace] Stars: 116812 total | 892 candidates (1%) | 406 visible | prefilter: 99 never-rises, 614 below-hz, 115207 mag-cull
[18:35:35.543] [PARALLAX] [trace] Stars: 116812 total | 892 candidates (1%) | 406 visible | prefilter: 99 never-rises, 614 below-hz, 115207 mag-cull
[18:35:35.643] [PARALLAX] [trace] Stars: 116812 total | 892 candidates (1%) | 406 visible | prefilter: 99 never-rises, 614 below-hz, 115207 mag-cull
[18:35:35.743] [PARALLAX] [trace] Stars: 116812 total | 892 candidates (1%) | 406 visible | prefilter: 99 never-rises, 614 below-hz, 115207 mag-cull
[18:35:35.840] [PARALLAX] [trace] Stars: 116812 total | 892 candidates (1%) | 406 visible | prefilter: 99 never-rises, 614 below-hz, 115207 mag-cull
[18:35:35.944] [PARALLAX] [trace] Stars: 116812 total | 892 candidates (1%) | 406 visible | prefilter: 99 never-rises, 614 below-hz, 115207 mag-cull
[18:35:36.043] [PARALLAX] [trace] Stars: 116812 total | 892 candidates (1%) | 406 visible | prefilter: 99 never-rises, 614 below-hz, 115207 mag-cull
[18:35:36.142] [PARALLAX] [trace] Stars: 116812 total | 892 candidates (1%) | 406 visible | prefilter: 99 never-rises, 614 below-hz, 115207 mag-cull
[18:35:36.244] [PARALLAX] [trace] Stars: 116812 total | 892 candidates (1%) | 406 visible | prefilter: 99 never-rises, 614 below-hz, 115207 mag-cull
[18:35:36.342] [PARALLAX] [trace] Stars: 116812 total | 892 candidates (1%) | 406 visible | prefilter: 99 never-rises, 614 below-hz, 115207 mag-cull
[18:35:36.440] [PARALLAX] [trace] Stars: 116812 total | 892 candidates (1%) | 406 visible | prefilter: 99 never-rises, 614 below-hz, 115207 mag-cull
[18:35:36.558] [PARALLAX] [trace] Stars: 116812 total | 892 candidates (1%) | 406 visible | prefilter: 99 never-rises, 614 below-hz, 115207 mag-cull
[18:35:36.687] [PARALLAX] [trace] Stars: 116812 total | 892 candidates (1%) | 406 visible | prefilter: 99 never-rises, 614 below-hz, 115207 mag-cull
[18:35:36.795] [PARALLAX] [trace] Stars: 116812 total | 892 candidates (1%) | 406 visible | prefilter: 99 never-rises, 614 below-hz, 115207 mag-cull
[18:35:36.903] [PARALLAX] [trace] Stars: 116812 total | 892 candidates (1%) | 406 visible | prefilter: 99 never-rises, 614 below-hz, 115207 mag-cull
[18:35:37.009] [PARALLAX] [trace] Stars: 116812 total | 892 candidates (1%) | 406 visible | prefilter: 99 never-rises, 614 below-hz, 115207 mag-cull
[18:35:37.110] [PARALLAX] [trace] Stars: 116812 total | 892 candidates (1%) | 406 visible | prefilter: 99 never-rises, 614 below-hz, 115207 mag-cull
[18:35:37.218] [PARALLAX] [trace] Stars: 116812 total | 892 candidates (1%) | 406 visible | prefilter: 99 never-rises, 614 below-hz, 115207 mag-cull
[18:35:37.323] [PARALLAX] [trace] Stars: 116812 total | 892 candidates (1%) | 406 visible | prefilter: 99 never-rises, 614 below-hz, 115207 mag-cull
[18:35:37.433] [PARALLAX] [trace] Stars: 116812 total | 892 candidates (1%) | 406 visible | prefilter: 99 never-rises, 614 below-hz, 115207 mag-cull
[18:35:37.537] [PARALLAX] [trace] Stars: 116812 total | 892 candidates (1%) | 406 visible | prefilter: 99 never-rises, 614 below-hz, 115207 mag-cull
[18:35:37.641] [PARALLAX] [trace] Stars: 116812 total | 892 candidates (1%) | 406 visible | prefilter: 99 never-rises, 614 below-hz, 115207 mag-cull
[18:35:37.744] [PARALLAX] [trace] Stars: 116812 total | 892 candidates (1%) | 406 visible | prefilter: 99 never-rises, 614 below-hz, 115207 mag-cull
[18:35:37.846] [PARALLAX] [trace] Stars: 116812 total | 892 candidates (1%) | 406 visible | prefilter: 99 never-rises, 614 below-hz, 115207 mag-cull
[18:35:37.972] [PARALLAX] [trace] Stars: 116812 total | 892 candidates (1%) | 406 visible | prefilter: 99 never-rises, 614 below-hz, 115207 mag-cull
[18:35:38.089] [PARALLAX] [trace] Stars: 116812 total | 892 candidates (1%) | 406 visible | prefilter: 99 never-rises, 614 below-hz, 115207 mag-cull
[18:35:38.200] [PARALLAX] [trace] Stars: 116812 total | 892 candidates (1%) | 406 visible | prefilter: 99 never-rises, 614 below-hz, 115207 mag-cull
[18:35:38.343] [PARALLAX] [trace] Stars: 116812 total | 892 candidates (1%) | 406 visible | prefilter: 99 never-rises, 614 below-hz, 115207 mag-cull
[18:35:38.463] [PARALLAX] [trace] Stars: 116812 total | 892 candidates (1%) | 406 visible | prefilter: 99 never-rises, 614 below-hz, 115207 mag-cull
[18:35:38.588] [PARALLAX] [trace] Stars: 116812 total | 892 candidates (1%) | 406 visible | prefilter: 99 never-rises, 614 below-hz, 115207 mag-cull
[18:35:38.702] [PARALLAX] [trace] Stars: 116812 total | 892 candidates (1%) | 406 visible | prefilter: 99 never-rises, 614 below-hz, 115207 mag-cull
[18:35:38.807] [PARALLAX] [trace] Stars: 116812 total | 892 candidates (1%) | 406 visible | prefilter: 99 never-rises, 614 below-hz, 115207 mag-cull
[18:35:38.909] [PARALLAX] [trace] Stars: 116812 total | 892 candidates (1%) | 406 visible | prefilter: 99 never-rises, 614 below-hz, 115207 mag-cull
[18:35:39.014] [PARALLAX] [trace] Stars: 116812 total | 892 candidates (1%) | 406 visible | prefilter: 99 never-rises, 614 below-hz, 115207 mag-cull
[18:35:39.114] [PARALLAX] [trace] Stars: 116812 total | 892 candidates (1%) | 406 visible | prefilter: 99 never-rises, 614 below-hz, 115207 mag-cull
[18:35:39.214] [PARALLAX] [trace] Stars: 116812 total | 892 candidates (1%) | 406 visible | prefilter: 99 never-rises, 614 below-hz, 115207 mag-cull
[18:35:39.315] [PARALLAX] [trace] Stars: 116812 total | 892 candidates (1%) | 406 visible | prefilter: 99 never-rises, 614 below-hz, 115207 mag-cull
[18:35:39.418] [PARALLAX] [trace] Stars: 116812 total | 892 candidates (1%) | 406 visible | prefilter: 99 never-rises, 614 below-hz, 115207 mag-cull
[18:35:39.531] [PARALLAX] [trace] Stars: 116812 total | 892 candidates (1%) | 406 visible | prefilter: 99 never-rises, 614 below-hz, 115207 mag-cull
[18:35:39.649] [PARALLAX] [trace] Stars: 116812 total | 892 candidates (1%) | 406 visible | prefilter: 99 never-rises, 614 below-hz, 115207 mag-cull
[18:35:39.779] [PARALLAX] [trace] Stars: 116812 total | 892 candidates (1%) | 406 visible | prefilter: 99 never-rises, 614 below-hz, 115207 mag-cull
[18:35:39.891] [PARALLAX] [trace] Stars: 116812 total | 892 candidates (1%) | 406 visible | prefilter: 99 never-rises, 614 below-hz, 115207 mag-cull
[18:35:40.010] [PARALLAX] [trace] Stars: 116812 total | 892 candidates (1%) | 406 visible | prefilter: 99 never-rises, 614 below-hz, 115207 mag-cull
[18:35:40.137] [PARALLAX] [trace] Stars: 116812 total | 892 candidates (1%) | 406 visible | prefilter: 99 never-rises, 614 below-hz, 115207 mag-cull
[18:35:40.273] [PARALLAX] [trace] Stars: 116812 total | 892 candidates (1%) | 406 visible | prefilter: 99 never-rises, 614 below-hz, 115207 mag-cull
[18:35:40.398] [PARALLAX] [trace] Stars: 116812 total | 892 candidates (1%) | 406 visible | prefilter: 99 never-rises, 614 below-hz, 115207 mag-cull
[18:35:40.517] [PARALLAX] [trace] Stars: 116812 total | 892 candidates (1%) | 406 visible | prefilter: 99 never-rises, 614 below-hz, 115207 mag-cull
[18:35:40.629] [PARALLAX] [trace] Stars: 116812 total | 892 candidates (1%) | 406 visible | prefilter: 99 never-rises, 614 below-hz, 115207 mag-cull
[18:35:40.728] [PARALLAX] [trace] Stars: 116812 total | 892 candidates (1%) | 406 visible | prefilter: 99 never-rises, 614 below-hz, 115207 mag-cull
[18:35:40.829] [PARALLAX] [trace] Stars: 116812 total | 892 candidates (1%) | 406 visible | prefilter: 99 never-rises, 614 below-hz, 115207 mag-cull
[18:35:40.935] [PARALLAX] [trace] Stars: 116812 total | 892 candidates (1%) | 406 visible | prefilter: 99 never-rises, 614 below-hz, 115207 mag-cull
[18:35:41.041] [PARALLAX] [trace] Stars: 116812 total | 892 candidates (1%) | 406 visible | prefilter: 99 never-rises, 614 below-hz, 115207 mag-cull
[18:35:41.140] [PARALLAX] [trace] Stars: 116812 total | 892 candidates (1%) | 406 visible | prefilter: 99 never-rises, 614 below-hz, 115207 mag-cull
[18:35:41.240] [PARALLAX] [trace] Stars: 116812 total | 892 candidates (1%) | 406 visible | prefilter: 99 never-rises, 614 below-hz, 115207 mag-cull
[18:35:41.339] [PARALLAX] [trace] Stars: 116812 total | 892 candidates (1%) | 406 visible | prefilter: 99 never-rises, 614 below-hz, 115207 mag-cull
[18:35:41.441] [PARALLAX] [trace] Stars: 116812 total | 892 candidates (1%) | 406 visible | prefilter: 99 never-rises, 614 below-hz, 115207 mag-cull
[18:35:41.539] [PARALLAX] [trace] Stars: 116812 total | 892 candidates (1%) | 406 visible | prefilter: 99 never-rises, 614 below-hz, 115207 mag-cull
[18:35:41.638] [PARALLAX] [trace] Stars: 116812 total | 892 candidates (1%) | 406 visible | prefilter: 99 never-rises, 614 below-hz, 115207 mag-cull
[18:35:41.737] [PARALLAX] [trace] Stars: 116812 total | 892 candidates (1%) | 406 visible | prefilter: 99 never-rises, 614 below-hz, 115207 mag-cull
[18:35:41.838] [PARALLAX] [trace] Stars: 116812 total | 892 candidates (1%) | 406 visible | prefilter: 99 never-rises, 614 below-hz, 115207 mag-cull
[18:35:41.939] [PARALLAX] [trace] Stars: 116812 total | 892 candidates (1%) | 406 visible | prefilter: 99 never-rises, 614 below-hz, 115207 mag-cull
[18:35:42.066] [PARALLAX] [trace] Stars: 116812 total | 892 candidates (1%) | 406 visible | prefilter: 99 never-rises, 614 below-hz, 115207 mag-cull
[18:35:42.170] [PARALLAX] [trace] Stars: 116812 total | 892 candidates (1%) | 406 visible | prefilter: 99 never-rises, 614 below-hz, 115207 mag-cull
[18:35:42.276] [PARALLAX] [trace] Stars: 116812 total | 892 candidates (1%) | 406 visible | prefilter: 99 never-rises, 614 below-hz, 115207 mag-cull
[18:35:42.384] [PARALLAX] [trace] Stars: 116812 total | 892 candidates (1%) | 406 visible | prefilter: 99 never-rises, 614 below-hz, 115207 mag-cull
[18:35:42.488] [PARALLAX] [trace] Stars: 116812 total | 892 candidates (1%) | 406 visible | prefilter: 99 never-rises, 614 below-hz, 115207 mag-cull
[18:35:42.607] [PARALLAX] [trace] Stars: 116812 total | 892 candidates (1%) | 406 visible | prefilter: 99 never-rises, 614 below-hz, 115207 mag-cull
[18:35:42.713] [PARALLAX] [trace] Stars: 116812 total | 892 candidates (1%) | 406 visible | prefilter: 99 never-rises, 614 below-hz, 115207 mag-cull
[18:35:42.814] [PARALLAX] [trace] Stars: 116812 total | 892 candidates (1%) | 406 visible | prefilter: 99 never-rises, 614 below-hz, 115207 mag-cull
[18:35:42.918] [PARALLAX] [trace] Stars: 116812 total | 892 candidates (1%) | 406 visible | prefilter: 99 never-rises, 614 below-hz, 115207 mag-cull
[18:35:43.018] [PARALLAX] [trace] Stars: 116812 total | 892 candidates (1%) | 406 visible | prefilter: 99 never-rises, 614 below-hz, 115207 mag-cull
[18:35:43.118] [PARALLAX] [trace] Stars: 116812 total | 892 candidates (1%) | 406 visible | prefilter: 99 never-rises, 614 below-hz, 115207 mag-cull
[18:35:43.217] [PARALLAX] [trace] Stars: 116812 total | 892 candidates (1%) | 406 visible | prefilter: 99 never-rises, 614 below-hz, 115207 mag-cull
[18:35:43.319] [PARALLAX] [trace] Stars: 116812 total | 892 candidates (1%) | 406 visible | prefilter: 99 never-rises, 614 below-hz, 115207 mag-cull
[18:35:43.419] [PARALLAX] [trace] Stars: 116812 total | 892 candidates (1%) | 406 visible | prefilter: 99 never-rises, 614 below-hz, 115207 mag-cull
[18:35:43.519] [PARALLAX] [trace] Stars: 116812 total | 892 candidates (1%) | 406 visible | prefilter: 99 never-rises, 614 below-hz, 115207 mag-cull
[18:35:43.619] [PARALLAX] [trace] Stars: 116812 total | 892 candidates (1%) | 406 visible | prefilter: 99 never-rises, 614 below-hz, 115207 mag-cull
[18:35:43.722] [PARALLAX] [trace] Stars: 116812 total | 892 candidates (1%) | 406 visible | prefilter: 99 never-rises, 614 below-hz, 115207 mag-cull
[18:35:43.823] [PARALLAX] [trace] Stars: 116812 total | 892 candidates (1%) | 406 visible | prefilter: 99 never-rises, 614 below-hz, 115207 mag-cull
[18:35:43.923] [PARALLAX] [trace] Stars: 116812 total | 892 candidates (1%) | 406 visible | prefilter: 99 never-rises, 614 below-hz, 115207 mag-cull
[18:35:44.025] [PARALLAX] [trace] Stars: 116812 total | 892 candidates (1%) | 406 visible | prefilter: 99 never-rises, 614 below-hz, 115207 mag-cull
[18:35:44.125] [PARALLAX] [trace] Stars: 116812 total | 892 candidates (1%) | 406 visible | prefilter: 99 never-rises, 614 below-hz, 115207 mag-cull
[18:35:44.225] [PARALLAX] [trace] Stars: 116812 total | 892 candidates (1%) | 406 visible | prefilter: 99 never-rises, 614 below-hz, 115207 mag-cull
[18:35:44.337] [PARALLAX] [trace] Stars: 116812 total | 892 candidates (1%) | 406 visible | prefilter: 99 never-rises, 614 below-hz, 115207 mag-cull
[18:35:44.452] [PARALLAX] [trace] Stars: 116812 total | 892 candidates (1%) | 406 visible | prefilter: 99 never-rises, 614 below-hz, 115207 mag-cull
[18:35:44.552] [PARALLAX] [trace] Stars: 116812 total | 892 candidates (1%) | 406 visible | prefilter: 99 never-rises, 614 below-hz, 115207 mag-cull
[18:35:44.696] [PARALLAX] [trace] Stars: 116812 total | 892 candidates (1%) | 406 visible | prefilter: 99 never-rises, 614 below-hz, 115207 mag-cull
[18:35:44.796] [PARALLAX] [trace] Stars: 116812 total | 892 candidates (1%) | 406 visible | prefilter: 99 never-rises, 614 below-hz, 115207 mag-cull
[18:35:44.904] [PARALLAX] [trace] Stars: 116812 total | 892 candidates (1%) | 406 visible | prefilter: 99 never-rises, 614 below-hz, 115207 mag-cull
[18:35:45.023] [PARALLAX] [trace] Stars: 116812 total | 892 candidates (1%) | 406 visible | prefilter: 99 never-rises, 614 below-hz, 115207 mag-cull
[18:35:45.134] [PARALLAX] [trace] Stars: 116812 total | 892 candidates (1%) | 406 visible | prefilter: 99 never-rises, 614 below-hz, 115207 mag-cull
[18:35:45.240] [PARALLAX] [trace] Stars: 116812 total | 892 candidates (1%) | 406 visible | prefilter: 99 never-rises, 614 below-hz, 115207 mag-cull
[18:35:45.343] [PARALLAX] [trace] Stars: 116812 total | 892 candidates (1%) | 406 visible | prefilter: 99 never-rises, 614 below-hz, 115207 mag-cull
[18:35:45.444] [PARALLAX] [trace] Stars: 116812 total | 892 candidates (1%) | 406 visible | prefilter: 99 never-rises, 614 below-hz, 115207 mag-cull
[18:35:45.548] [PARALLAX] [trace] Stars: 116812 total | 892 candidates (1%) | 406 visible | prefilter: 99 never-rises, 614 below-hz, 115207 mag-cull
[18:35:45.648] [PARALLAX] [trace] Stars: 116812 total | 892 candidates (1%) | 406 visible | prefilter: 99 never-rises, 614 below-hz, 115207 mag-cull
[18:35:45.747] [PARALLAX] [trace] Stars: 116812 total | 892 candidates (1%) | 406 visible | prefilter: 99 never-rises, 614 below-hz, 115207 mag-cull
[18:35:45.846] [PARALLAX] [trace] Stars: 116812 total | 892 candidates (1%) | 406 visible | prefilter: 99 never-rises, 614 below-hz, 115207 mag-cull
[18:35:45.947] [PARALLAX] [trace] Stars: 116812 total | 892 candidates (1%) | 406 visible | prefilter: 99 never-rises, 614 below-hz, 115207 mag-cull
[18:35:46.048] [PARALLAX] [trace] Stars: 116812 total | 892 candidates (1%) | 406 visible | prefilter: 99 never-rises, 614 below-hz, 115207 mag-cull
[18:35:46.151] [PARALLAX] [trace] Stars: 116812 total | 892 candidates (1%) | 406 visible | prefilter: 99 never-rises, 614 below-hz, 115207 mag-cull
[18:35:46.251] [PARALLAX] [trace] Stars: 116812 total | 892 candidates (1%) | 406 visible | prefilter: 99 never-rises, 614 below-hz, 115207 mag-cull
[18:35:46.350] [PARALLAX] [trace] Stars: 116812 total | 892 candidates (1%) | 406 visible | prefilter: 99 never-rises, 614 below-hz, 115207 mag-cull
[18:35:46.449] [PARALLAX] [trace] Stars: 116812 total | 892 candidates (1%) | 406 visible | prefilter: 99 never-rises, 614 below-hz, 115207 mag-cull
[18:35:46.547] [PARALLAX] [trace] Stars: 116812 total | 892 candidates (1%) | 406 visible | prefilter: 99 never-rises, 614 below-hz, 115207 mag-cull
[18:35:46.647] [PARALLAX] [trace] Stars: 116812 total | 892 candidates (1%) | 406 visible | prefilter: 99 never-rises, 614 below-hz, 115207 mag-cull
[18:35:46.750] [PARALLAX] [trace] Stars: 116812 total | 892 candidates (1%) | 406 visible | prefilter: 99 never-rises, 614 below-hz, 115207 mag-cull
[18:35:46.850] [PARALLAX] [trace] Stars: 116812 total | 892 candidates (1%) | 406 visible | prefilter: 99 never-rises, 614 below-hz, 115207 mag-cull
[18:35:46.950] [PARALLAX] [trace] Stars: 116812 total | 892 candidates (1%) | 406 visible | prefilter: 99 never-rises, 614 below-hz, 115207 mag-cull
[18:35:47.049] [PARALLAX] [trace] Stars: 116812 total | 892 candidates (1%) | 406 visible | prefilter: 99 never-rises, 614 below-hz, 115207 mag-cull
[18:35:47.149] [PARALLAX] [trace] Stars: 116812 total | 892 candidates (1%) | 406 visible | prefilter: 99 never-rises, 614 below-hz, 115207 mag-cull
[18:35:47.250] [PARALLAX] [trace] Stars: 116812 total | 892 candidates (1%) | 406 visible | prefilter: 99 never-rises, 614 below-hz, 115207 mag-cull
[18:35:47.349] [PARALLAX] [trace] Stars: 116812 total | 892 candidates (1%) | 406 visible | prefilter: 99 never-rises, 614 below-hz, 115207 mag-cull
[18:35:47.448] [PARALLAX] [trace] Stars: 116812 total | 892 candidates (1%) | 406 visible | prefilter: 99 never-rises, 614 below-hz, 115207 mag-cull
[18:35:47.548] [PARALLAX] [trace] Stars: 116812 total | 892 candidates (1%) | 406 visible | prefilter: 99 never-rises, 614 below-hz, 115207 mag-cull
[18:35:47.649] [PARALLAX] [trace] Stars: 116812 total | 892 candidates (1%) | 406 visible | prefilter: 99 never-rises, 614 below-hz, 115207 mag-cull
[18:35:47.750] [PARALLAX] [trace] Stars: 116812 total | 892 candidates (1%) | 406 visible | prefilter: 99 never-rises, 614 below-hz, 115207 mag-cull
[18:35:47.850] [PARALLAX] [trace] Stars: 116812 total | 892 candidates (1%) | 406 visible | prefilter: 99 never-rises, 614 below-hz, 115207 mag-cull
[18:35:47.950] [PARALLAX] [trace] Stars: 116812 total | 892 candidates (1%) | 406 visible | prefilter: 99 never-rises, 614 below-hz, 115207 mag-cull
[18:35:48.052] [PARALLAX] [trace] Stars: 116812 total | 892 candidates (1%) | 406 visible | prefilter: 99 never-rises, 614 below-hz, 115207 mag-cull
[18:35:48.152] [PARALLAX] [trace] Stars: 116812 total | 892 candidates (1%) | 406 visible | prefilter: 99 never-rises, 614 below-hz, 115207 mag-cull
[18:35:48.251] [PARALLAX] [trace] Stars: 116812 total | 892 candidates (1%) | 406 visible | prefilter: 99 never-rises, 614 below-hz, 115207 mag-cull
[18:35:48.351] [PARALLAX] [trace] Stars: 116812 total | 892 candidates (1%) | 406 visible | prefilter: 99 never-rises, 614 below-hz, 115207 mag-cull
[18:35:48.453] [PARALLAX] [trace] Stars: 116812 total | 892 candidates (1%) | 406 visible | prefilter: 99 never-rises, 614 below-hz, 115207 mag-cull
[18:35:48.555] [PARALLAX] [trace] Stars: 116812 total | 892 candidates (1%) | 406 visible | prefilter: 99 never-rises, 614 below-hz, 115207 mag-cull
[18:35:48.658] [PARALLAX] [trace] Stars: 116812 total | 892 candidates (1%) | 406 visible | prefilter: 99 never-rises, 614 below-hz, 115207 mag-cull
[18:35:48.756] [PARALLAX] [trace] Stars: 116812 total | 892 candidates (1%) | 406 visible | prefilter: 99 never-rises, 614 below-hz, 115207 mag-cull
[18:35:48.858] [PARALLAX] [trace] Stars: 116812 total | 892 candidates (1%) | 406 visible | prefilter: 99 never-rises, 614 below-hz, 115207 mag-cull
[18:35:48.958] [PARALLAX] [trace] Stars: 116812 total | 892 candidates (1%) | 406 visible | prefilter: 99 never-rises, 614 below-hz, 115207 mag-cull
[18:35:49.061] [PARALLAX] [trace] Stars: 116812 total | 892 candidates (1%) | 406 visible | prefilter: 99 never-rises, 614 below-hz, 115207 mag-cull
[18:35:49.160] [PARALLAX] [trace] Stars: 116812 total | 892 candidates (1%) | 406 visible | prefilter: 99 never-rises, 614 below-hz, 115207 mag-cull
[18:35:49.259] [PARALLAX] [trace] Stars: 116812 total | 892 candidates (1%) | 406 visible | prefilter: 99 never-rises, 614 below-hz, 115207 mag-cull
[18:35:49.360] [PARALLAX] [trace] Stars: 116812 total | 892 candidates (1%) | 406 visible | prefilter: 99 never-rises, 614 below-hz, 115207 mag-cull
[18:35:49.458] [PARALLAX] [trace] Stars: 116812 total | 892 candidates (1%) | 406 visible | prefilter: 99 never-rises, 614 below-hz, 115207 mag-cull
[18:35:49.557] [PARALLAX] [trace] Stars: 116812 total | 892 candidates (1%) | 406 visible | prefilter: 99 never-rises, 614 below-hz, 115207 mag-cull
[18:35:49.660] [PARALLAX] [trace] Stars: 116812 total | 892 candidates (1%) | 406 visible | prefilter: 99 never-rises, 614 below-hz, 115207 mag-cull
[18:35:49.761] [PARALLAX] [trace] Stars: 116812 total | 892 candidates (1%) | 406 visible | prefilter: 99 never-rises, 614 below-hz, 115207 mag-cull
[18:35:49.862] [PARALLAX] [trace] Stars: 116812 total | 892 candidates (1%) | 406 visible | prefilter: 99 never-rises, 614 below-hz, 115207 mag-cull
[18:35:49.963] [PARALLAX] [trace] Stars: 116812 total | 892 candidates (1%) | 406 visible | prefilter: 99 never-rises, 614 below-hz, 115207 mag-cull
[18:35:50.089] [PARALLAX] [trace] Stars: 116812 total | 892 candidates (1%) | 406 visible | prefilter: 99 never-rises, 614 below-hz, 115207 mag-cull
[18:35:50.245] [PARALLAX] [trace] Stars: 116812 total | 892 candidates (1%) | 406 visible | prefilter: 99 never-rises, 614 below-hz, 115207 mag-cull
[18:35:50.367] [PARALLAX] [trace] Stars: 116812 total | 892 candidates (1%) | 406 visible | prefilter: 99 never-rises, 614 below-hz, 115207 mag-cull
[18:35:50.512] [PARALLAX] [trace] Stars: 116812 total | 892 candidates (1%) | 406 visible | prefilter: 99 never-rises, 614 below-hz, 115207 mag-cull
[18:35:50.622] [PARALLAX] [trace] Stars: 116812 total | 892 candidates (1%) | 406 visible | prefilter: 99 never-rises, 614 below-hz, 115207 mag-cull
[18:35:50.744] [PARALLAX] [trace] Stars: 116812 total | 892 candidates (1%) | 406 visible | prefilter: 99 never-rises, 614 below-hz, 115207 mag-cull
[18:35:50.860] [PARALLAX] [trace] Stars: 116812 total | 892 candidates (1%) | 406 visible | prefilter: 99 never-rises, 614 below-hz, 115207 mag-cull
[18:35:50.967] [PARALLAX] [trace] Stars: 116812 total | 892 candidates (1%) | 406 visible | prefilter: 99 never-rises, 614 below-hz, 115207 mag-cull
[18:35:51.068] [PARALLAX] [trace] Stars: 116812 total | 892 candidates (1%) | 406 visible | prefilter: 99 never-rises, 614 below-hz, 115207 mag-cull
[18:35:51.175] [PARALLAX] [trace] Stars: 116812 total | 892 candidates (1%) | 406 visible | prefilter: 99 never-rises, 614 below-hz, 115207 mag-cull
[18:35:51.277] [PARALLAX] [trace] Stars: 116812 total | 892 candidates (1%) | 406 visible | prefilter: 99 never-rises, 614 below-hz, 115207 mag-cull
[18:35:51.377] [PARALLAX] [trace] Stars: 116812 total | 892 candidates (1%) | 406 visible | prefilter: 99 never-rises, 614 below-hz, 115207 mag-cull
[18:35:51.480] [PARALLAX] [trace] Stars: 116812 total | 892 candidates (1%) | 406 visible | prefilter: 99 never-rises, 614 below-hz, 115207 mag-cull
[18:35:51.610] [PARALLAX] [trace] Stars: 116812 total | 892 candidates (1%) | 406 visible | prefilter: 99 never-rises, 614 below-hz, 115207 mag-cull
[18:35:51.704] [PARALLAX] [trace] Stars: 116812 total | 892 candidates (1%) | 406 visible | prefilter: 99 never-rises, 614 below-hz, 115207 mag-cull
[18:35:51.814] [PARALLAX] [trace] Stars: 116812 total | 892 candidates (1%) | 406 visible | prefilter: 99 never-rises, 614 below-hz, 115207 mag-cull
[18:35:51.938] [PARALLAX] [trace] Stars: 116812 total | 892 candidates (1%) | 406 visible | prefilter: 99 never-rises, 614 below-hz, 115207 mag-cull
[18:35:52.052] [PARALLAX] [trace] Stars: 116812 total | 892 candidates (1%) | 406 visible | prefilter: 99 never-rises, 614 below-hz, 115207 mag-cull
[18:35:52.164] [PARALLAX] [trace] Stars: 116812 total | 892 candidates (1%) | 406 visible | prefilter: 99 never-rises, 614 below-hz, 115207 mag-cull
[18:35:52.287] [PARALLAX] [trace] Stars: 116812 total | 892 candidates (1%) | 406 visible | prefilter: 99 never-rises, 614 below-hz, 115207 mag-cull
[18:35:52.410] [PARALLAX] [trace] Stars: 116812 total | 892 candidates (1%) | 406 visible | prefilter: 99 never-rises, 614 below-hz, 115207 mag-cull
[18:35:52.537] [PARALLAX] [trace] Stars: 116812 total | 892 candidates (1%) | 406 visible | prefilter: 99 never-rises, 614 below-hz, 115207 mag-cull
[18:35:52.658] [PARALLAX] [trace] Stars: 116812 total | 892 candidates (1%) | 406 visible | prefilter: 99 never-rises, 614 below-hz, 115207 mag-cull
[18:35:52.774] [PARALLAX] [trace] Stars: 116812 total | 892 candidates (1%) | 406 visible | prefilter: 99 never-rises, 614 below-hz, 115207 mag-cull
[18:35:52.880] [PARALLAX] [trace] Stars: 116812 total | 892 candidates (1%) | 406 visible | prefilter: 99 never-rises, 614 below-hz, 115207 mag-cull
[18:35:53.282] [PARALLAX] [trace] Stars: 116812 total | 892 candidates (1%) | 406 visible | prefilter: 99 never-rises, 614 below-hz, 115207 mag-cull
[18:35:53.402] [PARALLAX] [trace] Stars: 116812 total | 892 candidates (1%) | 406 visible | prefilter: 99 never-rises, 614 below-hz, 115207 mag-cull
[18:35:53.508] [PARALLAX] [trace] Stars: 116812 total | 892 candidates (1%) | 406 visible | prefilter: 99 never-rises, 614 below-hz, 115207 mag-cull
[18:35:53.614] [PARALLAX] [trace] Stars: 116812 total | 892 candidates (1%) | 406 visible | prefilter: 99 never-rises, 614 below-hz, 115207 mag-cull
[18:35:53.721] [PARALLAX] [trace] Stars: 116812 total | 892 candidates (1%) | 406 visible | prefilter: 99 never-rises, 614 below-hz, 115207 mag-cull
[18:35:53.901] [PARALLAX] [info] Main loop exited
[18:35:53.903] [PARALLAX] [trace] Sync objects destroyed
[18:35:53.904] [PARALLAX] [trace] Command pool destroyed
[18:35:53.905] [PARALLAX] [trace] Starfield renderer destroyed
[18:35:53.906] [PARALLAX] [trace] Sky background renderer destroyed
[18:35:53.908] [PARALLAX] [trace] Graphics pipeline destroyed
[18:35:53.909] [PARALLAX] [trace] Render pass destroyed
[18:35:53.911] [PARALLAX] [trace] Swapchain destroyed
[18:35:53.932] [PARALLAX] [trace] Vulkan logical device destroyed
[18:35:53.932] [PARALLAX] [trace] Vulkan debug messenger destroyed
[18:35:53.933] [PARALLAX] [trace] Vulkan surface destroyed
[18:35:53.934] [PARALLAX] [trace] [Vulkan] Unloading layer library C:\Windows\System32\DriverStore\FileRepository\nv_dispi.inf_amd64_adc55ecfca814224\nvoglv64.dll
[18:35:53.934] [PARALLAX] [trace] [Vulkan] Unloading layer library C:\Windows\System32\DriverStore\FileRepository\nv_dispi.inf_amd64_adc55ecfca814224\nvoglv64.dll
[18:35:53.935] [PARALLAX] [trace] [Vulkan] Unloading layer library C:\ProgramData\obs-studio-hook\graphics-hook64.dll
[18:35:53.937] [PARALLAX] [trace] [Vulkan] Unloading layer library C:\VulkanSDK\1.4.341.1\Bin\VkLayer_khronos_validation.dll
[18:35:53.938] [PARALLAX] [trace] Vulkan instance destroyed
[18:35:53.963] [PARALLAX] [info] Window destroyed
[18:35:53.967] [PARALLAX] [info] Parallax shutdown complete.
[18:56:56.262] [PARALLAX] [info] Parallax v0.1.0 starting...
[18:56:56.408] [PARALLAX] [info] Window created: "Parallax" (1280x720) [Vulkan | resizable]
[18:56:56.409] [PARALLAX] [trace] SDL2 requires 2 Vulkan instance extension(s):
[18:56:56.409] [PARALLAX] [trace]   - VK_KHR_surface
[18:56:56.409] [PARALLAX] [trace]   - VK_KHR_win32_surface
[18:56:56.421] [PARALLAX] [info] Requesting 3 instance extension(s):
[18:56:56.421] [PARALLAX] [info]   - VK_KHR_surface
[18:56:56.421] [PARALLAX] [info]   - VK_KHR_win32_surface
[18:56:56.421] [PARALLAX] [info]   - VK_EXT_debug_utils
[18:56:56.422] [PARALLAX] [info] Validation layers enabled: VK_LAYER_KHRONOS_validation
[18:56:56.423] [PARALLAX] [trace] [Vulkan] windows_get_device_registry_files: GUID for 3 is not SoftwareComponent skipping
[18:56:56.427] [PARALLAX] [trace] [Vulkan] Searching for ICD drivers named .\nvoglv64.dll
[18:56:56.430] [PARALLAX] [trace] [Vulkan] Loading layer library C:\VulkanSDK\1.4.341.1\Bin\.\VkLayer_khronos_validation.dll
[18:56:56.432] [PARALLAX] [trace] [Vulkan] Loading layer library C:\ProgramData\obs-studio-hook\.\graphics-hook64.dll
[18:56:56.433] [PARALLAX] [trace] [Vulkan] Loading layer library C:\Windows\System32\DriverStore\FileRepository\nv_dispi.inf_amd64_adc55ecfca814224\.\nvoglv64.dll
[18:56:56.433] [PARALLAX] [trace] [Vulkan] Loading layer library C:\Windows\System32\DriverStore\FileRepository\nv_dispi.inf_amd64_adc55ecfca814224\.\nvoglv64.dll
[18:56:56.517] [PARALLAX] [info] Vulkan instance created (API 1.3)
[18:56:56.518] [PARALLAX] [info] Vulkan debug messenger created
[18:56:56.518] [PARALLAX] [info] Vulkan surface created
[18:56:56.520] [PARALLAX] [info] Found 1 Vulkan-capable GPU(s):
[18:56:56.520] [PARALLAX] [info]   - NVIDIA GeForce GTX 1660 (type: discrete)
[18:56:56.527] [PARALLAX] [info] Selected GPU: NVIDIA GeForce GTX 1660
[18:56:56.527] [PARALLAX] [info]   Driver version: 79.344.0
[18:56:56.528] [PARALLAX] [info]   Vulkan API: 1.4.325
[18:56:56.528] [PARALLAX] [info]   VRAM: 6180 MB
[18:56:56.529] [PARALLAX] [info]   Graphics queue family: 0
[18:56:56.529] [PARALLAX] [info]   Present queue family: 0
[18:56:56.593] [PARALLAX] [info] Vulkan logical device created
[18:56:56.598] [PARALLAX] [trace] Surface format: B8G8R8A8_SRGB + SRGB_NONLINEAR (preferred)
[18:56:56.598] [PARALLAX] [trace] Present mode: MAILBOX (triple buffering)
[18:56:56.625] [PARALLAX] [info] Swapchain created: 1280x720, 3 images, format 50, MAILBOX (triple buffer)
[18:56:56.626] [PARALLAX] [info] Shader directory: C:/Parallax-dev/Parallax/build/shaders
[18:56:56.627] [PARALLAX] [info] Render pass created
[18:56:56.628] [PARALLAX] [trace] Shader module loaded: test_star.vert.spv
[18:56:56.629] [PARALLAX] [trace] Shader module loaded: test_star.frag.spv
[18:56:56.631] [PARALLAX] [info] Graphics pipeline created (POINT_LIST, dynamic viewport/scissor)
[18:56:56.632] [PARALLAX] [info] Framebuffers created: 3 (1280x720)
[18:56:56.633] [PARALLAX] [trace] Sky background UBO created: 32 bytes
[18:56:56.634] [PARALLAX] [trace] Shader module loaded: sky_background.vert.spv
[18:56:56.635] [PARALLAX] [trace] Shader module loaded: sky_background.frag.spv
[18:56:56.637] [PARALLAX] [info] Sky background pipeline created (fullscreen triangle, UBO)
[18:56:56.637] [PARALLAX] [info] Sky background renderer initialized
[18:56:56.638] [PARALLAX] [trace] Starfield storage buffer created: 3200000 bytes (200000 stars)
[18:56:56.639] [PARALLAX] [trace] Shader module loaded: starfield.vert.spv
[18:56:56.642] [PARALLAX] [trace] Shader module loaded: starfield.frag.spv
[18:56:56.643] [PARALLAX] [info] Starfield pipeline created (POINT_LIST, additive blend, storage buffer)
[18:56:56.643] [PARALLAX] [info] Starfield renderer initialized (buffer capacity: 200000 stars)
[18:56:58.055] [PARALLAX] [info] CatalogLoader: Loaded 116812 stars from data/catalogs/hipparcos.csv
[18:56:58.056] [PARALLAX] [info] Hipparcos catalog loaded: 116812 stars from data/catalogs/hipparcos.csv
[18:56:58.057] [PARALLAX] [info] Simulation start: JD 2461101.247894 (2026-03-01 17:56:58.1 UTC)
[18:56:58.058] [PARALLAX] [info] Observer: La Palma (28.76N, 17.89W)
[18:56:58.058] [PARALLAX] [info] Atmosphere initialized: k=0.2, Bortle 4
[18:56:58.058] [PARALLAX] [info] Command pool created
[18:56:58.059] [PARALLAX] [info] Command buffers allocated: 2
[18:56:58.059] [PARALLAX] [info] Sync objects created: 2 frames in flight, 3 image semaphores
[18:56:58.060] [PARALLAX] [info] Application initialized — all subsystems ready
[18:56:58.060] [PARALLAX] [info] Entering main loop...
[18:56:58.294] [PARALLAX] [trace] Stars: 116812 total | 5040 candidates (4%) | 315 visible | prefilter: 592 never-rises, 3235 below-hz, 107945 mag-cull
[18:56:58.522] [PARALLAX] [trace] Stars: 116812 total | 5041 candidates (4%) | 315 visible | prefilter: 592 never-rises, 3234 below-hz, 107945 mag-cull
[18:56:58.748] [PARALLAX] [trace] Stars: 116812 total | 5041 candidates (4%) | 315 visible | prefilter: 592 never-rises, 3234 below-hz, 107945 mag-cull
[18:56:58.978] [PARALLAX] [trace] Stars: 116812 total | 5041 candidates (4%) | 315 visible | prefilter: 592 never-rises, 3234 below-hz, 107945 mag-cull
[18:56:59.209] [PARALLAX] [trace] Stars: 116812 total | 5041 candidates (4%) | 315 visible | prefilter: 592 never-rises, 3234 below-hz, 107945 mag-cull
[18:56:59.446] [PARALLAX] [trace] Stars: 116812 total | 5041 candidates (4%) | 315 visible | prefilter: 592 never-rises, 3234 below-hz, 107945 mag-cull
[18:56:59.692] [PARALLAX] [trace] Stars: 116812 total | 5041 candidates (4%) | 315 visible | prefilter: 592 never-rises, 3234 below-hz, 107945 mag-cull
[18:56:59.933] [PARALLAX] [trace] Stars: 116812 total | 5041 candidates (4%) | 315 visible | prefilter: 592 never-rises, 3234 below-hz, 107945 mag-cull
[18:57:00.195] [PARALLAX] [trace] Stars: 116812 total | 5040 candidates (4%) | 315 visible | prefilter: 592 never-rises, 3235 below-hz, 107945 mag-cull
[18:57:00.448] [PARALLAX] [trace] Stars: 116812 total | 5040 candidates (4%) | 315 visible | prefilter: 592 never-rises, 3235 below-hz, 107945 mag-cull
[18:57:00.710] [PARALLAX] [trace] Stars: 116812 total | 5040 candidates (4%) | 315 visible | prefilter: 592 never-rises, 3235 below-hz, 107945 mag-cull
[18:57:00.966] [PARALLAX] [trace] Stars: 116812 total | 5040 candidates (4%) | 315 visible | prefilter: 592 never-rises, 3235 below-hz, 107945 mag-cull
[18:57:01.132] [PARALLAX] [info] Main loop exited
[18:57:01.133] [PARALLAX] [trace] Sync objects destroyed
[18:57:01.134] [PARALLAX] [trace] Command pool destroyed
[18:57:01.135] [PARALLAX] [trace] Starfield renderer destroyed
[18:57:01.136] [PARALLAX] [trace] Sky background renderer destroyed
[18:57:01.136] [PARALLAX] [trace] Graphics pipeline destroyed
[18:57:01.137] [PARALLAX] [trace] Render pass destroyed
[18:57:01.137] [PARALLAX] [trace] Swapchain destroyed
[18:57:01.160] [PARALLAX] [trace] Vulkan logical device destroyed
[18:57:01.160] [PARALLAX] [trace] Vulkan debug messenger destroyed
[18:57:01.160] [PARALLAX] [trace] Vulkan surface destroyed
[18:57:01.161] [PARALLAX] [trace] [Vulkan] Unloading layer library C:\Windows\System32\DriverStore\FileRepository\nv_dispi.inf_amd64_adc55ecfca814224\nvoglv64.dll
[18:57:01.161] [PARALLAX] [trace] [Vulkan] Unloading layer library C:\Windows\System32\DriverStore\FileRepository\nv_dispi.inf_amd64_adc55ecfca814224\nvoglv64.dll
[18:57:01.161] [PARALLAX] [trace] [Vulkan] Unloading layer library C:\ProgramData\obs-studio-hook\graphics-hook64.dll
[18:57:01.163] [PARALLAX] [trace] [Vulkan] Unloading layer library C:\VulkanSDK\1.4.341.1\Bin\VkLayer_khronos_validation.dll
[18:57:01.163] [PARALLAX] [trace] Vulkan instance destroyed
[18:57:01.173] [PARALLAX] [info] Window destroyed
[18:57:01.177] [PARALLAX] [info] Parallax shutdown complete.
[18:57:17.240] [PARALLAX] [info] Parallax v0.1.0 starting...
[18:57:17.387] [PARALLAX] [info] Window created: "Parallax" (1280x720) [Vulkan | resizable]
[18:57:17.388] [PARALLAX] [trace] SDL2 requires 2 Vulkan instance extension(s):
[18:57:17.388] [PARALLAX] [trace]   - VK_KHR_surface
[18:57:17.388] [PARALLAX] [trace]   - VK_KHR_win32_surface
[18:57:17.399] [PARALLAX] [info] Requesting 3 instance extension(s):
[18:57:17.400] [PARALLAX] [info]   - VK_KHR_surface
[18:57:17.402] [PARALLAX] [info]   - VK_KHR_win32_surface
[18:57:17.402] [PARALLAX] [info]   - VK_EXT_debug_utils
[18:57:17.402] [PARALLAX] [info] Validation layers enabled: VK_LAYER_KHRONOS_validation
[18:57:17.403] [PARALLAX] [trace] [Vulkan] windows_get_device_registry_files: GUID for 3 is not SoftwareComponent skipping
[18:57:17.407] [PARALLAX] [trace] [Vulkan] Searching for ICD drivers named .\nvoglv64.dll
[18:57:17.410] [PARALLAX] [trace] [Vulkan] Loading layer library C:\VulkanSDK\1.4.341.1\Bin\.\VkLayer_khronos_validation.dll
[18:57:17.412] [PARALLAX] [trace] [Vulkan] Loading layer library C:\ProgramData\obs-studio-hook\.\graphics-hook64.dll
[18:57:17.412] [PARALLAX] [trace] [Vulkan] Loading layer library C:\Windows\System32\DriverStore\FileRepository\nv_dispi.inf_amd64_adc55ecfca814224\.\nvoglv64.dll
[18:57:17.413] [PARALLAX] [trace] [Vulkan] Loading layer library C:\Windows\System32\DriverStore\FileRepository\nv_dispi.inf_amd64_adc55ecfca814224\.\nvoglv64.dll
[18:57:17.493] [PARALLAX] [info] Vulkan instance created (API 1.3)
[18:57:17.494] [PARALLAX] [info] Vulkan debug messenger created
[18:57:17.494] [PARALLAX] [info] Vulkan surface created
[18:57:17.496] [PARALLAX] [info] Found 1 Vulkan-capable GPU(s):
[18:57:17.496] [PARALLAX] [info]   - NVIDIA GeForce GTX 1660 (type: discrete)
[18:57:17.502] [PARALLAX] [info] Selected GPU: NVIDIA GeForce GTX 1660
[18:57:17.503] [PARALLAX] [info]   Driver version: 79.344.0
[18:57:17.503] [PARALLAX] [info]   Vulkan API: 1.4.325
[18:57:17.504] [PARALLAX] [info]   VRAM: 6180 MB
[18:57:17.504] [PARALLAX] [info]   Graphics queue family: 0
[18:57:17.504] [PARALLAX] [info]   Present queue family: 0
[18:57:17.563] [PARALLAX] [info] Vulkan logical device created
[18:57:17.567] [PARALLAX] [trace] Surface format: B8G8R8A8_SRGB + SRGB_NONLINEAR (preferred)
[18:57:17.568] [PARALLAX] [trace] Present mode: MAILBOX (triple buffering)
[18:57:17.593] [PARALLAX] [info] Swapchain created: 1280x720, 3 images, format 50, MAILBOX (triple buffer)
[18:57:17.593] [PARALLAX] [info] Shader directory: C:/Parallax-dev/Parallax/build/shaders
[18:57:17.594] [PARALLAX] [info] Render pass created
[18:57:17.595] [PARALLAX] [trace] Shader module loaded: test_star.vert.spv
[18:57:17.595] [PARALLAX] [trace] Shader module loaded: test_star.frag.spv
[18:57:17.597] [PARALLAX] [info] Graphics pipeline created (POINT_LIST, dynamic viewport/scissor)
[18:57:17.599] [PARALLAX] [info] Framebuffers created: 3 (1280x720)
[18:57:17.599] [PARALLAX] [trace] Sky background UBO created: 32 bytes
[18:57:17.600] [PARALLAX] [trace] Shader module loaded: sky_background.vert.spv
[18:57:17.601] [PARALLAX] [trace] Shader module loaded: sky_background.frag.spv
[18:57:17.603] [PARALLAX] [info] Sky background pipeline created (fullscreen triangle, UBO)
[18:57:17.603] [PARALLAX] [info] Sky background renderer initialized
[18:57:17.603] [PARALLAX] [trace] Starfield storage buffer created: 3200000 bytes (200000 stars)
[18:57:17.604] [PARALLAX] [trace] Shader module loaded: starfield.vert.spv
[18:57:17.604] [PARALLAX] [trace] Shader module loaded: starfield.frag.spv
[18:57:17.605] [PARALLAX] [info] Starfield pipeline created (POINT_LIST, additive blend, storage buffer)
[18:57:17.605] [PARALLAX] [info] Starfield renderer initialized (buffer capacity: 200000 stars)
[18:57:19.041] [PARALLAX] [info] CatalogLoader: Loaded 116812 stars from data/catalogs/hipparcos.csv
[18:57:19.042] [PARALLAX] [info] Hipparcos catalog loaded: 116812 stars from data/catalogs/hipparcos.csv
[18:57:19.042] [PARALLAX] [info] Simulation start: JD 2461101.248137 (2026-03-01 17:57:19.0 UTC)
[18:57:19.043] [PARALLAX] [info] Observer: La Palma (28.76N, 17.89W)
[18:57:19.043] [PARALLAX] [info] Atmosphere initialized: k=0.2, Bortle 4
[18:57:19.043] [PARALLAX] [info] Command pool created
[18:57:19.044] [PARALLAX] [info] Command buffers allocated: 2
[18:57:19.044] [PARALLAX] [info] Sync objects created: 2 frames in flight, 3 image semaphores
[18:57:19.044] [PARALLAX] [info] Application initialized — all subsystems ready
[18:57:19.044] [PARALLAX] [info] Entering main loop...
[18:57:19.278] [PARALLAX] [trace] Stars: 116812 total | 5039 candidates (4%) | 315 visible | prefilter: 592 never-rises, 3236 below-hz, 107945 mag-cull
[18:57:19.514] [PARALLAX] [trace] Stars: 116812 total | 5039 candidates (4%) | 315 visible | prefilter: 592 never-rises, 3236 below-hz, 107945 mag-cull
[18:57:19.742] [PARALLAX] [trace] Stars: 116812 total | 5039 candidates (4%) | 315 visible | prefilter: 592 never-rises, 3236 below-hz, 107945 mag-cull
[18:57:19.980] [PARALLAX] [trace] Stars: 116812 total | 5039 candidates (4%) | 315 visible | prefilter: 592 never-rises, 3236 below-hz, 107945 mag-cull
[18:57:20.235] [PARALLAX] [trace] Stars: 116812 total | 5039 candidates (4%) | 314 visible | prefilter: 592 never-rises, 3236 below-hz, 107945 mag-cull
[18:57:20.486] [PARALLAX] [trace] Stars: 116812 total | 5039 candidates (4%) | 333 visible | prefilter: 592 never-rises, 3236 below-hz, 107945 mag-cull
[18:57:20.743] [PARALLAX] [trace] Stars: 116812 total | 5039 candidates (4%) | 326 visible | prefilter: 592 never-rises, 3236 below-hz, 107945 mag-cull
[18:57:21.006] [PARALLAX] [trace] Stars: 116812 total | 5039 candidates (4%) | 331 visible | prefilter: 592 never-rises, 3236 below-hz, 107945 mag-cull
[18:57:21.261] [PARALLAX] [trace] Stars: 116812 total | 5039 candidates (4%) | 378 visible | prefilter: 592 never-rises, 3236 below-hz, 107945 mag-cull
[18:57:21.523] [PARALLAX] [trace] Stars: 116812 total | 5039 candidates (4%) | 375 visible | prefilter: 592 never-rises, 3236 below-hz, 107945 mag-cull
[18:57:21.782] [PARALLAX] [trace] Stars: 116812 total | 5039 candidates (4%) | 321 visible | prefilter: 592 never-rises, 3236 below-hz, 107945 mag-cull
[18:57:22.043] [PARALLAX] [trace] Stars: 116812 total | 3938 candidates (3%) | 398 visible | prefilter: 461 never-rises, 2543 below-hz, 109870 mag-cull
[18:57:22.201] [PARALLAX] [trace] Stars: 116812 total | 1538 candidates (1%) | 570 visible | prefilter: 183 never-rises, 1009 below-hz, 114082 mag-cull
[18:57:22.339] [PARALLAX] [trace] Stars: 116812 total | 1220 candidates (1%) | 502 visible | prefilter: 137 never-rises, 815 below-hz, 114640 mag-cull
[18:57:22.460] [PARALLAX] [trace] Stars: 116812 total | 885 candidates (1%) | 436 visible | prefilter: 99 never-rises, 621 below-hz, 115207 mag-cull
[18:57:22.568] [PARALLAX] [trace] Stars: 116812 total | 885 candidates (1%) | 436 visible | prefilter: 99 never-rises, 621 below-hz, 115207 mag-cull
[18:57:22.686] [PARALLAX] [trace] Stars: 116812 total | 885 candidates (1%) | 436 visible | prefilter: 99 never-rises, 621 below-hz, 115207 mag-cull
[18:57:22.807] [PARALLAX] [trace] Stars: 116812 total | 885 candidates (1%) | 436 visible | prefilter: 99 never-rises, 621 below-hz, 115207 mag-cull
[18:57:22.924] [PARALLAX] [trace] Stars: 116812 total | 885 candidates (1%) | 444 visible | prefilter: 99 never-rises, 621 below-hz, 115207 mag-cull
[18:57:23.044] [PARALLAX] [trace] Stars: 116812 total | 885 candidates (1%) | 436 visible | prefilter: 99 never-rises, 621 below-hz, 115207 mag-cull
[18:57:23.181] [PARALLAX] [trace] Stars: 116812 total | 885 candidates (1%) | 436 visible | prefilter: 99 never-rises, 621 below-hz, 115207 mag-cull
[18:57:23.300] [PARALLAX] [trace] Stars: 116812 total | 885 candidates (1%) | 450 visible | prefilter: 99 never-rises, 621 below-hz, 115207 mag-cull
[18:57:23.415] [PARALLAX] [trace] Stars: 116812 total | 885 candidates (1%) | 456 visible | prefilter: 99 never-rises, 621 below-hz, 115207 mag-cull
[18:57:23.535] [PARALLAX] [trace] Stars: 116812 total | 885 candidates (1%) | 456 visible | prefilter: 99 never-rises, 621 below-hz, 115207 mag-cull
[18:57:23.646] [PARALLAX] [trace] Stars: 116812 total | 885 candidates (1%) | 456 visible | prefilter: 99 never-rises, 621 below-hz, 115207 mag-cull
[18:57:23.752] [PARALLAX] [trace] Stars: 116812 total | 885 candidates (1%) | 456 visible | prefilter: 99 never-rises, 621 below-hz, 115207 mag-cull
[18:57:23.861] [PARALLAX] [trace] Stars: 116812 total | 885 candidates (1%) | 450 visible | prefilter: 99 never-rises, 621 below-hz, 115207 mag-cull
[18:57:23.967] [PARALLAX] [trace] Stars: 116812 total | 885 candidates (1%) | 441 visible | prefilter: 99 never-rises, 621 below-hz, 115207 mag-cull
[18:57:24.069] [PARALLAX] [trace] Stars: 116812 total | 885 candidates (1%) | 437 visible | prefilter: 99 never-rises, 621 below-hz, 115207 mag-cull
[18:57:24.187] [PARALLAX] [trace] Stars: 116812 total | 885 candidates (1%) | 433 visible | prefilter: 99 never-rises, 621 below-hz, 115207 mag-cull
[18:57:24.304] [PARALLAX] [trace] Stars: 116812 total | 885 candidates (1%) | 451 visible | prefilter: 99 never-rises, 621 below-hz, 115207 mag-cull
[18:57:24.424] [PARALLAX] [trace] Stars: 116812 total | 885 candidates (1%) | 447 visible | prefilter: 99 never-rises, 621 below-hz, 115207 mag-cull
[18:57:24.543] [PARALLAX] [trace] Stars: 116812 total | 885 candidates (1%) | 447 visible | prefilter: 99 never-rises, 621 below-hz, 115207 mag-cull
[18:57:24.673] [PARALLAX] [trace] Stars: 116812 total | 885 candidates (1%) | 447 visible | prefilter: 99 never-rises, 621 below-hz, 115207 mag-cull
[18:57:24.794] [PARALLAX] [trace] Stars: 116812 total | 885 candidates (1%) | 451 visible | prefilter: 99 never-rises, 621 below-hz, 115207 mag-cull
[18:57:24.913] [PARALLAX] [trace] Stars: 116812 total | 885 candidates (1%) | 450 visible | prefilter: 99 never-rises, 621 below-hz, 115207 mag-cull
[18:57:25.025] [PARALLAX] [trace] Stars: 116812 total | 885 candidates (1%) | 450 visible | prefilter: 99 never-rises, 621 below-hz, 115207 mag-cull
[18:57:25.158] [PARALLAX] [trace] Stars: 116812 total | 885 candidates (1%) | 450 visible | prefilter: 99 never-rises, 621 below-hz, 115207 mag-cull
[18:57:25.277] [PARALLAX] [trace] Stars: 116812 total | 885 candidates (1%) | 450 visible | prefilter: 99 never-rises, 621 below-hz, 115207 mag-cull
[18:57:25.401] [PARALLAX] [trace] Stars: 116812 total | 885 candidates (1%) | 451 visible | prefilter: 99 never-rises, 621 below-hz, 115207 mag-cull
[18:57:25.516] [PARALLAX] [trace] Stars: 116812 total | 885 candidates (1%) | 431 visible | prefilter: 99 never-rises, 621 below-hz, 115207 mag-cull
[18:57:25.635] [PARALLAX] [trace] Stars: 116812 total | 885 candidates (1%) | 429 visible | prefilter: 99 never-rises, 621 below-hz, 115207 mag-cull
[18:57:25.755] [PARALLAX] [trace] Stars: 116812 total | 885 candidates (1%) | 424 visible | prefilter: 99 never-rises, 621 below-hz, 115207 mag-cull
[18:57:25.892] [PARALLAX] [trace] Stars: 116812 total | 885 candidates (1%) | 424 visible | prefilter: 99 never-rises, 621 below-hz, 115207 mag-cull
[18:57:26.008] [PARALLAX] [trace] Stars: 116812 total | 885 candidates (1%) | 391 visible | prefilter: 99 never-rises, 621 below-hz, 115207 mag-cull
[18:57:26.128] [PARALLAX] [trace] Stars: 116812 total | 885 candidates (1%) | 336 visible | prefilter: 99 never-rises, 621 below-hz, 115207 mag-cull
[18:57:26.244] [PARALLAX] [trace] Stars: 116812 total | 885 candidates (1%) | 332 visible | prefilter: 99 never-rises, 621 below-hz, 115207 mag-cull
[18:57:26.386] [PARALLAX] [trace] Stars: 116812 total | 885 candidates (1%) | 332 visible | prefilter: 99 never-rises, 621 below-hz, 115207 mag-cull
[18:57:26.520] [PARALLAX] [trace] Stars: 116812 total | 885 candidates (1%) | 332 visible | prefilter: 99 never-rises, 621 below-hz, 115207 mag-cull
[18:57:26.652] [PARALLAX] [trace] Stars: 116812 total | 885 candidates (1%) | 332 visible | prefilter: 99 never-rises, 621 below-hz, 115207 mag-cull
[18:57:26.767] [PARALLAX] [trace] Stars: 116812 total | 885 candidates (1%) | 332 visible | prefilter: 99 never-rises, 621 below-hz, 115207 mag-cull
[18:57:26.874] [PARALLAX] [trace] Stars: 116812 total | 885 candidates (1%) | 332 visible | prefilter: 99 never-rises, 621 below-hz, 115207 mag-cull
[18:57:27.002] [PARALLAX] [trace] Stars: 116812 total | 885 candidates (1%) | 332 visible | prefilter: 99 never-rises, 621 below-hz, 115207 mag-cull
[18:57:27.128] [PARALLAX] [trace] Stars: 116812 total | 885 candidates (1%) | 332 visible | prefilter: 99 never-rises, 621 below-hz, 115207 mag-cull
[18:57:27.252] [PARALLAX] [trace] Stars: 116812 total | 885 candidates (1%) | 332 visible | prefilter: 99 never-rises, 621 below-hz, 115207 mag-cull
[18:57:27.378] [PARALLAX] [trace] Stars: 116812 total | 885 candidates (1%) | 332 visible | prefilter: 99 never-rises, 621 below-hz, 115207 mag-cull
[18:57:27.498] [PARALLAX] [trace] Stars: 116812 total | 885 candidates (1%) | 332 visible | prefilter: 99 never-rises, 621 below-hz, 115207 mag-cull
[18:57:27.608] [PARALLAX] [trace] Stars: 116812 total | 885 candidates (1%) | 332 visible | prefilter: 99 never-rises, 621 below-hz, 115207 mag-cull
[18:57:27.848] [PARALLAX] [info] Main loop exited
[18:57:27.849] [PARALLAX] [trace] Sync objects destroyed
[18:57:27.850] [PARALLAX] [trace] Command pool destroyed
[18:57:27.851] [PARALLAX] [trace] Starfield renderer destroyed
[18:57:27.852] [PARALLAX] [trace] Sky background renderer destroyed
[18:57:27.853] [PARALLAX] [trace] Graphics pipeline destroyed
[18:57:27.853] [PARALLAX] [trace] Render pass destroyed
[18:57:27.854] [PARALLAX] [trace] Swapchain destroyed
[18:57:27.876] [PARALLAX] [trace] Vulkan logical device destroyed
[18:57:27.876] [PARALLAX] [trace] Vulkan debug messenger destroyed
[18:57:27.876] [PARALLAX] [trace] Vulkan surface destroyed
[18:57:27.877] [PARALLAX] [trace] [Vulkan] Unloading layer library C:\Windows\System32\DriverStore\FileRepository\nv_dispi.inf_amd64_adc55ecfca814224\nvoglv64.dll
[18:57:27.877] [PARALLAX] [trace] [Vulkan] Unloading layer library C:\Windows\System32\DriverStore\FileRepository\nv_dispi.inf_amd64_adc55ecfca814224\nvoglv64.dll
[18:57:27.878] [PARALLAX] [trace] [Vulkan] Unloading layer library C:\ProgramData\obs-studio-hook\graphics-hook64.dll
[18:57:27.879] [PARALLAX] [trace] [Vulkan] Unloading layer library C:\VulkanSDK\1.4.341.1\Bin\VkLayer_khronos_validation.dll
[18:57:27.880] [PARALLAX] [trace] Vulkan instance destroyed
[18:57:27.894] [PARALLAX] [info] Window destroyed
[18:57:27.898] [PARALLAX] [info] Parallax shutdown complete.
[19:10:46.994] [PARALLAX] [info] Parallax v0.1.0 starting...
[19:10:47.145] [PARALLAX] [info] Window created: "Parallax" (1280x720) [Vulkan | resizable]
[19:10:47.146] [PARALLAX] [trace] SDL2 requires 2 Vulkan instance extension(s):
[19:10:47.146] [PARALLAX] [trace]   - VK_KHR_surface
[19:10:47.146] [PARALLAX] [trace]   - VK_KHR_win32_surface
[19:10:47.157] [PARALLAX] [info] Requesting 3 instance extension(s):
[19:10:47.157] [PARALLAX] [info]   - VK_KHR_surface
[19:10:47.158] [PARALLAX] [info]   - VK_KHR_win32_surface
[19:10:47.159] [PARALLAX] [info]   - VK_EXT_debug_utils
[19:10:47.159] [PARALLAX] [info] Validation layers enabled: VK_LAYER_KHRONOS_validation
[19:10:47.162] [PARALLAX] [trace] [Vulkan] windows_get_device_registry_files: GUID for 3 is not SoftwareComponent skipping
[19:10:47.166] [PARALLAX] [trace] [Vulkan] Searching for ICD drivers named .\nvoglv64.dll
[19:10:47.169] [PARALLAX] [trace] [Vulkan] Loading layer library C:\VulkanSDK\1.4.341.1\Bin\.\VkLayer_khronos_validation.dll
[19:10:47.170] [PARALLAX] [trace] [Vulkan] Loading layer library C:\ProgramData\obs-studio-hook\.\graphics-hook64.dll
[19:10:47.171] [PARALLAX] [trace] [Vulkan] Loading layer library C:\Windows\System32\DriverStore\FileRepository\nv_dispi.inf_amd64_adc55ecfca814224\.\nvoglv64.dll
[19:10:47.171] [PARALLAX] [trace] [Vulkan] Loading layer library C:\Windows\System32\DriverStore\FileRepository\nv_dispi.inf_amd64_adc55ecfca814224\.\nvoglv64.dll
[19:10:47.253] [PARALLAX] [info] Vulkan instance created (API 1.3)
[19:10:47.254] [PARALLAX] [info] Vulkan debug messenger created
[19:10:47.254] [PARALLAX] [info] Vulkan surface created
[19:10:47.256] [PARALLAX] [info] Found 1 Vulkan-capable GPU(s):
[19:10:47.256] [PARALLAX] [info]   - NVIDIA GeForce GTX 1660 (type: discrete)
[19:10:47.263] [PARALLAX] [info] Selected GPU: NVIDIA GeForce GTX 1660
[19:10:47.265] [PARALLAX] [info]   Driver version: 79.344.0
[19:10:47.265] [PARALLAX] [info]   Vulkan API: 1.4.325
[19:10:47.265] [PARALLAX] [info]   VRAM: 6180 MB
[19:10:47.266] [PARALLAX] [info]   Graphics queue family: 0
[19:10:47.266] [PARALLAX] [info]   Present queue family: 0
[19:10:47.340] [PARALLAX] [info] Vulkan logical device created
[19:10:47.345] [PARALLAX] [trace] Surface format: B8G8R8A8_SRGB + SRGB_NONLINEAR (preferred)
[19:10:47.346] [PARALLAX] [trace] Present mode: MAILBOX (triple buffering)
[19:10:47.373] [PARALLAX] [info] Swapchain created: 1280x720, 3 images, format 50, MAILBOX (triple buffer)
[19:10:47.373] [PARALLAX] [info] Shader directory: C:/Parallax-dev/Parallax/build/shaders
[19:10:47.374] [PARALLAX] [info] Render pass created
[19:10:47.375] [PARALLAX] [trace] Shader module loaded: test_star.vert.spv
[19:10:47.376] [PARALLAX] [trace] Shader module loaded: test_star.frag.spv
[19:10:47.377] [PARALLAX] [info] Graphics pipeline created (POINT_LIST, dynamic viewport/scissor)
[19:10:47.378] [PARALLAX] [info] Framebuffers created: 3 (1280x720)
[19:10:47.378] [PARALLAX] [trace] Sky background UBO created: 32 bytes
[19:10:47.380] [PARALLAX] [trace] Shader module loaded: sky_background.vert.spv
[19:10:47.380] [PARALLAX] [trace] Shader module loaded: sky_background.frag.spv
[19:10:47.382] [PARALLAX] [info] Sky background pipeline created (fullscreen triangle, UBO)
[19:10:47.382] [PARALLAX] [info] Sky background renderer initialized
[19:10:47.383] [PARALLAX] [trace] Starfield storage buffer created: 3200000 bytes (200000 stars)
[19:10:47.384] [PARALLAX] [trace] Shader module loaded: starfield.vert.spv
[19:10:47.386] [PARALLAX] [trace] Shader module loaded: starfield.frag.spv
[19:10:47.387] [PARALLAX] [info] Starfield pipeline created (POINT_LIST, additive blend, storage buffer)
[19:10:47.387] [PARALLAX] [info] Starfield renderer initialized (buffer capacity: 200000 stars)
[19:10:47.709] [PARALLAX] [trace] Font atlas created: 128x96 R8_UNORM, 95 glyphs
[19:10:47.729] [PARALLAX] [trace] Shader module loaded: text.vert.spv
[19:10:47.761] [PARALLAX] [trace] Shader module loaded: text.frag.spv
[19:10:48.824] [PARALLAX] [info] Text pipeline created (alpha blend, vertex-colored)
[19:10:48.826] [PARALLAX] [info] BitmapFont initialized (128x96 atlas, 4096 max chars/frame)
[19:10:50.236] [PARALLAX] [info] CatalogLoader: Loaded 116812 stars from data/catalogs/hipparcos.csv
[19:10:50.237] [PARALLAX] [info] Hipparcos catalog loaded: 116812 stars from data/catalogs/hipparcos.csv
[19:10:50.238] [PARALLAX] [info] Simulation start: JD 2461101.257526 (2026-03-01 18:10:50.2 UTC)
[19:10:50.239] [PARALLAX] [info] Observer: La Palma (28.76N, 17.89W)
[19:10:50.240] [PARALLAX] [info] Atmosphere initialized: k=0.2, Bortle 4
[19:10:50.241] [PARALLAX] [info] Command pool created
[19:10:50.241] [PARALLAX] [info] Command buffers allocated: 2
[19:10:50.242] [PARALLAX] [info] Sync objects created: 2 frames in flight, 3 image semaphores
[19:10:50.242] [PARALLAX] [info] Application initialized — all subsystems ready
[19:10:50.243] [PARALLAX] [info] Entering main loop...
[19:10:50.581] [PARALLAX] [trace] Stars: 116812 total | 5029 candidates (4%) | 314 visible | prefilter: 592 never-rises, 3246 below-hz, 107945 mag-cull
[19:10:50.822] [PARALLAX] [trace] Stars: 116812 total | 5029 candidates (4%) | 314 visible | prefilter: 592 never-rises, 3246 below-hz, 107945 mag-cull
[19:10:51.071] [PARALLAX] [trace] Stars: 116812 total | 5029 candidates (4%) | 314 visible | prefilter: 592 never-rises, 3246 below-hz, 107945 mag-cull
[19:10:51.322] [PARALLAX] [trace] Stars: 116812 total | 5029 candidates (4%) | 314 visible | prefilter: 592 never-rises, 3246 below-hz, 107945 mag-cull
[19:10:51.584] [PARALLAX] [trace] Stars: 116812 total | 5029 candidates (4%) | 314 visible | prefilter: 592 never-rises, 3246 below-hz, 107945 mag-cull
[19:10:51.839] [PARALLAX] [trace] Stars: 116812 total | 5029 candidates (4%) | 314 visible | prefilter: 592 never-rises, 3246 below-hz, 107945 mag-cull
[19:10:52.101] [PARALLAX] [trace] Stars: 116812 total | 5029 candidates (4%) | 314 visible | prefilter: 592 never-rises, 3246 below-hz, 107945 mag-cull
[19:10:52.356] [PARALLAX] [trace] Stars: 116812 total | 5029 candidates (4%) | 314 visible | prefilter: 592 never-rises, 3246 below-hz, 107945 mag-cull
[19:10:52.610] [PARALLAX] [trace] Stars: 116812 total | 5029 candidates (4%) | 314 visible | prefilter: 592 never-rises, 3246 below-hz, 107945 mag-cull
[19:10:52.864] [PARALLAX] [trace] Stars: 116812 total | 5029 candidates (4%) | 314 visible | prefilter: 592 never-rises, 3246 below-hz, 107945 mag-cull
[19:10:53.113] [PARALLAX] [trace] Stars: 116812 total | 5029 candidates (4%) | 314 visible | prefilter: 592 never-rises, 3246 below-hz, 107945 mag-cull
[19:10:53.364] [PARALLAX] [trace] Stars: 116812 total | 5029 candidates (4%) | 314 visible | prefilter: 592 never-rises, 3246 below-hz, 107945 mag-cull
[19:10:53.618] [PARALLAX] [trace] Stars: 116812 total | 5029 candidates (4%) | 314 visible | prefilter: 592 never-rises, 3246 below-hz, 107945 mag-cull
[19:10:53.890] [PARALLAX] [trace] Stars: 116812 total | 5029 candidates (4%) | 314 visible | prefilter: 592 never-rises, 3246 below-hz, 107945 mag-cull
[19:10:54.147] [PARALLAX] [trace] Stars: 116812 total | 5029 candidates (4%) | 314 visible | prefilter: 592 never-rises, 3246 below-hz, 107945 mag-cull
[19:10:54.413] [PARALLAX] [trace] Stars: 116812 total | 5029 candidates (4%) | 314 visible | prefilter: 592 never-rises, 3246 below-hz, 107945 mag-cull
[19:10:54.694] [PARALLAX] [trace] Stars: 116812 total | 5029 candidates (4%) | 314 visible | prefilter: 592 never-rises, 3246 below-hz, 107945 mag-cull
[19:10:54.952] [PARALLAX] [trace] Stars: 116812 total | 5029 candidates (4%) | 312 visible | prefilter: 592 never-rises, 3246 below-hz, 107945 mag-cull
[19:10:55.215] [PARALLAX] [trace] Stars: 116812 total | 5029 candidates (4%) | 321 visible | prefilter: 592 never-rises, 3246 below-hz, 107945 mag-cull
[19:10:55.482] [PARALLAX] [trace] Stars: 116812 total | 5030 candidates (4%) | 341 visible | prefilter: 592 never-rises, 3245 below-hz, 107945 mag-cull
[19:10:55.756] [PARALLAX] [trace] Stars: 116812 total | 5030 candidates (4%) | 354 visible | prefilter: 592 never-rises, 3245 below-hz, 107945 mag-cull
[19:10:56.022] [PARALLAX] [trace] Stars: 116812 total | 5030 candidates (4%) | 370 visible | prefilter: 592 never-rises, 3245 below-hz, 107945 mag-cull
[19:10:56.282] [PARALLAX] [trace] Stars: 116812 total | 5030 candidates (4%) | 353 visible | prefilter: 592 never-rises, 3245 below-hz, 107945 mag-cull
[19:10:56.551] [PARALLAX] [trace] Stars: 116812 total | 5030 candidates (4%) | 319 visible | prefilter: 592 never-rises, 3245 below-hz, 107945 mag-cull
[19:10:56.826] [PARALLAX] [trace] Stars: 116812 total | 5030 candidates (4%) | 283 visible | prefilter: 592 never-rises, 3245 below-hz, 107945 mag-cull
[19:10:57.099] [PARALLAX] [trace] Stars: 116812 total | 5030 candidates (4%) | 283 visible | prefilter: 592 never-rises, 3245 below-hz, 107945 mag-cull
[19:10:57.385] [PARALLAX] [trace] Stars: 116812 total | 5030 candidates (4%) | 283 visible | prefilter: 592 never-rises, 3245 below-hz, 107945 mag-cull
[19:10:57.656] [PARALLAX] [trace] Stars: 116812 total | 5030 candidates (4%) | 281 visible | prefilter: 592 never-rises, 3245 below-hz, 107945 mag-cull
[19:10:57.922] [PARALLAX] [trace] Stars: 116812 total | 5030 candidates (4%) | 232 visible | prefilter: 592 never-rises, 3245 below-hz, 107945 mag-cull
[19:10:58.192] [PARALLAX] [trace] Stars: 116812 total | 5030 candidates (4%) | 181 visible | prefilter: 592 never-rises, 3245 below-hz, 107945 mag-cull
[19:10:58.471] [PARALLAX] [trace] Stars: 116812 total | 5030 candidates (4%) | 180 visible | prefilter: 592 never-rises, 3245 below-hz, 107945 mag-cull
[19:10:58.858] [PARALLAX] [trace] Stars: 116812 total | 13624 candidates (12%) | 80 visible | prefilter: 1483 never-rises, 8420 below-hz, 93285 mag-cull
[19:11:00.100] [PARALLAX] [trace] Stars: 116812 total | 36539 candidates (31%) | 34 visible | prefilter: 4297 never-rises, 22956 below-hz, 53020 mag-cull
[19:11:00.663] [PARALLAX] [trace] Stars: 116812 total | 7849 candidates (7%) | 127 visible | prefilter: 897 never-rises, 5016 below-hz, 103050 mag-cull
[19:11:00.892] [PARALLAX] [trace] Stars: 116812 total | 3032 candidates (3%) | 272 visible | prefilter: 364 never-rises, 1964 below-hz, 111452 mag-cull
[19:11:01.093] [PARALLAX] [trace] Stars: 116812 total | 3032 candidates (3%) | 272 visible | prefilter: 364 never-rises, 1964 below-hz, 111452 mag-cull
[19:11:01.310] [PARALLAX] [trace] Stars: 116812 total | 3032 candidates (3%) | 271 visible | prefilter: 364 never-rises, 1964 below-hz, 111452 mag-cull
[19:11:01.516] [PARALLAX] [trace] Stars: 116812 total | 3032 candidates (3%) | 260 visible | prefilter: 364 never-rises, 1964 below-hz, 111452 mag-cull
[19:11:01.719] [PARALLAX] [trace] Stars: 116812 total | 3032 candidates (3%) | 268 visible | prefilter: 364 never-rises, 1964 below-hz, 111452 mag-cull
[19:11:01.927] [PARALLAX] [trace] Stars: 116812 total | 3032 candidates (3%) | 263 visible | prefilter: 364 never-rises, 1964 below-hz, 111452 mag-cull
[19:11:02.136] [PARALLAX] [trace] Stars: 116812 total | 3032 candidates (3%) | 263 visible | prefilter: 364 never-rises, 1964 below-hz, 111452 mag-cull
[19:11:02.351] [PARALLAX] [trace] Stars: 116812 total | 3032 candidates (3%) | 263 visible | prefilter: 364 never-rises, 1964 below-hz, 111452 mag-cull
[19:11:02.563] [PARALLAX] [trace] Stars: 116812 total | 3032 candidates (3%) | 263 visible | prefilter: 364 never-rises, 1964 below-hz, 111452 mag-cull
[19:11:02.780] [PARALLAX] [trace] Stars: 116812 total | 3032 candidates (3%) | 263 visible | prefilter: 364 never-rises, 1964 below-hz, 111452 mag-cull
[19:11:02.984] [PARALLAX] [trace] Stars: 116812 total | 3032 candidates (3%) | 263 visible | prefilter: 364 never-rises, 1964 below-hz, 111452 mag-cull
[19:11:03.177] [PARALLAX] [trace] Stars: 116812 total | 3032 candidates (3%) | 263 visible | prefilter: 364 never-rises, 1964 below-hz, 111452 mag-cull
[19:11:03.367] [PARALLAX] [trace] Stars: 116812 total | 3032 candidates (3%) | 263 visible | prefilter: 364 never-rises, 1964 below-hz, 111452 mag-cull
[19:11:03.553] [PARALLAX] [trace] Stars: 116812 total | 3032 candidates (3%) | 263 visible | prefilter: 364 never-rises, 1964 below-hz, 111452 mag-cull
[19:11:03.742] [PARALLAX] [trace] Stars: 116812 total | 3032 candidates (3%) | 262 visible | prefilter: 364 never-rises, 1964 below-hz, 111452 mag-cull
[19:11:03.942] [PARALLAX] [trace] Stars: 116812 total | 3032 candidates (3%) | 236 visible | prefilter: 364 never-rises, 1964 below-hz, 111452 mag-cull
[19:11:04.135] [PARALLAX] [trace] Stars: 116812 total | 3032 candidates (3%) | 207 visible | prefilter: 364 never-rises, 1964 below-hz, 111452 mag-cull
[19:11:04.338] [PARALLAX] [trace] Stars: 116812 total | 3032 candidates (3%) | 186 visible | prefilter: 364 never-rises, 1964 below-hz, 111452 mag-cull
[19:11:04.534] [PARALLAX] [trace] Stars: 116812 total | 3032 candidates (3%) | 171 visible | prefilter: 364 never-rises, 1964 below-hz, 111452 mag-cull
[19:11:04.726] [PARALLAX] [trace] Stars: 116812 total | 3032 candidates (3%) | 174 visible | prefilter: 364 never-rises, 1964 below-hz, 111452 mag-cull
[19:11:04.924] [PARALLAX] [trace] Stars: 116812 total | 3032 candidates (3%) | 255 visible | prefilter: 364 never-rises, 1964 below-hz, 111452 mag-cull
[19:11:05.130] [PARALLAX] [trace] Stars: 116812 total | 3032 candidates (3%) | 278 visible | prefilter: 364 never-rises, 1964 below-hz, 111452 mag-cull
[19:11:05.342] [PARALLAX] [trace] Stars: 116812 total | 3032 candidates (3%) | 324 visible | prefilter: 364 never-rises, 1964 below-hz, 111452 mag-cull
[19:11:05.544] [PARALLAX] [trace] Stars: 116812 total | 3033 candidates (3%) | 365 visible | prefilter: 364 never-rises, 1963 below-hz, 111452 mag-cull
[19:11:05.751] [PARALLAX] [trace] Stars: 116812 total | 3033 candidates (3%) | 365 visible | prefilter: 364 never-rises, 1963 below-hz, 111452 mag-cull
[19:11:05.937] [PARALLAX] [trace] Stars: 116812 total | 3033 candidates (3%) | 363 visible | prefilter: 364 never-rises, 1963 below-hz, 111452 mag-cull
[19:11:06.134] [PARALLAX] [trace] Stars: 116812 total | 3033 candidates (3%) | 362 visible | prefilter: 364 never-rises, 1963 below-hz, 111452 mag-cull
[19:11:06.334] [PARALLAX] [trace] Stars: 116812 total | 3033 candidates (3%) | 366 visible | prefilter: 364 never-rises, 1963 below-hz, 111452 mag-cull
[19:11:06.531] [PARALLAX] [trace] Stars: 116812 total | 3033 candidates (3%) | 365 visible | prefilter: 364 never-rises, 1963 below-hz, 111452 mag-cull
[19:11:06.737] [PARALLAX] [trace] Stars: 116812 total | 3033 candidates (3%) | 365 visible | prefilter: 364 never-rises, 1963 below-hz, 111452 mag-cull
[19:11:06.951] [PARALLAX] [trace] Stars: 116812 total | 3033 candidates (3%) | 365 visible | prefilter: 364 never-rises, 1963 below-hz, 111452 mag-cull
[19:11:07.158] [PARALLAX] [trace] Stars: 116812 total | 3033 candidates (3%) | 268 visible | prefilter: 364 never-rises, 1963 below-hz, 111452 mag-cull
[19:11:07.379] [PARALLAX] [trace] Stars: 116812 total | 3033 candidates (3%) | 239 visible | prefilter: 364 never-rises, 1963 below-hz, 111452 mag-cull
[19:11:07.592] [PARALLAX] [trace] Stars: 116812 total | 3033 candidates (3%) | 239 visible | prefilter: 364 never-rises, 1963 below-hz, 111452 mag-cull
[19:11:07.810] [PARALLAX] [trace] Stars: 116812 total | 3033 candidates (3%) | 239 visible | prefilter: 364 never-rises, 1963 below-hz, 111452 mag-cull
[19:11:08.015] [PARALLAX] [trace] Stars: 116812 total | 3033 candidates (3%) | 239 visible | prefilter: 364 never-rises, 1963 below-hz, 111452 mag-cull
[19:11:08.217] [PARALLAX] [trace] Stars: 116812 total | 3033 candidates (3%) | 233 visible | prefilter: 364 never-rises, 1963 below-hz, 111452 mag-cull
[19:11:08.420] [PARALLAX] [trace] Stars: 116812 total | 3033 candidates (3%) | 136 visible | prefilter: 364 never-rises, 1963 below-hz, 111452 mag-cull
[19:11:08.619] [PARALLAX] [trace] Stars: 116812 total | 3033 candidates (3%) | 133 visible | prefilter: 364 never-rises, 1963 below-hz, 111452 mag-cull
[19:11:08.829] [PARALLAX] [trace] Stars: 116812 total | 3033 candidates (3%) | 133 visible | prefilter: 364 never-rises, 1963 below-hz, 111452 mag-cull
[19:11:09.052] [PARALLAX] [trace] Stars: 116812 total | 5150 candidates (4%) | 88 visible | prefilter: 601 never-rises, 3335 below-hz, 107726 mag-cull
[19:11:09.348] [PARALLAX] [trace] Stars: 116812 total | 6719 candidates (6%) | 65 visible | prefilter: 768 never-rises, 4299 below-hz, 105026 mag-cull
[19:11:09.852] [PARALLAX] [trace] Stars: 116812 total | 21741 candidates (19%) | 13 visible | prefilter: 2385 never-rises, 13329 below-hz, 79357 mag-cull
[19:11:10.484] [PARALLAX] [trace] Stars: 116812 total | 17995 candidates (15%) | 18 visible | prefilter: 1966 never-rises, 11060 below-hz, 85791 mag-cull
[19:11:11.108] [PARALLAX] [trace] Stars: 116812 total | 17995 candidates (15%) | 18 visible | prefilter: 1966 never-rises, 11060 below-hz, 85791 mag-cull
[19:11:11.724] [PARALLAX] [trace] Stars: 116812 total | 17995 candidates (15%) | 18 visible | prefilter: 1966 never-rises, 11060 below-hz, 85791 mag-cull
[19:11:12.349] [PARALLAX] [trace] Stars: 116812 total | 17995 candidates (15%) | 18 visible | prefilter: 1966 never-rises, 11060 below-hz, 85791 mag-cull
[19:11:12.976] [PARALLAX] [trace] Stars: 116812 total | 17994 candidates (15%) | 18 visible | prefilter: 1966 never-rises, 11061 below-hz, 85791 mag-cull
[19:11:13.595] [PARALLAX] [trace] Stars: 116812 total | 17994 candidates (15%) | 18 visible | prefilter: 1966 never-rises, 11061 below-hz, 85791 mag-cull
[19:11:14.228] [PARALLAX] [trace] Stars: 116812 total | 17994 candidates (15%) | 6 visible | prefilter: 1966 never-rises, 11061 below-hz, 85791 mag-cull
[19:11:14.882] [PARALLAX] [trace] Stars: 116812 total | 17994 candidates (15%) | 19 visible | prefilter: 1966 never-rises, 11061 below-hz, 85791 mag-cull
[19:11:15.526] [PARALLAX] [trace] Stars: 116812 total | 17994 candidates (15%) | 34 visible | prefilter: 1966 never-rises, 11061 below-hz, 85791 mag-cull
[19:11:16.185] [PARALLAX] [trace] Stars: 116812 total | 17993 candidates (15%) | 34 visible | prefilter: 1966 never-rises, 11062 below-hz, 85791 mag-cull
[19:11:16.819] [PARALLAX] [trace] Stars: 116812 total | 17993 candidates (15%) | 34 visible | prefilter: 1966 never-rises, 11062 below-hz, 85791 mag-cull
[19:11:17.357] [PARALLAX] [info] Main loop exited
[19:11:17.359] [PARALLAX] [trace] Sync objects destroyed
[19:11:17.359] [PARALLAX] [trace] Command pool destroyed
[19:11:17.361] [PARALLAX] [trace] BitmapFont destroyed
[19:11:17.363] [PARALLAX] [trace] Starfield renderer destroyed
[19:11:17.364] [PARALLAX] [trace] Sky background renderer destroyed
[19:11:17.365] [PARALLAX] [trace] Graphics pipeline destroyed
[19:11:17.365] [PARALLAX] [trace] Render pass destroyed
[19:11:17.366] [PARALLAX] [trace] Swapchain destroyed
[19:11:17.389] [PARALLAX] [trace] Vulkan logical device destroyed
[19:11:17.390] [PARALLAX] [trace] Vulkan debug messenger destroyed
[19:11:17.390] [PARALLAX] [trace] Vulkan surface destroyed
[19:11:17.391] [PARALLAX] [trace] [Vulkan] Unloading layer library C:\Windows\System32\DriverStore\FileRepository\nv_dispi.inf_amd64_adc55ecfca814224\nvoglv64.dll
[19:11:17.391] [PARALLAX] [trace] [Vulkan] Unloading layer library C:\Windows\System32\DriverStore\FileRepository\nv_dispi.inf_amd64_adc55ecfca814224\nvoglv64.dll
[19:11:17.391] [PARALLAX] [trace] [Vulkan] Unloading layer library C:\ProgramData\obs-studio-hook\graphics-hook64.dll
[19:11:17.393] [PARALLAX] [trace] [Vulkan] Unloading layer library C:\VulkanSDK\1.4.341.1\Bin\VkLayer_khronos_validation.dll
[19:11:17.394] [PARALLAX] [trace] Vulkan instance destroyed
[19:11:17.407] [PARALLAX] [info] Window destroyed
[19:11:17.412] [PARALLAX] [info] Parallax shutdown complete.
[19:18:38.571] [PARALLAX] [info] Parallax v0.1.0 starting...
[19:18:38.718] [PARALLAX] [info] Window created: "Parallax" (1280x720) [Vulkan | resizable]
[19:18:38.720] [PARALLAX] [trace] SDL2 requires 2 Vulkan instance extension(s):
[19:18:38.720] [PARALLAX] [trace]   - VK_KHR_surface
[19:18:38.720] [PARALLAX] [trace]   - VK_KHR_win32_surface
[19:18:38.730] [PARALLAX] [info] Requesting 3 instance extension(s):
[19:18:38.732] [PARALLAX] [info]   - VK_KHR_surface
[19:18:38.732] [PARALLAX] [info]   - VK_KHR_win32_surface
[19:18:38.732] [PARALLAX] [info]   - VK_EXT_debug_utils
[19:18:38.732] [PARALLAX] [info] Validation layers enabled: VK_LAYER_KHRONOS_validation
[19:18:38.734] [PARALLAX] [trace] [Vulkan] windows_get_device_registry_files: GUID for 3 is not SoftwareComponent skipping
[19:18:38.738] [PARALLAX] [trace] [Vulkan] Searching for ICD drivers named .\nvoglv64.dll
[19:18:38.740] [PARALLAX] [trace] [Vulkan] Loading layer library C:\VulkanSDK\1.4.341.1\Bin\.\VkLayer_khronos_validation.dll
[19:18:38.742] [PARALLAX] [trace] [Vulkan] Loading layer library C:\ProgramData\obs-studio-hook\.\graphics-hook64.dll
[19:18:38.742] [PARALLAX] [trace] [Vulkan] Loading layer library C:\Windows\System32\DriverStore\FileRepository\nv_dispi.inf_amd64_adc55ecfca814224\.\nvoglv64.dll
[19:18:38.742] [PARALLAX] [trace] [Vulkan] Loading layer library C:\Windows\System32\DriverStore\FileRepository\nv_dispi.inf_amd64_adc55ecfca814224\.\nvoglv64.dll
[19:18:38.825] [PARALLAX] [info] Vulkan instance created (API 1.3)
[19:18:38.826] [PARALLAX] [info] Vulkan debug messenger created
[19:18:38.826] [PARALLAX] [info] Vulkan surface created
[19:18:38.827] [PARALLAX] [info] Found 1 Vulkan-capable GPU(s):
[19:18:38.828] [PARALLAX] [info]   - NVIDIA GeForce GTX 1660 (type: discrete)
[19:18:38.834] [PARALLAX] [info] Selected GPU: NVIDIA GeForce GTX 1660
[19:18:38.834] [PARALLAX] [info]   Driver version: 79.344.0
[19:18:38.835] [PARALLAX] [info]   Vulkan API: 1.4.325
[19:18:38.836] [PARALLAX] [info]   VRAM: 6180 MB
[19:18:38.838] [PARALLAX] [info]   Graphics queue family: 0
[19:18:38.838] [PARALLAX] [info]   Present queue family: 0
[19:18:38.906] [PARALLAX] [info] Vulkan logical device created
[19:18:38.910] [PARALLAX] [trace] Surface format: B8G8R8A8_SRGB + SRGB_NONLINEAR (preferred)
[19:18:38.910] [PARALLAX] [trace] Present mode: MAILBOX (triple buffering)
[19:18:39.018] [PARALLAX] [info] Swapchain created: 1280x720, 3 images, format 50, MAILBOX (triple buffer)
[19:18:39.018] [PARALLAX] [info] Shader directory: C:/Parallax-dev/Parallax/build/shaders
[19:18:39.019] [PARALLAX] [info] Render pass created
[19:18:39.021] [PARALLAX] [trace] Shader module loaded: test_star.vert.spv
[19:18:39.022] [PARALLAX] [trace] Shader module loaded: test_star.frag.spv
[19:18:39.023] [PARALLAX] [info] Graphics pipeline created (POINT_LIST, dynamic viewport/scissor)
[19:18:39.024] [PARALLAX] [info] Framebuffers created: 3 (1280x720)
[19:18:39.024] [PARALLAX] [trace] Sky background UBO created: 32 bytes
[19:18:39.025] [PARALLAX] [trace] Shader module loaded: sky_background.vert.spv
[19:18:39.026] [PARALLAX] [trace] Shader module loaded: sky_background.frag.spv
[19:18:39.028] [PARALLAX] [info] Sky background pipeline created (fullscreen triangle, UBO)
[19:18:39.028] [PARALLAX] [info] Sky background renderer initialized
[19:18:39.028] [PARALLAX] [trace] Starfield storage buffer created: 3200000 bytes (200000 stars)
[19:18:39.029] [PARALLAX] [trace] Shader module loaded: starfield.vert.spv
[19:18:39.030] [PARALLAX] [trace] Shader module loaded: starfield.frag.spv
[19:18:39.031] [PARALLAX] [info] Starfield pipeline created (POINT_LIST, additive blend, storage buffer)
[19:18:39.031] [PARALLAX] [info] Starfield renderer initialized (buffer capacity: 200000 stars)
[19:18:39.034] [PARALLAX] [trace] Font atlas created: 128x96 R8_UNORM, 95 glyphs
[19:18:39.037] [PARALLAX] [trace] Shader module loaded: text.vert.spv
[19:18:39.038] [PARALLAX] [trace] Shader module loaded: text.frag.spv
[19:18:39.039] [PARALLAX] [info] Text pipeline created (alpha blend, vertex-colored)
[19:18:39.039] [PARALLAX] [info] BitmapFont initialized (128x96 atlas, 4096 max chars/frame)
[19:18:40.451] [PARALLAX] [info] CatalogLoader: Loaded 116812 stars from data/catalogs/hipparcos.csv
[19:18:40.452] [PARALLAX] [info] Hipparcos catalog loaded: 116812 stars from data/catalogs/hipparcos.csv
[19:18:40.453] [PARALLAX] [info] Simulation start: JD 2461101.262968 (2026-03-01 18:18:40.5 UTC)
[19:18:40.454] [PARALLAX] [info] Observer: La Palma (28.76N, 17.89W)
[19:18:40.455] [PARALLAX] [info] Atmosphere initialized: k=0.2, Bortle 4
[19:18:40.455] [PARALLAX] [info] Command pool created
[19:18:40.456] [PARALLAX] [info] Command buffers allocated: 2
[19:18:40.456] [PARALLAX] [info] Sync objects created: 2 frames in flight, 3 image semaphores
[19:18:40.457] [PARALLAX] [info] Application initialized — all subsystems ready
[19:18:40.457] [PARALLAX] [info] Entering main loop...
[19:18:40.709] [PARALLAX] [trace] Stars: 116812 total | 5034 candidates (4%) | 309 visible | prefilter: 592 never-rises, 3241 below-hz, 107945 mag-cull
[19:18:40.950] [PARALLAX] [trace] Stars: 116812 total | 5034 candidates (4%) | 309 visible | prefilter: 592 never-rises, 3241 below-hz, 107945 mag-cull
[19:18:41.191] [PARALLAX] [trace] Stars: 116812 total | 5035 candidates (4%) | 309 visible | prefilter: 592 never-rises, 3240 below-hz, 107945 mag-cull
[19:18:41.433] [PARALLAX] [trace] Stars: 116812 total | 5035 candidates (4%) | 309 visible | prefilter: 592 never-rises, 3240 below-hz, 107945 mag-cull
[19:18:41.677] [PARALLAX] [trace] Stars: 116812 total | 5035 candidates (4%) | 309 visible | prefilter: 592 never-rises, 3240 below-hz, 107945 mag-cull
[19:18:41.924] [PARALLAX] [trace] Stars: 116812 total | 5035 candidates (4%) | 309 visible | prefilter: 592 never-rises, 3240 below-hz, 107945 mag-cull
[19:18:42.175] [PARALLAX] [trace] Stars: 116812 total | 5035 candidates (4%) | 309 visible | prefilter: 592 never-rises, 3240 below-hz, 107945 mag-cull
[19:18:42.425] [PARALLAX] [trace] Stars: 116812 total | 5035 candidates (4%) | 309 visible | prefilter: 592 never-rises, 3240 below-hz, 107945 mag-cull
[19:18:42.676] [PARALLAX] [trace] Stars: 116812 total | 5035 candidates (4%) | 309 visible | prefilter: 592 never-rises, 3240 below-hz, 107945 mag-cull
[19:18:42.926] [PARALLAX] [trace] Stars: 116812 total | 5035 candidates (4%) | 309 visible | prefilter: 592 never-rises, 3240 below-hz, 107945 mag-cull
[19:18:43.175] [PARALLAX] [trace] Stars: 116812 total | 5035 candidates (4%) | 309 visible | prefilter: 592 never-rises, 3240 below-hz, 107945 mag-cull
[19:18:43.430] [PARALLAX] [trace] Stars: 116812 total | 5035 candidates (4%) | 309 visible | prefilter: 592 never-rises, 3240 below-hz, 107945 mag-cull
[19:18:43.675] [PARALLAX] [trace] Stars: 116812 total | 5035 candidates (4%) | 309 visible | prefilter: 592 never-rises, 3240 below-hz, 107945 mag-cull
[19:18:43.925] [PARALLAX] [trace] Stars: 116812 total | 5036 candidates (4%) | 309 visible | prefilter: 592 never-rises, 3239 below-hz, 107945 mag-cull
[19:18:44.171] [PARALLAX] [trace] Stars: 116812 total | 5036 candidates (4%) | 309 visible | prefilter: 592 never-rises, 3239 below-hz, 107945 mag-cull
[19:18:44.424] [PARALLAX] [trace] Stars: 116812 total | 5036 candidates (4%) | 309 visible | prefilter: 592 never-rises, 3239 below-hz, 107945 mag-cull
[19:18:44.677] [PARALLAX] [trace] Stars: 116812 total | 5036 candidates (4%) | 309 visible | prefilter: 592 never-rises, 3239 below-hz, 107945 mag-cull
[19:18:44.926] [PARALLAX] [trace] Stars: 116812 total | 5036 candidates (4%) | 309 visible | prefilter: 592 never-rises, 3239 below-hz, 107945 mag-cull
[19:18:45.190] [PARALLAX] [trace] Stars: 116812 total | 5036 candidates (4%) | 309 visible | prefilter: 592 never-rises, 3239 below-hz, 107945 mag-cull
[19:18:45.469] [PARALLAX] [trace] Stars: 116812 total | 5036 candidates (4%) | 309 visible | prefilter: 592 never-rises, 3239 below-hz, 107945 mag-cull
[19:18:45.749] [PARALLAX] [trace] Stars: 116812 total | 5036 candidates (4%) | 309 visible | prefilter: 592 never-rises, 3239 below-hz, 107945 mag-cull
[19:18:46.028] [PARALLAX] [trace] Stars: 116812 total | 5036 candidates (4%) | 309 visible | prefilter: 592 never-rises, 3239 below-hz, 107945 mag-cull
[19:18:46.294] [PARALLAX] [trace] Stars: 116812 total | 5036 candidates (4%) | 311 visible | prefilter: 592 never-rises, 3239 below-hz, 107945 mag-cull
[19:18:46.567] [PARALLAX] [trace] Stars: 116812 total | 5036 candidates (4%) | 320 visible | prefilter: 592 never-rises, 3239 below-hz, 107945 mag-cull
[19:18:46.827] [PARALLAX] [trace] Stars: 116812 total | 5036 candidates (4%) | 334 visible | prefilter: 592 never-rises, 3239 below-hz, 107945 mag-cull
[19:18:47.077] [PARALLAX] [trace] Stars: 116812 total | 5036 candidates (4%) | 333 visible | prefilter: 592 never-rises, 3239 below-hz, 107945 mag-cull
[19:18:47.334] [PARALLAX] [trace] Stars: 116812 total | 5036 candidates (4%) | 289 visible | prefilter: 592 never-rises, 3239 below-hz, 107945 mag-cull
[19:18:47.595] [PARALLAX] [trace] Stars: 116812 total | 5036 candidates (4%) | 289 visible | prefilter: 592 never-rises, 3239 below-hz, 107945 mag-cull
[19:18:47.838] [PARALLAX] [trace] Stars: 116812 total | 5036 candidates (4%) | 214 visible | prefilter: 592 never-rises, 3239 below-hz, 107945 mag-cull
[19:18:48.096] [PARALLAX] [trace] Stars: 116812 total | 5036 candidates (4%) | 214 visible | prefilter: 592 never-rises, 3239 below-hz, 107945 mag-cull
[19:18:48.358] [PARALLAX] [trace] Stars: 116812 total | 5036 candidates (4%) | 167 visible | prefilter: 592 never-rises, 3239 below-hz, 107945 mag-cull
[19:18:48.625] [PARALLAX] [trace] Stars: 116812 total | 5036 candidates (4%) | 167 visible | prefilter: 592 never-rises, 3239 below-hz, 107945 mag-cull
[19:18:48.885] [PARALLAX] [trace] Stars: 116812 total | 5036 candidates (4%) | 167 visible | prefilter: 592 never-rises, 3239 below-hz, 107945 mag-cull
[19:18:49.131] [PARALLAX] [trace] Stars: 116812 total | 5036 candidates (4%) | 167 visible | prefilter: 592 never-rises, 3239 below-hz, 107945 mag-cull
[19:18:49.381] [PARALLAX] [trace] Stars: 116812 total | 5036 candidates (4%) | 167 visible | prefilter: 592 never-rises, 3239 below-hz, 107945 mag-cull
[19:18:49.629] [PARALLAX] [trace] Stars: 116812 total | 5036 candidates (4%) | 167 visible | prefilter: 592 never-rises, 3239 below-hz, 107945 mag-cull
[19:18:49.871] [PARALLAX] [trace] Stars: 116812 total | 5036 candidates (4%) | 167 visible | prefilter: 592 never-rises, 3239 below-hz, 107945 mag-cull
[19:18:50.115] [PARALLAX] [trace] Stars: 116812 total | 5036 candidates (4%) | 167 visible | prefilter: 592 never-rises, 3239 below-hz, 107945 mag-cull
[19:18:50.377] [PARALLAX] [trace] Stars: 116812 total | 5036 candidates (4%) | 167 visible | prefilter: 592 never-rises, 3239 below-hz, 107945 mag-cull
[19:18:50.646] [PARALLAX] [trace] Stars: 116812 total | 5036 candidates (4%) | 167 visible | prefilter: 592 never-rises, 3239 below-hz, 107945 mag-cull
[19:18:50.921] [PARALLAX] [trace] Stars: 116812 total | 5036 candidates (4%) | 167 visible | prefilter: 592 never-rises, 3239 below-hz, 107945 mag-cull
[19:18:51.172] [PARALLAX] [trace] Stars: 116812 total | 5036 candidates (4%) | 167 visible | prefilter: 592 never-rises, 3239 below-hz, 107945 mag-cull
[19:18:51.445] [PARALLAX] [trace] Stars: 116812 total | 5036 candidates (4%) | 167 visible | prefilter: 592 never-rises, 3239 below-hz, 107945 mag-cull
[19:18:51.727] [PARALLAX] [trace] Stars: 116812 total | 5036 candidates (4%) | 167 visible | prefilter: 592 never-rises, 3239 below-hz, 107945 mag-cull
[19:18:52.006] [PARALLAX] [trace] Stars: 116812 total | 5036 candidates (4%) | 167 visible | prefilter: 592 never-rises, 3239 below-hz, 107945 mag-cull
[19:18:52.264] [PARALLAX] [trace] Stars: 116812 total | 5036 candidates (4%) | 167 visible | prefilter: 592 never-rises, 3239 below-hz, 107945 mag-cull
[19:18:52.542] [PARALLAX] [trace] Stars: 116812 total | 5036 candidates (4%) | 167 visible | prefilter: 592 never-rises, 3239 below-hz, 107945 mag-cull
[19:18:52.807] [PARALLAX] [trace] Stars: 116812 total | 5036 candidates (4%) | 167 visible | prefilter: 592 never-rises, 3239 below-hz, 107945 mag-cull
[19:18:53.088] [PARALLAX] [trace] Stars: 116812 total | 5036 candidates (4%) | 167 visible | prefilter: 592 never-rises, 3239 below-hz, 107945 mag-cull
[19:18:53.369] [PARALLAX] [trace] Stars: 116812 total | 5036 candidates (4%) | 167 visible | prefilter: 592 never-rises, 3239 below-hz, 107945 mag-cull
[19:18:53.638] [PARALLAX] [trace] Stars: 116812 total | 5036 candidates (4%) | 167 visible | prefilter: 592 never-rises, 3239 below-hz, 107945 mag-cull
[19:18:53.908] [PARALLAX] [trace] Stars: 116812 total | 5036 candidates (4%) | 167 visible | prefilter: 592 never-rises, 3239 below-hz, 107945 mag-cull
[19:18:54.193] [PARALLAX] [trace] Stars: 116812 total | 5035 candidates (4%) | 167 visible | prefilter: 592 never-rises, 3240 below-hz, 107945 mag-cull
[19:18:54.457] [PARALLAX] [trace] Stars: 116812 total | 5035 candidates (4%) | 167 visible | prefilter: 592 never-rises, 3240 below-hz, 107945 mag-cull
[19:18:54.717] [PARALLAX] [trace] Stars: 116812 total | 5035 candidates (4%) | 167 visible | prefilter: 592 never-rises, 3240 below-hz, 107945 mag-cull
[19:18:54.982] [PARALLAX] [trace] Stars: 116812 total | 5035 candidates (4%) | 167 visible | prefilter: 592 never-rises, 3240 below-hz, 107945 mag-cull
[19:18:55.255] [PARALLAX] [trace] Stars: 116812 total | 5035 candidates (4%) | 167 visible | prefilter: 592 never-rises, 3240 below-hz, 107945 mag-cull
[19:18:55.527] [PARALLAX] [trace] Stars: 116812 total | 5035 candidates (4%) | 167 visible | prefilter: 592 never-rises, 3240 below-hz, 107945 mag-cull
[19:18:55.813] [PARALLAX] [trace] Stars: 116812 total | 5035 candidates (4%) | 167 visible | prefilter: 592 never-rises, 3240 below-hz, 107945 mag-cull
[19:18:56.084] [PARALLAX] [trace] Stars: 116812 total | 5035 candidates (4%) | 167 visible | prefilter: 592 never-rises, 3240 below-hz, 107945 mag-cull
[19:18:56.359] [PARALLAX] [trace] Stars: 116812 total | 5034 candidates (4%) | 166 visible | prefilter: 592 never-rises, 3241 below-hz, 107945 mag-cull
[19:18:56.630] [PARALLAX] [trace] Stars: 116812 total | 5034 candidates (4%) | 166 visible | prefilter: 592 never-rises, 3241 below-hz, 107945 mag-cull
[19:18:56.910] [PARALLAX] [trace] Stars: 116812 total | 5034 candidates (4%) | 166 visible | prefilter: 592 never-rises, 3241 below-hz, 107945 mag-cull
[19:18:57.167] [PARALLAX] [trace] Stars: 116812 total | 5034 candidates (4%) | 166 visible | prefilter: 592 never-rises, 3241 below-hz, 107945 mag-cull
[19:18:57.433] [PARALLAX] [trace] Stars: 116812 total | 5034 candidates (4%) | 166 visible | prefilter: 592 never-rises, 3241 below-hz, 107945 mag-cull
[19:18:57.693] [PARALLAX] [trace] Stars: 116812 total | 5034 candidates (4%) | 166 visible | prefilter: 592 never-rises, 3241 below-hz, 107945 mag-cull
[19:18:57.939] [PARALLAX] [trace] Stars: 116812 total | 5034 candidates (4%) | 166 visible | prefilter: 592 never-rises, 3241 below-hz, 107945 mag-cull
[19:18:58.202] [PARALLAX] [trace] Stars: 116812 total | 5034 candidates (4%) | 166 visible | prefilter: 592 never-rises, 3241 below-hz, 107945 mag-cull
[19:18:58.457] [PARALLAX] [trace] Stars: 116812 total | 5034 candidates (4%) | 166 visible | prefilter: 592 never-rises, 3241 below-hz, 107945 mag-cull
[19:18:58.810] [PARALLAX] [trace] Stars: 116812 total | 5034 candidates (4%) | 166 visible | prefilter: 592 never-rises, 3241 below-hz, 107945 mag-cull
[19:18:59.211] [PARALLAX] [trace] Stars: 116812 total | 5034 candidates (4%) | 166 visible | prefilter: 592 never-rises, 3241 below-hz, 107945 mag-cull
[19:18:59.527] [PARALLAX] [trace] Stars: 116812 total | 5034 candidates (4%) | 166 visible | prefilter: 592 never-rises, 3241 below-hz, 107945 mag-cull
[19:18:59.840] [PARALLAX] [trace] Stars: 116812 total | 5034 candidates (4%) | 166 visible | prefilter: 592 never-rises, 3241 below-hz, 107945 mag-cull
[19:19:00.128] [PARALLAX] [trace] Stars: 116812 total | 5034 candidates (4%) | 166 visible | prefilter: 592 never-rises, 3241 below-hz, 107945 mag-cull
[19:19:00.406] [PARALLAX] [trace] Stars: 116812 total | 5034 candidates (4%) | 166 visible | prefilter: 592 never-rises, 3241 below-hz, 107945 mag-cull
[19:19:00.695] [PARALLAX] [trace] Stars: 116812 total | 5034 candidates (4%) | 166 visible | prefilter: 592 never-rises, 3241 below-hz, 107945 mag-cull
[19:19:01.108] [PARALLAX] [trace] Stars: 116812 total | 5034 candidates (4%) | 166 visible | prefilter: 592 never-rises, 3241 below-hz, 107945 mag-cull
[19:19:01.407] [PARALLAX] [trace] Stars: 116812 total | 5034 candidates (4%) | 166 visible | prefilter: 592 never-rises, 3241 below-hz, 107945 mag-cull
[19:19:01.677] [PARALLAX] [trace] Stars: 116812 total | 5034 candidates (4%) | 166 visible | prefilter: 592 never-rises, 3241 below-hz, 107945 mag-cull
[19:19:01.951] [PARALLAX] [trace] Stars: 116812 total | 5034 candidates (4%) | 166 visible | prefilter: 592 never-rises, 3241 below-hz, 107945 mag-cull
[19:19:02.241] [PARALLAX] [trace] Stars: 116812 total | 5034 candidates (4%) | 166 visible | prefilter: 592 never-rises, 3241 below-hz, 107945 mag-cull
[19:19:02.507] [PARALLAX] [trace] Stars: 116812 total | 5034 candidates (4%) | 166 visible | prefilter: 592 never-rises, 3241 below-hz, 107945 mag-cull
[19:19:02.770] [PARALLAX] [trace] Stars: 116812 total | 5034 candidates (4%) | 166 visible | prefilter: 592 never-rises, 3241 below-hz, 107945 mag-cull
[19:19:03.035] [PARALLAX] [trace] Stars: 116812 total | 5034 candidates (4%) | 166 visible | prefilter: 592 never-rises, 3241 below-hz, 107945 mag-cull
[19:19:03.307] [PARALLAX] [trace] Stars: 116812 total | 5034 candidates (4%) | 166 visible | prefilter: 592 never-rises, 3241 below-hz, 107945 mag-cull
[19:19:03.580] [PARALLAX] [trace] Stars: 116812 total | 5034 candidates (4%) | 166 visible | prefilter: 592 never-rises, 3241 below-hz, 107945 mag-cull
[19:19:03.842] [PARALLAX] [trace] Stars: 116812 total | 5034 candidates (4%) | 166 visible | prefilter: 592 never-rises, 3241 below-hz, 107945 mag-cull
[19:19:04.174] [PARALLAX] [trace] Stars: 116812 total | 5034 candidates (4%) | 166 visible | prefilter: 592 never-rises, 3241 below-hz, 107945 mag-cull
[19:19:04.457] [PARALLAX] [trace] Stars: 116812 total | 5034 candidates (4%) | 166 visible | prefilter: 592 never-rises, 3241 below-hz, 107945 mag-cull
[19:19:04.722] [PARALLAX] [trace] Stars: 116812 total | 5034 candidates (4%) | 166 visible | prefilter: 592 never-rises, 3241 below-hz, 107945 mag-cull
[19:19:05.001] [PARALLAX] [trace] Stars: 116812 total | 5034 candidates (4%) | 166 visible | prefilter: 592 never-rises, 3241 below-hz, 107945 mag-cull
[19:19:05.252] [PARALLAX] [trace] Stars: 116812 total | 5034 candidates (4%) | 166 visible | prefilter: 592 never-rises, 3241 below-hz, 107945 mag-cull
[19:19:05.506] [PARALLAX] [trace] Stars: 116812 total | 5034 candidates (4%) | 166 visible | prefilter: 592 never-rises, 3241 below-hz, 107945 mag-cull
[19:19:05.817] [PARALLAX] [trace] Stars: 116812 total | 5034 candidates (4%) | 166 visible | prefilter: 592 never-rises, 3241 below-hz, 107945 mag-cull
[19:19:06.061] [PARALLAX] [trace] Stars: 116812 total | 5034 candidates (4%) | 166 visible | prefilter: 592 never-rises, 3241 below-hz, 107945 mag-cull
[19:19:06.334] [PARALLAX] [trace] Stars: 116812 total | 5034 candidates (4%) | 166 visible | prefilter: 592 never-rises, 3241 below-hz, 107945 mag-cull
[19:19:06.611] [PARALLAX] [trace] Stars: 116812 total | 5034 candidates (4%) | 166 visible | prefilter: 592 never-rises, 3241 below-hz, 107945 mag-cull
[19:19:07.608] [PARALLAX] [trace] Stars: 116812 total | 5034 candidates (4%) | 166 visible | prefilter: 592 never-rises, 3241 below-hz, 107945 mag-cull
[19:19:07.879] [PARALLAX] [trace] Stars: 116812 total | 5034 candidates (4%) | 166 visible | prefilter: 592 never-rises, 3241 below-hz, 107945 mag-cull
[19:19:08.394] [PARALLAX] [trace] Stars: 116812 total | 5034 candidates (4%) | 166 visible | prefilter: 592 never-rises, 3241 below-hz, 107945 mag-cull
[19:19:08.428] [PARALLAX] [trace] Window resized: 1920x1057
[19:19:08.436] [PARALLAX] [trace] Swapchain destroyed
[19:19:08.439] [PARALLAX] [trace] Surface format: B8G8R8A8_SRGB + SRGB_NONLINEAR (preferred)
[19:19:08.440] [PARALLAX] [trace] Present mode: MAILBOX (triple buffering)
[19:19:08.444] [PARALLAX] [info] Swapchain created: 1920x1057, 3 images, format 50, MAILBOX (triple buffer)
[19:19:08.445] [PARALLAX] [info] Framebuffers created: 3 (1920x1057)
[19:19:08.445] [PARALLAX] [info] Swapchain + framebuffers recreated: 1920x1057 (3 images)
[19:19:08.674] [PARALLAX] [trace] Stars: 116812 total | 5034 candidates (4%) | 166 visible | prefilter: 592 never-rises, 3241 below-hz, 107945 mag-cull
[19:19:08.934] [PARALLAX] [trace] Stars: 116812 total | 5034 candidates (4%) | 166 visible | prefilter: 592 never-rises, 3241 below-hz, 107945 mag-cull
[19:19:09.192] [PARALLAX] [trace] Stars: 116812 total | 5034 candidates (4%) | 166 visible | prefilter: 592 never-rises, 3241 below-hz, 107945 mag-cull
[19:19:09.453] [PARALLAX] [trace] Stars: 116812 total | 5034 candidates (4%) | 166 visible | prefilter: 592 never-rises, 3241 below-hz, 107945 mag-cull
[19:19:09.840] [PARALLAX] [trace] Window resized: 1280x720
[19:19:09.841] [PARALLAX] [trace] Window restored: 1280x720
[19:19:09.848] [PARALLAX] [trace] Swapchain destroyed
[19:19:09.854] [PARALLAX] [trace] Surface format: B8G8R8A8_SRGB + SRGB_NONLINEAR (preferred)
[19:19:09.855] [PARALLAX] [trace] Present mode: MAILBOX (triple buffering)
[19:19:09.860] [PARALLAX] [info] Swapchain created: 1280x720, 3 images, format 50, MAILBOX (triple buffer)
[19:19:09.861] [PARALLAX] [info] Framebuffers created: 3 (1280x720)
[19:19:09.862] [PARALLAX] [info] Swapchain + framebuffers recreated: 1280x720 (3 images)
[19:19:09.889] [PARALLAX] [trace] Stars: 116812 total | 5035 candidates (4%) | 166 visible | prefilter: 592 never-rises, 3240 below-hz, 107945 mag-cull
[19:19:10.170] [PARALLAX] [trace] Stars: 116812 total | 5035 candidates (4%) | 166 visible | prefilter: 592 never-rises, 3240 below-hz, 107945 mag-cull
[19:19:10.424] [PARALLAX] [trace] Stars: 116812 total | 3083 candidates (3%) | 236 visible | prefilter: 370 never-rises, 2008 below-hz, 111351 mag-cull
[19:19:10.578] [PARALLAX] [trace] Stars: 116812 total | 1528 candidates (1%) | 317 visible | prefilter: 183 never-rises, 1019 below-hz, 114082 mag-cull
[19:19:10.712] [PARALLAX] [trace] Stars: 116812 total | 1528 candidates (1%) | 317 visible | prefilter: 183 never-rises, 1019 below-hz, 114082 mag-cull
[19:19:10.865] [PARALLAX] [trace] Stars: 116812 total | 1528 candidates (1%) | 317 visible | prefilter: 183 never-rises, 1019 below-hz, 114082 mag-cull
[19:19:11.018] [PARALLAX] [trace] Stars: 116812 total | 1529 candidates (1%) | 312 visible | prefilter: 183 never-rises, 1018 below-hz, 114082 mag-cull
[19:19:11.167] [PARALLAX] [trace] Stars: 116812 total | 1529 candidates (1%) | 234 visible | prefilter: 183 never-rises, 1018 below-hz, 114082 mag-cull
[19:19:11.319] [PARALLAX] [trace] Stars: 116812 total | 1529 candidates (1%) | 208 visible | prefilter: 183 never-rises, 1018 below-hz, 114082 mag-cull
[19:19:11.480] [PARALLAX] [trace] Stars: 116812 total | 1529 candidates (1%) | 208 visible | prefilter: 183 never-rises, 1018 below-hz, 114082 mag-cull
[19:19:11.631] [PARALLAX] [trace] Stars: 116812 total | 1529 candidates (1%) | 190 visible | prefilter: 183 never-rises, 1018 below-hz, 114082 mag-cull
[19:19:11.782] [PARALLAX] [trace] Stars: 116812 total | 1529 candidates (1%) | 186 visible | prefilter: 183 never-rises, 1018 below-hz, 114082 mag-cull
[19:19:11.939] [PARALLAX] [trace] Stars: 116812 total | 1529 candidates (1%) | 191 visible | prefilter: 183 never-rises, 1018 below-hz, 114082 mag-cull
[19:19:12.088] [PARALLAX] [trace] Stars: 116812 total | 1529 candidates (1%) | 147 visible | prefilter: 183 never-rises, 1018 below-hz, 114082 mag-cull
[19:19:12.241] [PARALLAX] [trace] Stars: 116812 total | 1529 candidates (1%) | 147 visible | prefilter: 183 never-rises, 1018 below-hz, 114082 mag-cull
[19:19:12.386] [PARALLAX] [trace] Stars: 116812 total | 1529 candidates (1%) | 148 visible | prefilter: 183 never-rises, 1018 below-hz, 114082 mag-cull
[19:19:12.534] [PARALLAX] [trace] Stars: 116812 total | 1529 candidates (1%) | 183 visible | prefilter: 183 never-rises, 1018 below-hz, 114082 mag-cull
[19:19:12.673] [PARALLAX] [trace] Stars: 116812 total | 1529 candidates (1%) | 190 visible | prefilter: 183 never-rises, 1018 below-hz, 114082 mag-cull
[19:19:12.813] [PARALLAX] [trace] Stars: 116812 total | 1529 candidates (1%) | 194 visible | prefilter: 183 never-rises, 1018 below-hz, 114082 mag-cull
[19:19:12.959] [PARALLAX] [trace] Stars: 116812 total | 1529 candidates (1%) | 241 visible | prefilter: 183 never-rises, 1018 below-hz, 114082 mag-cull
[19:19:13.109] [PARALLAX] [trace] Stars: 116812 total | 1529 candidates (1%) | 249 visible | prefilter: 183 never-rises, 1018 below-hz, 114082 mag-cull
[19:19:13.263] [PARALLAX] [trace] Stars: 116812 total | 1529 candidates (1%) | 249 visible | prefilter: 183 never-rises, 1018 below-hz, 114082 mag-cull
[19:19:13.418] [PARALLAX] [trace] Stars: 116812 total | 1529 candidates (1%) | 376 visible | prefilter: 183 never-rises, 1018 below-hz, 114082 mag-cull
[19:19:13.574] [PARALLAX] [trace] Stars: 116812 total | 1529 candidates (1%) | 410 visible | prefilter: 183 never-rises, 1018 below-hz, 114082 mag-cull
[19:19:13.734] [PARALLAX] [trace] Stars: 116812 total | 1529 candidates (1%) | 410 visible | prefilter: 183 never-rises, 1018 below-hz, 114082 mag-cull
[19:19:13.877] [PARALLAX] [trace] Stars: 116812 total | 1529 candidates (1%) | 410 visible | prefilter: 183 never-rises, 1018 below-hz, 114082 mag-cull
[19:19:14.013] [PARALLAX] [trace] Stars: 116812 total | 1529 candidates (1%) | 410 visible | prefilter: 183 never-rises, 1018 below-hz, 114082 mag-cull
[19:19:14.148] [PARALLAX] [trace] Stars: 116812 total | 1529 candidates (1%) | 410 visible | prefilter: 183 never-rises, 1018 below-hz, 114082 mag-cull
[19:19:14.285] [PARALLAX] [trace] Stars: 116812 total | 1529 candidates (1%) | 410 visible | prefilter: 183 never-rises, 1018 below-hz, 114082 mag-cull
[19:19:14.425] [PARALLAX] [trace] Stars: 116812 total | 1529 candidates (1%) | 410 visible | prefilter: 183 never-rises, 1018 below-hz, 114082 mag-cull
[19:19:14.563] [PARALLAX] [trace] Stars: 116812 total | 1529 candidates (1%) | 410 visible | prefilter: 183 never-rises, 1018 below-hz, 114082 mag-cull
[19:19:14.704] [PARALLAX] [trace] Stars: 116812 total | 1529 candidates (1%) | 410 visible | prefilter: 183 never-rises, 1018 below-hz, 114082 mag-cull
[19:19:14.845] [PARALLAX] [trace] Stars: 116812 total | 1529 candidates (1%) | 410 visible | prefilter: 183 never-rises, 1018 below-hz, 114082 mag-cull
[19:19:14.988] [PARALLAX] [trace] Stars: 116812 total | 1529 candidates (1%) | 410 visible | prefilter: 183 never-rises, 1018 below-hz, 114082 mag-cull
[19:19:15.128] [PARALLAX] [trace] Stars: 116812 total | 1529 candidates (1%) | 410 visible | prefilter: 183 never-rises, 1018 below-hz, 114082 mag-cull
[19:19:15.263] [PARALLAX] [trace] Stars: 116812 total | 1529 candidates (1%) | 410 visible | prefilter: 183 never-rises, 1018 below-hz, 114082 mag-cull
[19:19:15.403] [PARALLAX] [trace] Stars: 116812 total | 1529 candidates (1%) | 410 visible | prefilter: 183 never-rises, 1018 below-hz, 114082 mag-cull
[19:19:15.549] [PARALLAX] [trace] Stars: 116812 total | 1529 candidates (1%) | 410 visible | prefilter: 183 never-rises, 1018 below-hz, 114082 mag-cull
[19:19:15.693] [PARALLAX] [trace] Stars: 116812 total | 1529 candidates (1%) | 410 visible | prefilter: 183 never-rises, 1018 below-hz, 114082 mag-cull
[19:19:15.837] [PARALLAX] [trace] Stars: 116812 total | 1529 candidates (1%) | 410 visible | prefilter: 183 never-rises, 1018 below-hz, 114082 mag-cull
[19:19:16.002] [PARALLAX] [trace] Stars: 116812 total | 1528 candidates (1%) | 410 visible | prefilter: 183 never-rises, 1019 below-hz, 114082 mag-cull
[19:19:16.149] [PARALLAX] [trace] Stars: 116812 total | 1528 candidates (1%) | 410 visible | prefilter: 183 never-rises, 1019 below-hz, 114082 mag-cull
[19:19:16.294] [PARALLAX] [trace] Stars: 116812 total | 1528 candidates (1%) | 410 visible | prefilter: 183 never-rises, 1019 below-hz, 114082 mag-cull
[19:19:16.434] [PARALLAX] [trace] Stars: 116812 total | 1528 candidates (1%) | 410 visible | prefilter: 183 never-rises, 1019 below-hz, 114082 mag-cull
[19:19:16.566] [PARALLAX] [trace] Stars: 116812 total | 1528 candidates (1%) | 410 visible | prefilter: 183 never-rises, 1019 below-hz, 114082 mag-cull
[19:19:16.704] [PARALLAX] [trace] Stars: 116812 total | 1528 candidates (1%) | 410 visible | prefilter: 183 never-rises, 1019 below-hz, 114082 mag-cull
[19:19:16.838] [PARALLAX] [trace] Stars: 116812 total | 1528 candidates (1%) | 410 visible | prefilter: 183 never-rises, 1019 below-hz, 114082 mag-cull
[19:19:16.973] [PARALLAX] [trace] Stars: 116812 total | 1528 candidates (1%) | 410 visible | prefilter: 183 never-rises, 1019 below-hz, 114082 mag-cull
[19:19:16.980] [PARALLAX] [info] Time scale: x10
[19:19:17.110] [PARALLAX] [trace] Stars: 116812 total | 1528 candidates (1%) | 410 visible | prefilter: 183 never-rises, 1019 below-hz, 114082 mag-cull
[19:19:17.244] [PARALLAX] [trace] Stars: 116812 total | 1528 candidates (1%) | 410 visible | prefilter: 183 never-rises, 1019 below-hz, 114082 mag-cull
[19:19:17.380] [PARALLAX] [trace] Stars: 116812 total | 1529 candidates (1%) | 410 visible | prefilter: 183 never-rises, 1018 below-hz, 114082 mag-cull
[19:19:17.518] [PARALLAX] [trace] Stars: 116812 total | 1529 candidates (1%) | 410 visible | prefilter: 183 never-rises, 1018 below-hz, 114082 mag-cull
[19:19:17.651] [PARALLAX] [trace] Stars: 116812 total | 1529 candidates (1%) | 410 visible | prefilter: 183 never-rises, 1018 below-hz, 114082 mag-cull
[19:19:17.788] [PARALLAX] [trace] Stars: 116812 total | 1529 candidates (1%) | 410 visible | prefilter: 183 never-rises, 1018 below-hz, 114082 mag-cull
[19:19:17.925] [PARALLAX] [trace] Stars: 116812 total | 1529 candidates (1%) | 410 visible | prefilter: 183 never-rises, 1018 below-hz, 114082 mag-cull
[19:19:18.061] [PARALLAX] [trace] Stars: 116812 total | 1529 candidates (1%) | 410 visible | prefilter: 183 never-rises, 1018 below-hz, 114082 mag-cull
[19:19:18.198] [PARALLAX] [trace] Stars: 116812 total | 1529 candidates (1%) | 410 visible | prefilter: 183 never-rises, 1018 below-hz, 114082 mag-cull
[19:19:18.332] [PARALLAX] [trace] Stars: 116812 total | 1529 candidates (1%) | 410 visible | prefilter: 183 never-rises, 1018 below-hz, 114082 mag-cull
[19:19:18.468] [PARALLAX] [trace] Stars: 116812 total | 1529 candidates (1%) | 410 visible | prefilter: 183 never-rises, 1018 below-hz, 114082 mag-cull
[19:19:18.604] [PARALLAX] [trace] Stars: 116812 total | 1529 candidates (1%) | 410 visible | prefilter: 183 never-rises, 1018 below-hz, 114082 mag-cull
[19:19:18.738] [PARALLAX] [trace] Stars: 116812 total | 1529 candidates (1%) | 410 visible | prefilter: 183 never-rises, 1018 below-hz, 114082 mag-cull
[19:19:18.876] [PARALLAX] [trace] Stars: 116812 total | 1529 candidates (1%) | 410 visible | prefilter: 183 never-rises, 1018 below-hz, 114082 mag-cull
[19:19:19.010] [PARALLAX] [trace] Stars: 116812 total | 1529 candidates (1%) | 410 visible | prefilter: 183 never-rises, 1018 below-hz, 114082 mag-cull
[19:19:19.143] [PARALLAX] [trace] Stars: 116812 total | 1529 candidates (1%) | 410 visible | prefilter: 183 never-rises, 1018 below-hz, 114082 mag-cull
[19:19:19.276] [PARALLAX] [trace] Stars: 116812 total | 1529 candidates (1%) | 410 visible | prefilter: 183 never-rises, 1018 below-hz, 114082 mag-cull
[19:19:19.413] [PARALLAX] [trace] Stars: 116812 total | 1529 candidates (1%) | 410 visible | prefilter: 183 never-rises, 1018 below-hz, 114082 mag-cull
[19:19:19.420] [PARALLAX] [info] Time scale: x100
[19:19:19.552] [PARALLAX] [trace] Stars: 116812 total | 1529 candidates (1%) | 410 visible | prefilter: 183 never-rises, 1018 below-hz, 114082 mag-cull
[19:19:19.688] [PARALLAX] [trace] Stars: 116812 total | 1529 candidates (1%) | 411 visible | prefilter: 183 never-rises, 1018 below-hz, 114082 mag-cull
[19:19:19.824] [PARALLAX] [trace] Stars: 116812 total | 1529 candidates (1%) | 411 visible | prefilter: 183 never-rises, 1018 below-hz, 114082 mag-cull
[19:19:19.961] [PARALLAX] [trace] Stars: 116812 total | 1528 candidates (1%) | 411 visible | prefilter: 183 never-rises, 1019 below-hz, 114082 mag-cull
[19:19:20.097] [PARALLAX] [trace] Stars: 116812 total | 1528 candidates (1%) | 411 visible | prefilter: 183 never-rises, 1019 below-hz, 114082 mag-cull
[19:19:20.230] [PARALLAX] [trace] Stars: 116812 total | 1527 candidates (1%) | 411 visible | prefilter: 183 never-rises, 1020 below-hz, 114082 mag-cull
[19:19:20.367] [PARALLAX] [trace] Stars: 116812 total | 1527 candidates (1%) | 411 visible | prefilter: 183 never-rises, 1020 below-hz, 114082 mag-cull
[19:19:20.501] [PARALLAX] [info] Time scale: x1000
[19:19:20.503] [PARALLAX] [trace] Stars: 116812 total | 1526 candidates (1%) | 411 visible | prefilter: 183 never-rises, 1021 below-hz, 114082 mag-cull
[19:19:20.636] [PARALLAX] [trace] Stars: 116812 total | 1525 candidates (1%) | 411 visible | prefilter: 183 never-rises, 1022 below-hz, 114082 mag-cull
[19:19:20.772] [PARALLAX] [trace] Stars: 116812 total | 1524 candidates (1%) | 411 visible | prefilter: 183 never-rises, 1023 below-hz, 114082 mag-cull
[19:19:20.908] [PARALLAX] [trace] Stars: 116812 total | 1523 candidates (1%) | 414 visible | prefilter: 183 never-rises, 1024 below-hz, 114082 mag-cull
[19:19:21.042] [PARALLAX] [trace] Stars: 116812 total | 1526 candidates (1%) | 415 visible | prefilter: 183 never-rises, 1021 below-hz, 114082 mag-cull
[19:19:21.174] [PARALLAX] [trace] Stars: 116812 total | 1526 candidates (1%) | 416 visible | prefilter: 183 never-rises, 1021 below-hz, 114082 mag-cull
[19:19:21.312] [PARALLAX] [trace] Stars: 116812 total | 1521 candidates (1%) | 416 visible | prefilter: 183 never-rises, 1026 below-hz, 114082 mag-cull
[19:19:21.445] [PARALLAX] [trace] Stars: 116812 total | 1518 candidates (1%) | 412 visible | prefilter: 183 never-rises, 1029 below-hz, 114082 mag-cull
[19:19:21.581] [PARALLAX] [trace] Stars: 116812 total | 1522 candidates (1%) | 415 visible | prefilter: 183 never-rises, 1025 below-hz, 114082 mag-cull
[19:19:21.715] [PARALLAX] [trace] Stars: 116812 total | 1523 candidates (1%) | 417 visible | prefilter: 183 never-rises, 1024 below-hz, 114082 mag-cull
[19:19:21.849] [PARALLAX] [trace] Stars: 116812 total | 1519 candidates (1%) | 414 visible | prefilter: 183 never-rises, 1028 below-hz, 114082 mag-cull
[19:19:21.982] [PARALLAX] [trace] Stars: 116812 total | 1519 candidates (1%) | 413 visible | prefilter: 183 never-rises, 1028 below-hz, 114082 mag-cull
[19:19:22.116] [PARALLAX] [info] Time scale: x10000
[19:19:22.119] [PARALLAX] [trace] Stars: 116812 total | 1521 candidates (1%) | 419 visible | prefilter: 183 never-rises, 1026 below-hz, 114082 mag-cull
[19:19:22.256] [PARALLAX] [trace] Stars: 116812 total | 1527 candidates (1%) | 414 visible | prefilter: 183 never-rises, 1020 below-hz, 114082 mag-cull
[19:19:22.392] [PARALLAX] [trace] Stars: 116812 total | 1521 candidates (1%) | 418 visible | prefilter: 183 never-rises, 1026 below-hz, 114082 mag-cull
[19:19:22.526] [PARALLAX] [trace] Stars: 116812 total | 1515 candidates (1%) | 417 visible | prefilter: 183 never-rises, 1032 below-hz, 114082 mag-cull
[19:19:22.660] [PARALLAX] [trace] Stars: 116812 total | 1502 candidates (1%) | 421 visible | prefilter: 183 never-rises, 1045 below-hz, 114082 mag-cull
[19:19:22.794] [PARALLAX] [trace] Stars: 116812 total | 1493 candidates (1%) | 422 visible | prefilter: 183 never-rises, 1054 below-hz, 114082 mag-cull
[19:19:22.929] [PARALLAX] [trace] Stars: 116812 total | 1488 candidates (1%) | 410 visible | prefilter: 183 never-rises, 1059 below-hz, 114082 mag-cull
[19:19:23.064] [PARALLAX] [trace] Stars: 116812 total | 1488 candidates (1%) | 397 visible | prefilter: 183 never-rises, 1059 below-hz, 114082 mag-cull
[19:19:23.200] [PARALLAX] [trace] Stars: 116812 total | 1518 candidates (1%) | 374 visible | prefilter: 183 never-rises, 1029 below-hz, 114082 mag-cull
[19:19:23.333] [PARALLAX] [trace] Stars: 116812 total | 1526 candidates (1%) | 367 visible | prefilter: 183 never-rises, 1021 below-hz, 114082 mag-cull
[19:19:23.468] [PARALLAX] [trace] Stars: 116812 total | 1531 candidates (1%) | 356 visible | prefilter: 183 never-rises, 1016 below-hz, 114082 mag-cull
[19:19:23.599] [PARALLAX] [trace] Stars: 116812 total | 1552 candidates (1%) | 338 visible | prefilter: 183 never-rises, 995 below-hz, 114082 mag-cull
[19:19:23.736] [PARALLAX] [trace] Stars: 116812 total | 1562 candidates (1%) | 321 visible | prefilter: 183 never-rises, 985 below-hz, 114082 mag-cull
[19:19:23.870] [PARALLAX] [trace] Stars: 116812 total | 1562 candidates (1%) | 308 visible | prefilter: 183 never-rises, 985 below-hz, 114082 mag-cull
[19:19:24.005] [PARALLAX] [trace] Stars: 116812 total | 1565 candidates (1%) | 290 visible | prefilter: 183 never-rises, 982 below-hz, 114082 mag-cull
[19:19:24.139] [PARALLAX] [trace] Stars: 116812 total | 1584 candidates (1%) | 265 visible | prefilter: 183 never-rises, 963 below-hz, 114082 mag-cull
[19:19:24.272] [PARALLAX] [trace] Stars: 116812 total | 1613 candidates (1%) | 268 visible | prefilter: 183 never-rises, 934 below-hz, 114082 mag-cull
[19:19:24.408] [PARALLAX] [trace] Stars: 116812 total | 1639 candidates (1%) | 259 visible | prefilter: 183 never-rises, 908 below-hz, 114082 mag-cull
[19:19:24.543] [PARALLAX] [trace] Stars: 116812 total | 1633 candidates (1%) | 262 visible | prefilter: 183 never-rises, 914 below-hz, 114082 mag-cull
[19:19:24.675] [PARALLAX] [trace] Stars: 116812 total | 1639 candidates (1%) | 270 visible | prefilter: 183 never-rises, 908 below-hz, 114082 mag-cull
[19:19:24.811] [PARALLAX] [trace] Stars: 116812 total | 1631 candidates (1%) | 289 visible | prefilter: 183 never-rises, 916 below-hz, 114082 mag-cull
[19:19:24.945] [PARALLAX] [trace] Stars: 116812 total | 1612 candidates (1%) | 309 visible | prefilter: 183 never-rises, 935 below-hz, 114082 mag-cull
[19:19:25.078] [PARALLAX] [trace] Stars: 116812 total | 1594 candidates (1%) | 318 visible | prefilter: 183 never-rises, 953 below-hz, 114082 mag-cull
[19:19:25.212] [PARALLAX] [trace] Stars: 116812 total | 1573 candidates (1%) | 324 visible | prefilter: 183 never-rises, 974 below-hz, 114082 mag-cull
[19:19:25.346] [PARALLAX] [trace] Stars: 116812 total | 1534 candidates (1%) | 324 visible | prefilter: 183 never-rises, 1013 below-hz, 114082 mag-cull
[19:19:25.478] [PARALLAX] [trace] Stars: 116812 total | 1514 candidates (1%) | 330 visible | prefilter: 183 never-rises, 1033 below-hz, 114082 mag-cull
[19:19:25.613] [PARALLAX] [trace] Stars: 116812 total | 1492 candidates (1%) | 340 visible | prefilter: 183 never-rises, 1055 below-hz, 114082 mag-cull
[19:19:25.731] [PARALLAX] [info] Time scale: x10000
[19:19:25.747] [PARALLAX] [trace] Stars: 116812 total | 1477 candidates (1%) | 351 visible | prefilter: 183 never-rises, 1070 below-hz, 114082 mag-cull
[19:19:25.878] [PARALLAX] [trace] Stars: 116812 total | 1464 candidates (1%) | 368 visible | prefilter: 183 never-rises, 1083 below-hz, 114082 mag-cull
[19:19:26.011] [PARALLAX] [trace] Stars: 116812 total | 1459 candidates (1%) | 372 visible | prefilter: 183 never-rises, 1088 below-hz, 114082 mag-cull
[19:19:26.142] [PARALLAX] [trace] Stars: 116812 total | 1456 candidates (1%) | 385 visible | prefilter: 183 never-rises, 1091 below-hz, 114082 mag-cull
[19:19:26.273] [PARALLAX] [trace] Stars: 116812 total | 1458 candidates (1%) | 392 visible | prefilter: 183 never-rises, 1089 below-hz, 114082 mag-cull
[19:19:26.405] [PARALLAX] [trace] Stars: 116812 total | 1452 candidates (1%) | 387 visible | prefilter: 183 never-rises, 1095 below-hz, 114082 mag-cull
[19:19:26.538] [PARALLAX] [trace] Stars: 116812 total | 1447 candidates (1%) | 397 visible | prefilter: 183 never-rises, 1100 below-hz, 114082 mag-cull
[19:19:26.672] [PARALLAX] [trace] Stars: 116812 total | 1462 candidates (1%) | 395 visible | prefilter: 183 never-rises, 1085 below-hz, 114082 mag-cull
[19:19:26.803] [PARALLAX] [trace] Stars: 116812 total | 1459 candidates (1%) | 380 visible | prefilter: 183 never-rises, 1088 below-hz, 114082 mag-cull
[19:19:26.936] [PARALLAX] [trace] Stars: 116812 total | 1462 candidates (1%) | 363 visible | prefilter: 183 never-rises, 1085 below-hz, 114082 mag-cull
[19:19:27.071] [PARALLAX] [trace] Stars: 116812 total | 1453 candidates (1%) | 344 visible | prefilter: 183 never-rises, 1094 below-hz, 114082 mag-cull
[19:19:27.202] [PARALLAX] [trace] Stars: 116812 total | 1470 candidates (1%) | 343 visible | prefilter: 183 never-rises, 1077 below-hz, 114082 mag-cull
[19:19:27.332] [PARALLAX] [trace] Stars: 116812 total | 1473 candidates (1%) | 348 visible | prefilter: 183 never-rises, 1074 below-hz, 114082 mag-cull
[19:19:27.472] [PARALLAX] [trace] Stars: 116812 total | 1461 candidates (1%) | 344 visible | prefilter: 183 never-rises, 1086 below-hz, 114082 mag-cull
[19:19:27.571] [PARALLAX] [info] Time scale: x1 (real-time)
[19:19:27.612] [PARALLAX] [trace] Stars: 116812 total | 1466 candidates (1%) | 332 visible | prefilter: 183 never-rises, 1081 below-hz, 114082 mag-cull
[19:19:27.746] [PARALLAX] [trace] Stars: 116812 total | 1466 candidates (1%) | 332 visible | prefilter: 183 never-rises, 1081 below-hz, 114082 mag-cull
[19:19:27.887] [PARALLAX] [trace] Stars: 116812 total | 1466 candidates (1%) | 332 visible | prefilter: 183 never-rises, 1081 below-hz, 114082 mag-cull
[19:19:28.024] [PARALLAX] [trace] Stars: 116812 total | 1466 candidates (1%) | 332 visible | prefilter: 183 never-rises, 1081 below-hz, 114082 mag-cull
[19:19:28.157] [PARALLAX] [trace] Stars: 116812 total | 1466 candidates (1%) | 332 visible | prefilter: 183 never-rises, 1081 below-hz, 114082 mag-cull
[19:19:28.296] [PARALLAX] [trace] Stars: 116812 total | 1466 candidates (1%) | 332 visible | prefilter: 183 never-rises, 1081 below-hz, 114082 mag-cull
[19:19:28.428] [PARALLAX] [trace] Stars: 116812 total | 1466 candidates (1%) | 332 visible | prefilter: 183 never-rises, 1081 below-hz, 114082 mag-cull
[19:19:28.532] [PARALLAX] [info] Time paused
[19:19:28.563] [PARALLAX] [trace] Stars: 116812 total | 1466 candidates (1%) | 332 visible | prefilter: 183 never-rises, 1081 below-hz, 114082 mag-cull
[19:19:28.693] [PARALLAX] [trace] Stars: 116812 total | 1466 candidates (1%) | 332 visible | prefilter: 183 never-rises, 1081 below-hz, 114082 mag-cull
[19:19:28.827] [PARALLAX] [trace] Stars: 116812 total | 1466 candidates (1%) | 332 visible | prefilter: 183 never-rises, 1081 below-hz, 114082 mag-cull
[19:19:28.958] [PARALLAX] [trace] Stars: 116812 total | 1466 candidates (1%) | 332 visible | prefilter: 183 never-rises, 1081 below-hz, 114082 mag-cull
[19:19:29.093] [PARALLAX] [trace] Stars: 116812 total | 1466 candidates (1%) | 332 visible | prefilter: 183 never-rises, 1081 below-hz, 114082 mag-cull
[19:19:29.227] [PARALLAX] [trace] Stars: 116812 total | 1466 candidates (1%) | 332 visible | prefilter: 183 never-rises, 1081 below-hz, 114082 mag-cull
[19:19:29.367] [PARALLAX] [trace] Stars: 116812 total | 1466 candidates (1%) | 332 visible | prefilter: 183 never-rises, 1081 below-hz, 114082 mag-cull
[19:19:29.511] [PARALLAX] [trace] Stars: 116812 total | 1466 candidates (1%) | 332 visible | prefilter: 183 never-rises, 1081 below-hz, 114082 mag-cull
[19:19:29.645] [PARALLAX] [trace] Stars: 116812 total | 1466 candidates (1%) | 332 visible | prefilter: 183 never-rises, 1081 below-hz, 114082 mag-cull
[19:19:29.775] [PARALLAX] [trace] Stars: 116812 total | 1466 candidates (1%) | 332 visible | prefilter: 183 never-rises, 1081 below-hz, 114082 mag-cull
[19:19:29.906] [PARALLAX] [trace] Stars: 116812 total | 1466 candidates (1%) | 332 visible | prefilter: 183 never-rises, 1081 below-hz, 114082 mag-cull
[19:19:30.039] [PARALLAX] [trace] Stars: 116812 total | 1466 candidates (1%) | 332 visible | prefilter: 183 never-rises, 1081 below-hz, 114082 mag-cull
[19:19:30.179] [PARALLAX] [trace] Stars: 116812 total | 1466 candidates (1%) | 332 visible | prefilter: 183 never-rises, 1081 below-hz, 114082 mag-cull
[19:19:30.311] [PARALLAX] [trace] Stars: 116812 total | 1466 candidates (1%) | 332 visible | prefilter: 183 never-rises, 1081 below-hz, 114082 mag-cull
[19:19:30.443] [PARALLAX] [trace] Stars: 116812 total | 1466 candidates (1%) | 332 visible | prefilter: 183 never-rises, 1081 below-hz, 114082 mag-cull
[19:19:30.578] [PARALLAX] [trace] Stars: 116812 total | 1466 candidates (1%) | 332 visible | prefilter: 183 never-rises, 1081 below-hz, 114082 mag-cull
[19:19:30.708] [PARALLAX] [trace] Stars: 116812 total | 1466 candidates (1%) | 332 visible | prefilter: 183 never-rises, 1081 below-hz, 114082 mag-cull
[19:19:30.839] [PARALLAX] [trace] Stars: 116812 total | 1466 candidates (1%) | 332 visible | prefilter: 183 never-rises, 1081 below-hz, 114082 mag-cull
[19:19:30.971] [PARALLAX] [trace] Stars: 116812 total | 1466 candidates (1%) | 332 visible | prefilter: 183 never-rises, 1081 below-hz, 114082 mag-cull
[19:19:31.105] [PARALLAX] [trace] Stars: 116812 total | 1466 candidates (1%) | 332 visible | prefilter: 183 never-rises, 1081 below-hz, 114082 mag-cull
[19:19:31.237] [PARALLAX] [trace] Stars: 116812 total | 1466 candidates (1%) | 332 visible | prefilter: 183 never-rises, 1081 below-hz, 114082 mag-cull
[19:19:31.396] [PARALLAX] [trace] Stars: 116812 total | 1466 candidates (1%) | 332 visible | prefilter: 183 never-rises, 1081 below-hz, 114082 mag-cull
[19:19:31.530] [PARALLAX] [trace] Stars: 116812 total | 1466 candidates (1%) | 332 visible | prefilter: 183 never-rises, 1081 below-hz, 114082 mag-cull
[19:19:31.662] [PARALLAX] [trace] Stars: 116812 total | 1466 candidates (1%) | 332 visible | prefilter: 183 never-rises, 1081 below-hz, 114082 mag-cull
[19:19:31.793] [PARALLAX] [trace] Stars: 116812 total | 1466 candidates (1%) | 332 visible | prefilter: 183 never-rises, 1081 below-hz, 114082 mag-cull
[19:19:31.925] [PARALLAX] [trace] Stars: 116812 total | 1466 candidates (1%) | 332 visible | prefilter: 183 never-rises, 1081 below-hz, 114082 mag-cull
[19:19:32.058] [PARALLAX] [trace] Stars: 116812 total | 1466 candidates (1%) | 332 visible | prefilter: 183 never-rises, 1081 below-hz, 114082 mag-cull
[19:19:32.189] [PARALLAX] [trace] Stars: 116812 total | 1466 candidates (1%) | 332 visible | prefilter: 183 never-rises, 1081 below-hz, 114082 mag-cull
[19:19:32.319] [PARALLAX] [trace] Stars: 116812 total | 1466 candidates (1%) | 332 visible | prefilter: 183 never-rises, 1081 below-hz, 114082 mag-cull
[19:19:32.452] [PARALLAX] [trace] Stars: 116812 total | 1466 candidates (1%) | 332 visible | prefilter: 183 never-rises, 1081 below-hz, 114082 mag-cull
[19:19:32.589] [PARALLAX] [trace] Stars: 116812 total | 1466 candidates (1%) | 332 visible | prefilter: 183 never-rises, 1081 below-hz, 114082 mag-cull
[19:19:32.720] [PARALLAX] [trace] Stars: 116812 total | 1466 candidates (1%) | 332 visible | prefilter: 183 never-rises, 1081 below-hz, 114082 mag-cull
[19:19:32.853] [PARALLAX] [trace] Stars: 116812 total | 1466 candidates (1%) | 332 visible | prefilter: 183 never-rises, 1081 below-hz, 114082 mag-cull
[19:19:32.984] [PARALLAX] [trace] Stars: 116812 total | 1466 candidates (1%) | 332 visible | prefilter: 183 never-rises, 1081 below-hz, 114082 mag-cull
[19:19:33.118] [PARALLAX] [trace] Stars: 116812 total | 1466 candidates (1%) | 332 visible | prefilter: 183 never-rises, 1081 below-hz, 114082 mag-cull
[19:19:33.249] [PARALLAX] [trace] Stars: 116812 total | 1466 candidates (1%) | 332 visible | prefilter: 183 never-rises, 1081 below-hz, 114082 mag-cull
[19:19:33.387] [PARALLAX] [trace] Stars: 116812 total | 1466 candidates (1%) | 332 visible | prefilter: 183 never-rises, 1081 below-hz, 114082 mag-cull
[19:19:33.516] [PARALLAX] [info] Time resumed: x1
[19:19:33.522] [PARALLAX] [trace] Stars: 116812 total | 1466 candidates (1%) | 332 visible | prefilter: 183 never-rises, 1081 below-hz, 114082 mag-cull
[19:19:33.652] [PARALLAX] [trace] Stars: 116812 total | 1466 candidates (1%) | 332 visible | prefilter: 183 never-rises, 1081 below-hz, 114082 mag-cull
[19:19:33.781] [PARALLAX] [trace] Stars: 116812 total | 1466 candidates (1%) | 332 visible | prefilter: 183 never-rises, 1081 below-hz, 114082 mag-cull
[19:19:33.915] [PARALLAX] [trace] Stars: 116812 total | 1466 candidates (1%) | 332 visible | prefilter: 183 never-rises, 1081 below-hz, 114082 mag-cull
[19:19:34.046] [PARALLAX] [trace] Stars: 116812 total | 1466 candidates (1%) | 332 visible | prefilter: 183 never-rises, 1081 below-hz, 114082 mag-cull
[19:19:34.181] [PARALLAX] [trace] Stars: 116812 total | 1466 candidates (1%) | 332 visible | prefilter: 183 never-rises, 1081 below-hz, 114082 mag-cull
[19:19:34.205] [PARALLAX] [info] Time paused
[19:19:34.316] [PARALLAX] [trace] Stars: 116812 total | 1466 candidates (1%) | 332 visible | prefilter: 183 never-rises, 1081 below-hz, 114082 mag-cull
[19:19:34.449] [PARALLAX] [trace] Stars: 116812 total | 1466 candidates (1%) | 332 visible | prefilter: 183 never-rises, 1081 below-hz, 114082 mag-cull
[19:19:34.584] [PARALLAX] [trace] Stars: 116812 total | 1466 candidates (1%) | 332 visible | prefilter: 183 never-rises, 1081 below-hz, 114082 mag-cull
[19:19:34.717] [PARALLAX] [trace] Stars: 116812 total | 1466 candidates (1%) | 332 visible | prefilter: 183 never-rises, 1081 below-hz, 114082 mag-cull
[19:19:34.849] [PARALLAX] [trace] Stars: 116812 total | 1466 candidates (1%) | 332 visible | prefilter: 183 never-rises, 1081 below-hz, 114082 mag-cull
[19:19:34.982] [PARALLAX] [trace] Stars: 116812 total | 1466 candidates (1%) | 332 visible | prefilter: 183 never-rises, 1081 below-hz, 114082 mag-cull
[19:19:35.122] [PARALLAX] [trace] Stars: 116812 total | 1466 candidates (1%) | 332 visible | prefilter: 183 never-rises, 1081 below-hz, 114082 mag-cull
[19:19:35.256] [PARALLAX] [trace] Stars: 116812 total | 1466 candidates (1%) | 332 visible | prefilter: 183 never-rises, 1081 below-hz, 114082 mag-cull
[19:19:35.389] [PARALLAX] [trace] Stars: 116812 total | 1466 candidates (1%) | 332 visible | prefilter: 183 never-rises, 1081 below-hz, 114082 mag-cull
[19:19:35.522] [PARALLAX] [trace] Stars: 116812 total | 1466 candidates (1%) | 332 visible | prefilter: 183 never-rises, 1081 below-hz, 114082 mag-cull
[19:19:35.653] [PARALLAX] [trace] Stars: 116812 total | 1466 candidates (1%) | 332 visible | prefilter: 183 never-rises, 1081 below-hz, 114082 mag-cull
[19:19:35.787] [PARALLAX] [trace] Stars: 116812 total | 1466 candidates (1%) | 332 visible | prefilter: 183 never-rises, 1081 below-hz, 114082 mag-cull
[19:19:35.920] [PARALLAX] [trace] Stars: 116812 total | 1466 candidates (1%) | 332 visible | prefilter: 183 never-rises, 1081 below-hz, 114082 mag-cull
[19:19:36.051] [PARALLAX] [trace] Stars: 116812 total | 1466 candidates (1%) | 332 visible | prefilter: 183 never-rises, 1081 below-hz, 114082 mag-cull
[19:19:36.184] [PARALLAX] [trace] Stars: 116812 total | 1466 candidates (1%) | 332 visible | prefilter: 183 never-rises, 1081 below-hz, 114082 mag-cull
[19:19:36.317] [PARALLAX] [trace] Stars: 116812 total | 1466 candidates (1%) | 332 visible | prefilter: 183 never-rises, 1081 below-hz, 114082 mag-cull
[19:19:36.454] [PARALLAX] [trace] Stars: 116812 total | 1466 candidates (1%) | 332 visible | prefilter: 183 never-rises, 1081 below-hz, 114082 mag-cull
[19:19:36.593] [PARALLAX] [trace] Stars: 116812 total | 1466 candidates (1%) | 332 visible | prefilter: 183 never-rises, 1081 below-hz, 114082 mag-cull
[19:19:36.756] [PARALLAX] [trace] Stars: 116812 total | 1466 candidates (1%) | 332 visible | prefilter: 183 never-rises, 1081 below-hz, 114082 mag-cull
[19:19:36.898] [PARALLAX] [trace] Stars: 116812 total | 1466 candidates (1%) | 332 visible | prefilter: 183 never-rises, 1081 below-hz, 114082 mag-cull
[19:19:37.026] [PARALLAX] [trace] Stars: 116812 total | 1466 candidates (1%) | 332 visible | prefilter: 183 never-rises, 1081 below-hz, 114082 mag-cull
[19:19:37.165] [PARALLAX] [trace] Stars: 116812 total | 1466 candidates (1%) | 332 visible | prefilter: 183 never-rises, 1081 below-hz, 114082 mag-cull
[19:19:37.299] [PARALLAX] [trace] Stars: 116812 total | 1466 candidates (1%) | 332 visible | prefilter: 183 never-rises, 1081 below-hz, 114082 mag-cull
[19:19:37.429] [PARALLAX] [trace] Stars: 116812 total | 1466 candidates (1%) | 332 visible | prefilter: 183 never-rises, 1081 below-hz, 114082 mag-cull
[19:19:37.560] [PARALLAX] [trace] Stars: 116812 total | 1466 candidates (1%) | 332 visible | prefilter: 183 never-rises, 1081 below-hz, 114082 mag-cull
[19:19:37.709] [PARALLAX] [trace] Stars: 116812 total | 1466 candidates (1%) | 332 visible | prefilter: 183 never-rises, 1081 below-hz, 114082 mag-cull
[19:19:37.838] [PARALLAX] [trace] Stars: 116812 total | 1466 candidates (1%) | 332 visible | prefilter: 183 never-rises, 1081 below-hz, 114082 mag-cull
[19:19:37.969] [PARALLAX] [trace] Stars: 116812 total | 1466 candidates (1%) | 332 visible | prefilter: 183 never-rises, 1081 below-hz, 114082 mag-cull
[19:19:38.102] [PARALLAX] [trace] Stars: 116812 total | 1466 candidates (1%) | 332 visible | prefilter: 183 never-rises, 1081 below-hz, 114082 mag-cull
[19:19:38.156] [PARALLAX] [info] Time scale: x1000
[19:19:38.239] [PARALLAX] [trace] Stars: 116812 total | 1464 candidates (1%) | 331 visible | prefilter: 183 never-rises, 1083 below-hz, 114082 mag-cull
[19:19:38.371] [PARALLAX] [trace] Stars: 116812 total | 1461 candidates (1%) | 328 visible | prefilter: 183 never-rises, 1086 below-hz, 114082 mag-cull
[19:19:38.510] [PARALLAX] [trace] Stars: 116812 total | 1462 candidates (1%) | 330 visible | prefilter: 183 never-rises, 1085 below-hz, 114082 mag-cull
[19:19:38.645] [PARALLAX] [trace] Stars: 116812 total | 1461 candidates (1%) | 330 visible | prefilter: 183 never-rises, 1086 below-hz, 114082 mag-cull
[19:19:38.783] [PARALLAX] [trace] Stars: 116812 total | 1456 candidates (1%) | 330 visible | prefilter: 183 never-rises, 1091 below-hz, 114082 mag-cull
[19:19:38.910] [PARALLAX] [trace] Stars: 116812 total | 1456 candidates (1%) | 326 visible | prefilter: 183 never-rises, 1091 below-hz, 114082 mag-cull
[19:19:39.038] [PARALLAX] [trace] Stars: 116812 total | 1458 candidates (1%) | 323 visible | prefilter: 183 never-rises, 1089 below-hz, 114082 mag-cull
[19:19:39.170] [PARALLAX] [trace] Stars: 116812 total | 1456 candidates (1%) | 321 visible | prefilter: 183 never-rises, 1091 below-hz, 114082 mag-cull
[19:19:39.298] [PARALLAX] [trace] Stars: 116812 total | 1457 candidates (1%) | 322 visible | prefilter: 183 never-rises, 1090 below-hz, 114082 mag-cull
[19:19:39.432] [PARALLAX] [trace] Stars: 116812 total | 1461 candidates (1%) | 322 visible | prefilter: 183 never-rises, 1086 below-hz, 114082 mag-cull
[19:19:39.569] [PARALLAX] [trace] Stars: 116812 total | 1463 candidates (1%) | 323 visible | prefilter: 183 never-rises, 1084 below-hz, 114082 mag-cull
[19:19:39.701] [PARALLAX] [trace] Stars: 116812 total | 1463 candidates (1%) | 323 visible | prefilter: 183 never-rises, 1084 below-hz, 114082 mag-cull
[19:19:39.833] [PARALLAX] [trace] Stars: 116812 total | 1466 candidates (1%) | 324 visible | prefilter: 183 never-rises, 1081 below-hz, 114082 mag-cull
[19:19:39.964] [PARALLAX] [trace] Stars: 116812 total | 1467 candidates (1%) | 326 visible | prefilter: 183 never-rises, 1080 below-hz, 114082 mag-cull
[19:19:40.094] [PARALLAX] [trace] Stars: 116812 total | 1464 candidates (1%) | 325 visible | prefilter: 183 never-rises, 1083 below-hz, 114082 mag-cull
[19:19:40.228] [PARALLAX] [trace] Stars: 116812 total | 1461 candidates (1%) | 323 visible | prefilter: 183 never-rises, 1086 below-hz, 114082 mag-cull
[19:19:40.362] [PARALLAX] [trace] Stars: 116812 total | 1458 candidates (1%) | 318 visible | prefilter: 183 never-rises, 1089 below-hz, 114082 mag-cull
[19:19:40.493] [PARALLAX] [trace] Stars: 116812 total | 1463 candidates (1%) | 315 visible | prefilter: 183 never-rises, 1084 below-hz, 114082 mag-cull
[19:19:40.626] [PARALLAX] [trace] Stars: 116812 total | 1467 candidates (1%) | 314 visible | prefilter: 183 never-rises, 1080 below-hz, 114082 mag-cull
[19:19:40.756] [PARALLAX] [trace] Stars: 116812 total | 1464 candidates (1%) | 311 visible | prefilter: 183 never-rises, 1083 below-hz, 114082 mag-cull
[19:19:40.892] [PARALLAX] [trace] Stars: 116812 total | 1463 candidates (1%) | 306 visible | prefilter: 183 never-rises, 1084 below-hz, 114082 mag-cull
[19:19:41.023] [PARALLAX] [trace] Stars: 116812 total | 1464 candidates (1%) | 300 visible | prefilter: 183 never-rises, 1083 below-hz, 114082 mag-cull
[19:19:41.185] [PARALLAX] [trace] Stars: 116812 total | 1466 candidates (1%) | 300 visible | prefilter: 183 never-rises, 1081 below-hz, 114082 mag-cull
[19:19:41.189] [PARALLAX] [info] Time scale: x10000
[19:19:41.316] [PARALLAX] [trace] Stars: 116812 total | 1465 candidates (1%) | 281 visible | prefilter: 183 never-rises, 1082 below-hz, 114082 mag-cull
[19:19:41.448] [PARALLAX] [trace] Stars: 116812 total | 1478 candidates (1%) | 271 visible | prefilter: 183 never-rises, 1069 below-hz, 114082 mag-cull
[19:19:41.579] [PARALLAX] [trace] Stars: 116812 total | 1482 candidates (1%) | 263 visible | prefilter: 183 never-rises, 1065 below-hz, 114082 mag-cull
[19:19:41.711] [PARALLAX] [trace] Stars: 116812 total | 1492 candidates (1%) | 258 visible | prefilter: 183 never-rises, 1055 below-hz, 114082 mag-cull
[19:19:41.844] [PARALLAX] [trace] Stars: 116812 total | 1485 candidates (1%) | 267 visible | prefilter: 183 never-rises, 1062 below-hz, 114082 mag-cull
[19:19:41.975] [PARALLAX] [trace] Stars: 116812 total | 1488 candidates (1%) | 261 visible | prefilter: 183 never-rises, 1059 below-hz, 114082 mag-cull
[19:19:42.106] [PARALLAX] [trace] Stars: 116812 total | 1514 candidates (1%) | 262 visible | prefilter: 183 never-rises, 1033 below-hz, 114082 mag-cull
[19:19:42.239] [PARALLAX] [trace] Stars: 116812 total | 1496 candidates (1%) | 265 visible | prefilter: 183 never-rises, 1051 below-hz, 114082 mag-cull
[19:19:42.373] [PARALLAX] [trace] Stars: 116812 total | 1507 candidates (1%) | 266 visible | prefilter: 183 never-rises, 1040 below-hz, 114082 mag-cull
[19:19:42.504] [PARALLAX] [trace] Stars: 116812 total | 1501 candidates (1%) | 261 visible | prefilter: 183 never-rises, 1046 below-hz, 114082 mag-cull
[19:19:42.636] [PARALLAX] [trace] Stars: 116812 total | 1505 candidates (1%) | 289 visible | prefilter: 183 never-rises, 1042 below-hz, 114082 mag-cull
[19:19:42.767] [PARALLAX] [trace] Stars: 116812 total | 1504 candidates (1%) | 324 visible | prefilter: 183 never-rises, 1043 below-hz, 114082 mag-cull
[19:19:42.903] [PARALLAX] [trace] Stars: 116812 total | 1509 candidates (1%) | 331 visible | prefilter: 183 never-rises, 1038 below-hz, 114082 mag-cull
[19:19:43.033] [PARALLAX] [trace] Stars: 116812 total | 1516 candidates (1%) | 341 visible | prefilter: 183 never-rises, 1031 below-hz, 114082 mag-cull
[19:19:43.169] [PARALLAX] [trace] Stars: 116812 total | 1523 candidates (1%) | 351 visible | prefilter: 183 never-rises, 1024 below-hz, 114082 mag-cull
[19:19:43.302] [PARALLAX] [trace] Stars: 116812 total | 1527 candidates (1%) | 363 visible | prefilter: 183 never-rises, 1020 below-hz, 114082 mag-cull
[19:19:43.440] [PARALLAX] [trace] Stars: 116812 total | 1536 candidates (1%) | 374 visible | prefilter: 183 never-rises, 1011 below-hz, 114082 mag-cull
[19:19:43.576] [PARALLAX] [trace] Stars: 116812 total | 1544 candidates (1%) | 382 visible | prefilter: 183 never-rises, 1003 below-hz, 114082 mag-cull
[19:19:43.711] [PARALLAX] [trace] Stars: 116812 total | 1546 candidates (1%) | 406 visible | prefilter: 183 never-rises, 1001 below-hz, 114082 mag-cull
[19:19:43.847] [PARALLAX] [trace] Stars: 116812 total | 1534 candidates (1%) | 408 visible | prefilter: 183 never-rises, 1013 below-hz, 114082 mag-cull
[19:19:43.980] [PARALLAX] [trace] Stars: 116812 total | 1519 candidates (1%) | 412 visible | prefilter: 183 never-rises, 1028 below-hz, 114082 mag-cull
[19:19:44.113] [PARALLAX] [trace] Stars: 116812 total | 1533 candidates (1%) | 412 visible | prefilter: 183 never-rises, 1014 below-hz, 114082 mag-cull
[19:19:44.249] [PARALLAX] [trace] Stars: 116812 total | 1525 candidates (1%) | 419 visible | prefilter: 183 never-rises, 1022 below-hz, 114082 mag-cull
[19:19:44.385] [PARALLAX] [trace] Stars: 116812 total | 1523 candidates (1%) | 421 visible | prefilter: 183 never-rises, 1024 below-hz, 114082 mag-cull
[19:19:44.521] [PARALLAX] [trace] Stars: 116812 total | 1508 candidates (1%) | 412 visible | prefilter: 183 never-rises, 1039 below-hz, 114082 mag-cull
[19:19:44.655] [PARALLAX] [trace] Stars: 116812 total | 1503 candidates (1%) | 422 visible | prefilter: 183 never-rises, 1044 below-hz, 114082 mag-cull
[19:19:44.787] [PARALLAX] [trace] Stars: 116812 total | 1495 candidates (1%) | 414 visible | prefilter: 183 never-rises, 1052 below-hz, 114082 mag-cull
[19:19:44.921] [PARALLAX] [trace] Stars: 116812 total | 1488 candidates (1%) | 409 visible | prefilter: 183 never-rises, 1059 below-hz, 114082 mag-cull
[19:19:45.054] [PARALLAX] [trace] Stars: 116812 total | 1501 candidates (1%) | 384 visible | prefilter: 183 never-rises, 1046 below-hz, 114082 mag-cull
[19:19:45.189] [PARALLAX] [trace] Stars: 116812 total | 1514 candidates (1%) | 373 visible | prefilter: 183 never-rises, 1033 below-hz, 114082 mag-cull
[19:19:45.323] [PARALLAX] [trace] Stars: 116812 total | 1529 candidates (1%) | 362 visible | prefilter: 183 never-rises, 1018 below-hz, 114082 mag-cull
[19:19:45.458] [PARALLAX] [trace] Stars: 116812 total | 1530 candidates (1%) | 348 visible | prefilter: 183 never-rises, 1017 below-hz, 114082 mag-cull
[19:19:45.593] [PARALLAX] [trace] Stars: 116812 total | 1550 candidates (1%) | 330 visible | prefilter: 183 never-rises, 997 below-hz, 114082 mag-cull
[19:19:45.726] [PARALLAX] [trace] Stars: 116812 total | 1566 candidates (1%) | 312 visible | prefilter: 183 never-rises, 981 below-hz, 114082 mag-cull
[19:19:45.860] [PARALLAX] [trace] Stars: 116812 total | 1561 candidates (1%) | 300 visible | prefilter: 183 never-rises, 986 below-hz, 114082 mag-cull
[19:19:45.996] [PARALLAX] [trace] Stars: 116812 total | 1579 candidates (1%) | 275 visible | prefilter: 183 never-rises, 968 below-hz, 114082 mag-cull
[19:19:46.129] [PARALLAX] [trace] Stars: 116812 total | 1597 candidates (1%) | 267 visible | prefilter: 183 never-rises, 950 below-hz, 114082 mag-cull
[19:19:46.263] [PARALLAX] [trace] Stars: 116812 total | 1631 candidates (1%) | 259 visible | prefilter: 183 never-rises, 916 below-hz, 114082 mag-cull
[19:19:46.399] [PARALLAX] [trace] Stars: 116812 total | 1639 candidates (1%) | 264 visible | prefilter: 183 never-rises, 908 below-hz, 114082 mag-cull
[19:19:46.536] [PARALLAX] [trace] Stars: 116812 total | 1637 candidates (1%) | 261 visible | prefilter: 183 never-rises, 910 below-hz, 114082 mag-cull
[19:19:46.668] [PARALLAX] [trace] Stars: 116812 total | 1637 candidates (1%) | 272 visible | prefilter: 183 never-rises, 910 below-hz, 114082 mag-cull
[19:19:46.801] [PARALLAX] [trace] Stars: 116812 total | 1628 candidates (1%) | 300 visible | prefilter: 183 never-rises, 919 below-hz, 114082 mag-cull
[19:19:46.934] [PARALLAX] [trace] Stars: 116812 total | 1616 candidates (1%) | 315 visible | prefilter: 183 never-rises, 931 below-hz, 114082 mag-cull
[19:19:47.070] [PARALLAX] [trace] Stars: 116812 total | 1581 candidates (1%) | 324 visible | prefilter: 183 never-rises, 966 below-hz, 114082 mag-cull
[19:19:47.204] [PARALLAX] [trace] Stars: 116812 total | 1556 candidates (1%) | 330 visible | prefilter: 183 never-rises, 991 below-hz, 114082 mag-cull
[19:19:47.337] [PARALLAX] [trace] Stars: 116812 total | 1524 candidates (1%) | 333 visible | prefilter: 183 never-rises, 1023 below-hz, 114082 mag-cull
[19:19:47.471] [PARALLAX] [trace] Stars: 116812 total | 1501 candidates (1%) | 337 visible | prefilter: 183 never-rises, 1046 below-hz, 114082 mag-cull
[19:19:47.608] [PARALLAX] [trace] Stars: 116812 total | 1487 candidates (1%) | 354 visible | prefilter: 183 never-rises, 1060 below-hz, 114082 mag-cull
[19:19:47.740] [PARALLAX] [trace] Stars: 116812 total | 1473 candidates (1%) | 359 visible | prefilter: 183 never-rises, 1074 below-hz, 114082 mag-cull
[19:19:47.871] [PARALLAX] [trace] Stars: 116812 total | 1461 candidates (1%) | 372 visible | prefilter: 183 never-rises, 1086 below-hz, 114082 mag-cull
[19:19:48.003] [PARALLAX] [trace] Stars: 116812 total | 1454 candidates (1%) | 376 visible | prefilter: 183 never-rises, 1093 below-hz, 114082 mag-cull
[19:19:48.133] [PARALLAX] [trace] Stars: 116812 total | 1458 candidates (1%) | 389 visible | prefilter: 183 never-rises, 1089 below-hz, 114082 mag-cull
[19:19:48.265] [PARALLAX] [trace] Stars: 116812 total | 1455 candidates (1%) | 392 visible | prefilter: 183 never-rises, 1092 below-hz, 114082 mag-cull
[19:19:48.400] [PARALLAX] [trace] Stars: 116812 total | 1450 candidates (1%) | 396 visible | prefilter: 183 never-rises, 1097 below-hz, 114082 mag-cull
[19:19:48.531] [PARALLAX] [trace] Stars: 116812 total | 1455 candidates (1%) | 396 visible | prefilter: 183 never-rises, 1092 below-hz, 114082 mag-cull
[19:19:48.664] [PARALLAX] [trace] Stars: 116812 total | 1457 candidates (1%) | 390 visible | prefilter: 183 never-rises, 1090 below-hz, 114082 mag-cull
[19:19:48.795] [PARALLAX] [trace] Stars: 116812 total | 1455 candidates (1%) | 374 visible | prefilter: 183 never-rises, 1092 below-hz, 114082 mag-cull
[19:19:48.928] [PARALLAX] [trace] Stars: 116812 total | 1458 candidates (1%) | 358 visible | prefilter: 183 never-rises, 1089 below-hz, 114082 mag-cull
[19:19:49.060] [PARALLAX] [trace] Stars: 116812 total | 1459 candidates (1%) | 337 visible | prefilter: 183 never-rises, 1088 below-hz, 114082 mag-cull
[19:19:49.192] [PARALLAX] [trace] Stars: 116812 total | 1469 candidates (1%) | 343 visible | prefilter: 183 never-rises, 1078 below-hz, 114082 mag-cull
[19:19:49.324] [PARALLAX] [trace] Stars: 116812 total | 1468 candidates (1%) | 346 visible | prefilter: 183 never-rises, 1079 below-hz, 114082 mag-cull
[19:19:49.461] [PARALLAX] [trace] Stars: 116812 total | 1461 candidates (1%) | 338 visible | prefilter: 183 never-rises, 1086 below-hz, 114082 mag-cull
[19:19:49.593] [PARALLAX] [trace] Stars: 116812 total | 1458 candidates (1%) | 323 visible | prefilter: 183 never-rises, 1089 below-hz, 114082 mag-cull
[19:19:49.724] [PARALLAX] [trace] Stars: 116812 total | 1459 candidates (1%) | 318 visible | prefilter: 183 never-rises, 1088 below-hz, 114082 mag-cull
[19:19:49.855] [PARALLAX] [trace] Stars: 116812 total | 1467 candidates (1%) | 292 visible | prefilter: 183 never-rises, 1080 below-hz, 114082 mag-cull
[19:19:49.987] [PARALLAX] [trace] Stars: 116812 total | 1465 candidates (1%) | 275 visible | prefilter: 183 never-rises, 1082 below-hz, 114082 mag-cull
[19:19:50.118] [PARALLAX] [trace] Stars: 116812 total | 1478 candidates (1%) | 262 visible | prefilter: 183 never-rises, 1069 below-hz, 114082 mag-cull
[19:19:50.251] [PARALLAX] [trace] Stars: 116812 total | 1484 candidates (1%) | 263 visible | prefilter: 183 never-rises, 1063 below-hz, 114082 mag-cull
[19:19:50.384] [PARALLAX] [trace] Stars: 116812 total | 1502 candidates (1%) | 262 visible | prefilter: 183 never-rises, 1045 below-hz, 114082 mag-cull
[19:19:50.517] [PARALLAX] [trace] Stars: 116812 total | 1479 candidates (1%) | 262 visible | prefilter: 183 never-rises, 1068 below-hz, 114082 mag-cull
[19:19:50.647] [PARALLAX] [trace] Stars: 116812 total | 1495 candidates (1%) | 263 visible | prefilter: 183 never-rises, 1052 below-hz, 114082 mag-cull
[19:19:50.777] [PARALLAX] [trace] Stars: 116812 total | 1505 candidates (1%) | 264 visible | prefilter: 183 never-rises, 1042 below-hz, 114082 mag-cull
[19:19:50.909] [PARALLAX] [trace] Stars: 116812 total | 1508 candidates (1%) | 266 visible | prefilter: 183 never-rises, 1039 below-hz, 114082 mag-cull
[19:19:51.039] [PARALLAX] [trace] Stars: 116812 total | 1512 candidates (1%) | 267 visible | prefilter: 183 never-rises, 1035 below-hz, 114082 mag-cull
[19:19:51.174] [PARALLAX] [trace] Stars: 116812 total | 1499 candidates (1%) | 269 visible | prefilter: 183 never-rises, 1048 below-hz, 114082 mag-cull
[19:19:51.316] [PARALLAX] [trace] Stars: 116812 total | 1503 candidates (1%) | 309 visible | prefilter: 183 never-rises, 1044 below-hz, 114082 mag-cull
[19:19:51.443] [PARALLAX] [trace] Stars: 116812 total | 1508 candidates (1%) | 328 visible | prefilter: 183 never-rises, 1039 below-hz, 114082 mag-cull
[19:19:51.578] [PARALLAX] [trace] Stars: 116812 total | 1513 candidates (1%) | 338 visible | prefilter: 183 never-rises, 1034 below-hz, 114082 mag-cull
[19:19:51.712] [PARALLAX] [trace] Stars: 116812 total | 1514 candidates (1%) | 346 visible | prefilter: 183 never-rises, 1033 below-hz, 114082 mag-cull
[19:19:51.846] [PARALLAX] [trace] Stars: 116812 total | 1525 candidates (1%) | 348 visible | prefilter: 183 never-rises, 1022 below-hz, 114082 mag-cull
[19:19:51.980] [PARALLAX] [trace] Stars: 116812 total | 1531 candidates (1%) | 374 visible | prefilter: 183 never-rises, 1016 below-hz, 114082 mag-cull
[19:19:52.112] [PARALLAX] [trace] Stars: 116812 total | 1547 candidates (1%) | 376 visible | prefilter: 183 never-rises, 1000 below-hz, 114082 mag-cull
[19:19:52.248] [PARALLAX] [trace] Stars: 116812 total | 1551 candidates (1%) | 394 visible | prefilter: 183 never-rises, 996 below-hz, 114082 mag-cull
[19:19:52.383] [PARALLAX] [trace] Stars: 116812 total | 1536 candidates (1%) | 407 visible | prefilter: 183 never-rises, 1011 below-hz, 114082 mag-cull
[19:19:52.519] [PARALLAX] [trace] Stars: 116812 total | 1524 candidates (1%) | 411 visible | prefilter: 183 never-rises, 1023 below-hz, 114082 mag-cull
[19:19:52.653] [PARALLAX] [trace] Stars: 116812 total | 1521 candidates (1%) | 417 visible | prefilter: 183 never-rises, 1026 below-hz, 114082 mag-cull
[19:19:52.786] [PARALLAX] [trace] Stars: 116812 total | 1528 candidates (1%) | 419 visible | prefilter: 183 never-rises, 1019 below-hz, 114082 mag-cull
[19:19:52.923] [PARALLAX] [trace] Stars: 116812 total | 1522 candidates (1%) | 419 visible | prefilter: 183 never-rises, 1025 below-hz, 114082 mag-cull
[19:19:53.059] [PARALLAX] [trace] Stars: 116812 total | 1518 candidates (1%) | 420 visible | prefilter: 183 never-rises, 1029 below-hz, 114082 mag-cull
[19:19:53.197] [PARALLAX] [trace] Stars: 116812 total | 1501 candidates (1%) | 420 visible | prefilter: 183 never-rises, 1046 below-hz, 114082 mag-cull
[19:19:53.334] [PARALLAX] [trace] Stars: 116812 total | 1496 candidates (1%) | 420 visible | prefilter: 183 never-rises, 1051 below-hz, 114082 mag-cull
[19:19:53.470] [PARALLAX] [trace] Stars: 116812 total | 1492 candidates (1%) | 410 visible | prefilter: 183 never-rises, 1055 below-hz, 114082 mag-cull
[19:19:53.604] [PARALLAX] [trace] Stars: 116812 total | 1492 candidates (1%) | 400 visible | prefilter: 183 never-rises, 1055 below-hz, 114082 mag-cull
[19:19:53.737] [PARALLAX] [trace] Stars: 116812 total | 1518 candidates (1%) | 380 visible | prefilter: 183 never-rises, 1029 below-hz, 114082 mag-cull
[19:19:53.868] [PARALLAX] [trace] Stars: 116812 total | 1527 candidates (1%) | 367 visible | prefilter: 183 never-rises, 1020 below-hz, 114082 mag-cull
[19:19:54.004] [PARALLAX] [trace] Stars: 116812 total | 1533 candidates (1%) | 358 visible | prefilter: 183 never-rises, 1014 below-hz, 114082 mag-cull
[19:19:54.136] [PARALLAX] [trace] Stars: 116812 total | 1550 candidates (1%) | 337 visible | prefilter: 183 never-rises, 997 below-hz, 114082 mag-cull
[19:19:54.271] [PARALLAX] [trace] Stars: 116812 total | 1560 candidates (1%) | 323 visible | prefilter: 183 never-rises, 987 below-hz, 114082 mag-cull
[19:19:54.406] [PARALLAX] [trace] Stars: 116812 total | 1562 candidates (1%) | 308 visible | prefilter: 183 never-rises, 985 below-hz, 114082 mag-cull
[19:19:54.541] [PARALLAX] [trace] Stars: 116812 total | 1565 candidates (1%) | 294 visible | prefilter: 183 never-rises, 982 below-hz, 114082 mag-cull
[19:19:54.679] [PARALLAX] [trace] Stars: 116812 total | 1585 candidates (1%) | 263 visible | prefilter: 183 never-rises, 962 below-hz, 114082 mag-cull
[19:19:54.811] [PARALLAX] [trace] Stars: 116812 total | 1613 candidates (1%) | 266 visible | prefilter: 183 never-rises, 934 below-hz, 114082 mag-cull
[19:19:54.945] [PARALLAX] [trace] Stars: 116812 total | 1639 candidates (1%) | 259 visible | prefilter: 183 never-rises, 908 below-hz, 114082 mag-cull
[19:19:55.077] [PARALLAX] [trace] Stars: 116812 total | 1637 candidates (1%) | 262 visible | prefilter: 183 never-rises, 910 below-hz, 114082 mag-cull
[19:19:55.212] [PARALLAX] [trace] Stars: 116812 total | 1638 candidates (1%) | 269 visible | prefilter: 183 never-rises, 909 below-hz, 114082 mag-cull
[19:19:55.349] [PARALLAX] [trace] Stars: 116812 total | 1637 candidates (1%) | 289 visible | prefilter: 183 never-rises, 910 below-hz, 114082 mag-cull
[19:19:55.481] [PARALLAX] [trace] Stars: 116812 total | 1615 candidates (1%) | 308 visible | prefilter: 183 never-rises, 932 below-hz, 114082 mag-cull
[19:19:55.614] [PARALLAX] [trace] Stars: 116812 total | 1595 candidates (1%) | 318 visible | prefilter: 183 never-rises, 952 below-hz, 114082 mag-cull
[19:19:55.748] [PARALLAX] [trace] Stars: 116812 total | 1576 candidates (1%) | 321 visible | prefilter: 183 never-rises, 971 below-hz, 114082 mag-cull
[19:19:55.879] [PARALLAX] [trace] Stars: 116812 total | 1537 candidates (1%) | 328 visible | prefilter: 183 never-rises, 1010 below-hz, 114082 mag-cull
[19:19:56.013] [PARALLAX] [trace] Stars: 116812 total | 1511 candidates (1%) | 329 visible | prefilter: 183 never-rises, 1036 below-hz, 114082 mag-cull
[19:19:56.145] [PARALLAX] [trace] Stars: 116812 total | 1495 candidates (1%) | 335 visible | prefilter: 183 never-rises, 1052 below-hz, 114082 mag-cull
[19:19:56.277] [PARALLAX] [trace] Stars: 116812 total | 1483 candidates (1%) | 351 visible | prefilter: 183 never-rises, 1064 below-hz, 114082 mag-cull
[19:19:56.411] [PARALLAX] [trace] Stars: 116812 total | 1467 candidates (1%) | 364 visible | prefilter: 183 never-rises, 1080 below-hz, 114082 mag-cull
[19:19:56.551] [PARALLAX] [trace] Stars: 116812 total | 1461 candidates (1%) | 373 visible | prefilter: 183 never-rises, 1086 below-hz, 114082 mag-cull
[19:19:56.682] [PARALLAX] [trace] Stars: 116812 total | 1459 candidates (1%) | 384 visible | prefilter: 183 never-rises, 1088 below-hz, 114082 mag-cull
[19:19:56.813] [PARALLAX] [trace] Stars: 116812 total | 1458 candidates (1%) | 393 visible | prefilter: 183 never-rises, 1089 below-hz, 114082 mag-cull
[19:19:56.946] [PARALLAX] [trace] Stars: 116812 total | 1452 candidates (1%) | 388 visible | prefilter: 183 never-rises, 1095 below-hz, 114082 mag-cull
[19:19:57.076] [PARALLAX] [trace] Stars: 116812 total | 1447 candidates (1%) | 394 visible | prefilter: 183 never-rises, 1100 below-hz, 114082 mag-cull
[19:19:57.207] [PARALLAX] [trace] Stars: 116812 total | 1461 candidates (1%) | 396 visible | prefilter: 183 never-rises, 1086 below-hz, 114082 mag-cull
[19:19:57.341] [PARALLAX] [trace] Stars: 116812 total | 1459 candidates (1%) | 380 visible | prefilter: 183 never-rises, 1088 below-hz, 114082 mag-cull
[19:19:57.474] [PARALLAX] [trace] Stars: 116812 total | 1464 candidates (1%) | 367 visible | prefilter: 183 never-rises, 1083 below-hz, 114082 mag-cull
[19:19:57.606] [PARALLAX] [trace] Stars: 116812 total | 1458 candidates (1%) | 344 visible | prefilter: 183 never-rises, 1089 below-hz, 114082 mag-cull
[19:19:57.741] [PARALLAX] [trace] Stars: 116812 total | 1465 candidates (1%) | 343 visible | prefilter: 183 never-rises, 1082 below-hz, 114082 mag-cull
[19:19:57.874] [PARALLAX] [trace] Stars: 116812 total | 1473 candidates (1%) | 346 visible | prefilter: 183 never-rises, 1074 below-hz, 114082 mag-cull
[19:19:58.007] [PARALLAX] [trace] Stars: 116812 total | 1458 candidates (1%) | 342 visible | prefilter: 183 never-rises, 1089 below-hz, 114082 mag-cull
[19:19:58.141] [PARALLAX] [trace] Stars: 116812 total | 1461 candidates (1%) | 328 visible | prefilter: 183 never-rises, 1086 below-hz, 114082 mag-cull
[19:19:58.273] [PARALLAX] [trace] Stars: 116812 total | 1463 candidates (1%) | 323 visible | prefilter: 183 never-rises, 1084 below-hz, 114082 mag-cull
[19:19:58.407] [PARALLAX] [trace] Stars: 116812 total | 1466 candidates (1%) | 299 visible | prefilter: 183 never-rises, 1081 below-hz, 114082 mag-cull
[19:19:58.537] [PARALLAX] [trace] Stars: 116812 total | 1467 candidates (1%) | 286 visible | prefilter: 183 never-rises, 1080 below-hz, 114082 mag-cull
[19:19:58.667] [PARALLAX] [trace] Stars: 116812 total | 1475 candidates (1%) | 273 visible | prefilter: 183 never-rises, 1072 below-hz, 114082 mag-cull
[19:19:58.798] [PARALLAX] [trace] Stars: 116812 total | 1479 candidates (1%) | 261 visible | prefilter: 183 never-rises, 1068 below-hz, 114082 mag-cull
[19:19:58.934] [PARALLAX] [trace] Stars: 116812 total | 1491 candidates (1%) | 257 visible | prefilter: 183 never-rises, 1056 below-hz, 114082 mag-cull
[19:19:59.065] [PARALLAX] [trace] Stars: 116812 total | 1485 candidates (1%) | 270 visible | prefilter: 183 never-rises, 1062 below-hz, 114082 mag-cull
[19:19:59.194] [PARALLAX] [trace] Stars: 116812 total | 1484 candidates (1%) | 263 visible | prefilter: 183 never-rises, 1063 below-hz, 114082 mag-cull
[19:19:59.326] [PARALLAX] [trace] Stars: 116812 total | 1513 candidates (1%) | 263 visible | prefilter: 183 never-rises, 1034 below-hz, 114082 mag-cull
[19:19:59.460] [PARALLAX] [trace] Stars: 116812 total | 1498 candidates (1%) | 265 visible | prefilter: 183 never-rises, 1049 below-hz, 114082 mag-cull
[19:19:59.592] [PARALLAX] [trace] Stars: 116812 total | 1511 candidates (1%) | 266 visible | prefilter: 183 never-rises, 1036 below-hz, 114082 mag-cull
[19:19:59.727] [PARALLAX] [trace] Stars: 116812 total | 1502 candidates (1%) | 263 visible | prefilter: 183 never-rises, 1045 below-hz, 114082 mag-cull
[19:19:59.860] [PARALLAX] [trace] Stars: 116812 total | 1501 candidates (1%) | 288 visible | prefilter: 183 never-rises, 1046 below-hz, 114082 mag-cull
[19:19:59.991] [PARALLAX] [trace] Stars: 116812 total | 1504 candidates (1%) | 322 visible | prefilter: 183 never-rises, 1043 below-hz, 114082 mag-cull
[19:20:00.125] [PARALLAX] [trace] Stars: 116812 total | 1511 candidates (1%) | 334 visible | prefilter: 183 never-rises, 1036 below-hz, 114082 mag-cull
[19:20:00.259] [PARALLAX] [trace] Stars: 116812 total | 1517 candidates (1%) | 339 visible | prefilter: 183 never-rises, 1030 below-hz, 114082 mag-cull
[19:20:00.399] [PARALLAX] [trace] Stars: 116812 total | 1522 candidates (1%) | 351 visible | prefilter: 183 never-rises, 1025 below-hz, 114082 mag-cull
[19:20:00.540] [PARALLAX] [trace] Stars: 116812 total | 1525 candidates (1%) | 363 visible | prefilter: 183 never-rises, 1022 below-hz, 114082 mag-cull
[19:20:00.678] [PARALLAX] [trace] Stars: 116812 total | 1538 candidates (1%) | 372 visible | prefilter: 183 never-rises, 1009 below-hz, 114082 mag-cull
[19:20:00.815] [PARALLAX] [trace] Stars: 116812 total | 1547 candidates (1%) | 382 visible | prefilter: 183 never-rises, 1000 below-hz, 114082 mag-cull
[19:20:00.959] [PARALLAX] [trace] Stars: 116812 total | 1539 candidates (1%) | 410 visible | prefilter: 183 never-rises, 1008 below-hz, 114082 mag-cull
[19:20:01.087] [PARALLAX] [trace] Stars: 116812 total | 1533 candidates (1%) | 407 visible | prefilter: 183 never-rises, 1014 below-hz, 114082 mag-cull
[19:20:01.140] [PARALLAX] [info] HUD hidden
[19:20:01.213] [PARALLAX] [trace] Stars: 116812 total | 1519 candidates (1%) | 412 visible | prefilter: 183 never-rises, 1028 below-hz, 114082 mag-cull
[19:20:01.340] [PARALLAX] [trace] Stars: 116812 total | 1530 candidates (1%) | 409 visible | prefilter: 183 never-rises, 1017 below-hz, 114082 mag-cull
[19:20:01.479] [PARALLAX] [trace] Stars: 116812 total | 1526 candidates (1%) | 418 visible | prefilter: 183 never-rises, 1021 below-hz, 114082 mag-cull
[19:20:01.604] [PARALLAX] [trace] Stars: 116812 total | 1522 candidates (1%) | 417 visible | prefilter: 183 never-rises, 1025 below-hz, 114082 mag-cull
[19:20:01.613] [PARALLAX] [info] HUD shown
[19:20:01.741] [PARALLAX] [trace] Stars: 116812 total | 1508 candidates (1%) | 416 visible | prefilter: 183 never-rises, 1039 below-hz, 114082 mag-cull
[19:20:01.874] [PARALLAX] [trace] Stars: 116812 total | 1503 candidates (1%) | 422 visible | prefilter: 183 never-rises, 1044 below-hz, 114082 mag-cull
[19:20:02.011] [PARALLAX] [trace] Stars: 116812 total | 1495 candidates (1%) | 416 visible | prefilter: 183 never-rises, 1052 below-hz, 114082 mag-cull
[19:20:02.145] [PARALLAX] [trace] Stars: 116812 total | 1489 candidates (1%) | 409 visible | prefilter: 183 never-rises, 1058 below-hz, 114082 mag-cull
[19:20:02.278] [PARALLAX] [trace] Stars: 116812 total | 1494 candidates (1%) | 385 visible | prefilter: 183 never-rises, 1053 below-hz, 114082 mag-cull
[19:20:02.414] [PARALLAX] [trace] Stars: 116812 total | 1517 candidates (1%) | 373 visible | prefilter: 183 never-rises, 1030 below-hz, 114082 mag-cull
[19:20:02.551] [PARALLAX] [trace] Stars: 116812 total | 1527 candidates (1%) | 365 visible | prefilter: 183 never-rises, 1020 below-hz, 114082 mag-cull
[19:20:02.685] [PARALLAX] [trace] Stars: 116812 total | 1530 candidates (1%) | 347 visible | prefilter: 183 never-rises, 1017 below-hz, 114082 mag-cull
[19:20:02.817] [PARALLAX] [trace] Stars: 116812 total | 1549 candidates (1%) | 333 visible | prefilter: 183 never-rises, 998 below-hz, 114082 mag-cull
[19:20:02.951] [PARALLAX] [trace] Stars: 116812 total | 1568 candidates (1%) | 314 visible | prefilter: 183 never-rises, 979 below-hz, 114082 mag-cull
[19:20:03.085] [PARALLAX] [trace] Stars: 116812 total | 1559 candidates (1%) | 304 visible | prefilter: 183 never-rises, 988 below-hz, 114082 mag-cull
[19:20:03.218] [PARALLAX] [trace] Stars: 116812 total | 1577 candidates (1%) | 278 visible | prefilter: 183 never-rises, 970 below-hz, 114082 mag-cull
[19:20:03.361] [PARALLAX] [trace] Stars: 116812 total | 1597 candidates (1%) | 268 visible | prefilter: 183 never-rises, 950 below-hz, 114082 mag-cull
[19:20:03.497] [PARALLAX] [trace] Stars: 116812 total | 1631 candidates (1%) | 258 visible | prefilter: 183 never-rises, 916 below-hz, 114082 mag-cull
[19:20:03.630] [PARALLAX] [trace] Stars: 116812 total | 1639 candidates (1%) | 264 visible | prefilter: 183 never-rises, 908 below-hz, 114082 mag-cull
[19:20:03.765] [PARALLAX] [trace] Stars: 116812 total | 1637 candidates (1%) | 261 visible | prefilter: 183 never-rises, 910 below-hz, 114082 mag-cull
[19:20:03.852] [PARALLAX] [info] Bortle scale: 5
[19:20:03.901] [PARALLAX] [trace] Stars: 116812 total | 1637 candidates (1%) | 272 visible | prefilter: 183 never-rises, 910 below-hz, 114082 mag-cull
[19:20:04.033] [PARALLAX] [trace] Stars: 116812 total | 1627 candidates (1%) | 300 visible | prefilter: 183 never-rises, 920 below-hz, 114082 mag-cull
[19:20:04.165] [PARALLAX] [trace] Stars: 116812 total | 1615 candidates (1%) | 316 visible | prefilter: 183 never-rises, 932 below-hz, 114082 mag-cull
[19:20:04.296] [PARALLAX] [trace] Stars: 116812 total | 1581 candidates (1%) | 325 visible | prefilter: 183 never-rises, 966 below-hz, 114082 mag-cull
[19:20:04.431] [PARALLAX] [trace] Stars: 116812 total | 1560 candidates (1%) | 331 visible | prefilter: 183 never-rises, 987 below-hz, 114082 mag-cull
[19:20:04.453] [PARALLAX] [info] Bortle scale: 6
[19:20:04.564] [PARALLAX] [trace] Stars: 116812 total | 1523 candidates (1%) | 332 visible | prefilter: 183 never-rises, 1024 below-hz, 114082 mag-cull
[19:20:04.696] [PARALLAX] [trace] Stars: 116812 total | 1500 candidates (1%) | 335 visible | prefilter: 183 never-rises, 1047 below-hz, 114082 mag-cull
[19:20:04.827] [PARALLAX] [trace] Stars: 116812 total | 1487 candidates (1%) | 356 visible | prefilter: 183 never-rises, 1060 below-hz, 114082 mag-cull
[19:20:04.835] [PARALLAX] [info] Bortle scale: 7
[19:20:04.960] [PARALLAX] [trace] Stars: 116812 total | 1471 candidates (1%) | 358 visible | prefilter: 183 never-rises, 1076 below-hz, 114082 mag-cull
[19:20:05.090] [PARALLAX] [trace] Stars: 116812 total | 1459 candidates (1%) | 369 visible | prefilter: 183 never-rises, 1088 below-hz, 114082 mag-cull
[19:20:05.141] [PARALLAX] [info] Bortle scale: 8
[19:20:05.226] [PARALLAX] [trace] Stars: 116812 total | 1457 candidates (1%) | 374 visible | prefilter: 183 never-rises, 1090 below-hz, 114082 mag-cull
[19:20:05.362] [PARALLAX] [trace] Stars: 116812 total | 1458 candidates (1%) | 388 visible | prefilter: 183 never-rises, 1089 below-hz, 114082 mag-cull
[19:20:05.364] [PARALLAX] [info] Bortle scale: 9
[19:20:05.497] [PARALLAX] [trace] Stars: 116812 total | 1453 candidates (1%) | 392 visible | prefilter: 183 never-rises, 1094 below-hz, 114082 mag-cull
[19:20:05.549] [PARALLAX] [info] Bortle scale: 1
[19:20:05.630] [PARALLAX] [trace] Stars: 116812 total | 1448 candidates (1%) | 398 visible | prefilter: 183 never-rises, 1099 below-hz, 114082 mag-cull
[19:20:05.733] [PARALLAX] [info] Bortle scale: 2
[19:20:05.763] [PARALLAX] [trace] Stars: 116812 total | 1455 candidates (1%) | 396 visible | prefilter: 183 never-rises, 1092 below-hz, 114082 mag-cull
[19:20:05.895] [PARALLAX] [trace] Stars: 116812 total | 1458 candidates (1%) | 389 visible | prefilter: 183 never-rises, 1089 below-hz, 114082 mag-cull
[19:20:06.025] [PARALLAX] [trace] Stars: 116812 total | 1455 candidates (1%) | 374 visible | prefilter: 183 never-rises, 1092 below-hz, 114082 mag-cull
[19:20:06.132] [PARALLAX] [info] Bortle scale: 3
[19:20:06.158] [PARALLAX] [trace] Stars: 116812 total | 1456 candidates (1%) | 357 visible | prefilter: 183 never-rises, 1091 below-hz, 114082 mag-cull
[19:20:06.292] [PARALLAX] [trace] Stars: 116812 total | 1459 candidates (1%) | 337 visible | prefilter: 183 never-rises, 1088 below-hz, 114082 mag-cull
[19:20:06.317] [PARALLAX] [info] Bortle scale: 4
[19:20:06.425] [PARALLAX] [trace] Stars: 116812 total | 1469 candidates (1%) | 343 visible | prefilter: 183 never-rises, 1078 below-hz, 114082 mag-cull
[19:20:06.501] [PARALLAX] [info] Bortle scale: 5
[19:20:06.558] [PARALLAX] [trace] Stars: 116812 total | 1468 candidates (1%) | 346 visible | prefilter: 183 never-rises, 1079 below-hz, 114082 mag-cull
[19:20:06.669] [PARALLAX] [info] Bortle scale: 6
[19:20:06.692] [PARALLAX] [trace] Stars: 116812 total | 1461 candidates (1%) | 336 visible | prefilter: 183 never-rises, 1086 below-hz, 114082 mag-cull
[19:20:06.824] [PARALLAX] [trace] Stars: 116812 total | 1458 candidates (1%) | 323 visible | prefilter: 183 never-rises, 1089 below-hz, 114082 mag-cull
[19:20:06.845] [PARALLAX] [info] Bortle scale: 7
[19:20:06.957] [PARALLAX] [trace] Stars: 116812 total | 1459 candidates (1%) | 318 visible | prefilter: 183 never-rises, 1088 below-hz, 114082 mag-cull
[19:20:07.089] [PARALLAX] [trace] Stars: 116812 total | 1467 candidates (1%) | 292 visible | prefilter: 183 never-rises, 1080 below-hz, 114082 mag-cull
[19:20:07.221] [PARALLAX] [trace] Stars: 116812 total | 1465 candidates (1%) | 275 visible | prefilter: 183 never-rises, 1082 below-hz, 114082 mag-cull
[19:20:07.222] [PARALLAX] [info] Bortle scale: 8
[19:20:07.353] [PARALLAX] [trace] Stars: 116812 total | 1480 candidates (1%) | 262 visible | prefilter: 183 never-rises, 1067 below-hz, 114082 mag-cull
[19:20:07.483] [PARALLAX] [trace] Stars: 116812 total | 1483 candidates (1%) | 263 visible | prefilter: 183 never-rises, 1064 below-hz, 114082 mag-cull
[19:20:07.564] [PARALLAX] [info] Bortle scale: 9
[19:20:07.618] [PARALLAX] [trace] Stars: 116812 total | 1501 candidates (1%) | 262 visible | prefilter: 183 never-rises, 1046 below-hz, 114082 mag-cull
[19:20:07.751] [PARALLAX] [trace] Stars: 116812 total | 1479 candidates (1%) | 262 visible | prefilter: 183 never-rises, 1068 below-hz, 114082 mag-cull
[19:20:07.882] [PARALLAX] [trace] Stars: 116812 total | 1497 candidates (1%) | 263 visible | prefilter: 183 never-rises, 1050 below-hz, 114082 mag-cull
[19:20:07.924] [PARALLAX] [info] Bortle scale: 1
[19:20:08.014] [PARALLAX] [trace] Stars: 116812 total | 1504 candidates (1%) | 264 visible | prefilter: 183 never-rises, 1043 below-hz, 114082 mag-cull
[19:20:08.149] [PARALLAX] [trace] Stars: 116812 total | 1510 candidates (1%) | 265 visible | prefilter: 183 never-rises, 1037 below-hz, 114082 mag-cull
[19:20:08.284] [PARALLAX] [trace] Stars: 116812 total | 1510 candidates (1%) | 268 visible | prefilter: 183 never-rises, 1037 below-hz, 114082 mag-cull
[19:20:08.420] [PARALLAX] [trace] Stars: 116812 total | 1502 candidates (1%) | 271 visible | prefilter: 183 never-rises, 1045 below-hz, 114082 mag-cull
[19:20:08.552] [PARALLAX] [trace] Stars: 116812 total | 1503 candidates (1%) | 311 visible | prefilter: 183 never-rises, 1044 below-hz, 114082 mag-cull
[19:20:08.682] [PARALLAX] [trace] Stars: 116812 total | 1506 candidates (1%) | 328 visible | prefilter: 183 never-rises, 1041 below-hz, 114082 mag-cull
[19:20:08.814] [PARALLAX] [trace] Stars: 116812 total | 1513 candidates (1%) | 339 visible | prefilter: 183 never-rises, 1034 below-hz, 114082 mag-cull
[19:20:08.947] [PARALLAX] [trace] Stars: 116812 total | 1512 candidates (1%) | 347 visible | prefilter: 183 never-rises, 1035 below-hz, 114082 mag-cull
[19:20:09.081] [PARALLAX] [trace] Stars: 116812 total | 1526 candidates (1%) | 348 visible | prefilter: 183 never-rises, 1021 below-hz, 114082 mag-cull
[19:20:09.212] [PARALLAX] [trace] Stars: 116812 total | 1531 candidates (1%) | 374 visible | prefilter: 183 never-rises, 1016 below-hz, 114082 mag-cull
[19:20:09.344] [PARALLAX] [trace] Stars: 116812 total | 1546 candidates (1%) | 376 visible | prefilter: 183 never-rises, 1001 below-hz, 114082 mag-cull
[19:20:09.479] [PARALLAX] [trace] Stars: 116812 total | 1551 candidates (1%) | 393 visible | prefilter: 183 never-rises, 996 below-hz, 114082 mag-cull
[19:20:09.614] [PARALLAX] [trace] Stars: 116812 total | 1536 candidates (1%) | 407 visible | prefilter: 183 never-rises, 1011 below-hz, 114082 mag-cull
[19:20:09.750] [PARALLAX] [trace] Stars: 116812 total | 1525 candidates (1%) | 411 visible | prefilter: 183 never-rises, 1022 below-hz, 114082 mag-cull
[19:20:09.882] [PARALLAX] [trace] Stars: 116812 total | 1519 candidates (1%) | 414 visible | prefilter: 183 never-rises, 1028 below-hz, 114082 mag-cull
[19:20:10.017] [PARALLAX] [trace] Stars: 116812 total | 1528 candidates (1%) | 418 visible | prefilter: 183 never-rises, 1019 below-hz, 114082 mag-cull
[19:20:10.154] [PARALLAX] [trace] Stars: 116812 total | 1523 candidates (1%) | 421 visible | prefilter: 183 never-rises, 1024 below-hz, 114082 mag-cull
[19:20:10.287] [PARALLAX] [trace] Stars: 116812 total | 1518 candidates (1%) | 420 visible | prefilter: 183 never-rises, 1029 below-hz, 114082 mag-cull
[19:20:10.421] [PARALLAX] [trace] Stars: 116812 total | 1503 candidates (1%) | 418 visible | prefilter: 183 never-rises, 1044 below-hz, 114082 mag-cull
[19:20:10.554] [PARALLAX] [trace] Stars: 116812 total | 1493 candidates (1%) | 419 visible | prefilter: 183 never-rises, 1054 below-hz, 114082 mag-cull
[19:20:10.688] [PARALLAX] [trace] Stars: 116812 total | 1496 candidates (1%) | 407 visible | prefilter: 183 never-rises, 1051 below-hz, 114082 mag-cull
[19:20:10.824] [PARALLAX] [trace] Stars: 116812 total | 1493 candidates (1%) | 401 visible | prefilter: 183 never-rises, 1054 below-hz, 114082 mag-cull
[19:20:10.957] [PARALLAX] [trace] Stars: 116812 total | 1515 candidates (1%) | 382 visible | prefilter: 183 never-rises, 1032 below-hz, 114082 mag-cull
[19:20:11.090] [PARALLAX] [trace] Stars: 116812 total | 1525 candidates (1%) | 368 visible | prefilter: 183 never-rises, 1022 below-hz, 114082 mag-cull
[19:20:11.226] [PARALLAX] [trace] Stars: 116812 total | 1531 candidates (1%) | 357 visible | prefilter: 183 never-rises, 1016 below-hz, 114082 mag-cull
[19:20:11.362] [PARALLAX] [trace] Stars: 116812 total | 1546 candidates (1%) | 335 visible | prefilter: 183 never-rises, 1001 below-hz, 114082 mag-cull
[19:20:11.498] [PARALLAX] [trace] Stars: 116812 total | 1558 candidates (1%) | 322 visible | prefilter: 183 never-rises, 989 below-hz, 114082 mag-cull
[19:20:11.631] [PARALLAX] [trace] Stars: 116812 total | 1564 candidates (1%) | 305 visible | prefilter: 183 never-rises, 983 below-hz, 114082 mag-cull
[19:20:11.767] [PARALLAX] [trace] Stars: 116812 total | 1565 candidates (1%) | 296 visible | prefilter: 183 never-rises, 982 below-hz, 114082 mag-cull
[19:20:11.899] [PARALLAX] [trace] Stars: 116812 total | 1581 candidates (1%) | 265 visible | prefilter: 183 never-rises, 966 below-hz, 114082 mag-cull
[19:20:12.033] [PARALLAX] [trace] Stars: 116812 total | 1609 candidates (1%) | 267 visible | prefilter: 183 never-rises, 938 below-hz, 114082 mag-cull
[19:20:12.165] [PARALLAX] [trace] Stars: 116812 total | 1639 candidates (1%) | 256 visible | prefilter: 183 never-rises, 908 below-hz, 114082 mag-cull
[19:20:12.299] [PARALLAX] [trace] Stars: 116812 total | 1637 candidates (1%) | 262 visible | prefilter: 183 never-rises, 910 below-hz, 114082 mag-cull
[19:20:12.432] [PARALLAX] [trace] Stars: 116812 total | 1631 candidates (1%) | 266 visible | prefilter: 183 never-rises, 916 below-hz, 114082 mag-cull
[19:20:12.568] [PARALLAX] [trace] Stars: 116812 total | 1639 candidates (1%) | 285 visible | prefilter: 183 never-rises, 908 below-hz, 114082 mag-cull
[19:20:12.701] [PARALLAX] [trace] Stars: 116812 total | 1623 candidates (1%) | 307 visible | prefilter: 183 never-rises, 924 below-hz, 114082 mag-cull
[19:20:12.833] [PARALLAX] [trace] Stars: 116812 total | 1597 candidates (1%) | 321 visible | prefilter: 183 never-rises, 950 below-hz, 114082 mag-cull
[19:20:12.967] [PARALLAX] [trace] Stars: 116812 total | 1580 candidates (1%) | 321 visible | prefilter: 183 never-rises, 967 below-hz, 114082 mag-cull
[19:20:13.099] [PARALLAX] [trace] Stars: 116812 total | 1541 candidates (1%) | 328 visible | prefilter: 183 never-rises, 1006 below-hz, 114082 mag-cull
[19:20:13.232] [PARALLAX] [trace] Stars: 116812 total | 1511 candidates (1%) | 330 visible | prefilter: 183 never-rises, 1036 below-hz, 114082 mag-cull
[19:20:13.364] [PARALLAX] [trace] Stars: 116812 total | 1497 candidates (1%) | 337 visible | prefilter: 183 never-rises, 1050 below-hz, 114082 mag-cull
[19:20:13.500] [PARALLAX] [trace] Stars: 116812 total | 1485 candidates (1%) | 354 visible | prefilter: 183 never-rises, 1062 below-hz, 114082 mag-cull
[19:20:13.629] [PARALLAX] [trace] Stars: 116812 total | 1468 candidates (1%) | 360 visible | prefilter: 183 never-rises, 1079 below-hz, 114082 mag-cull
[19:20:13.761] [PARALLAX] [trace] Stars: 116812 total | 1462 candidates (1%) | 372 visible | prefilter: 183 never-rises, 1085 below-hz, 114082 mag-cull
[19:20:13.891] [PARALLAX] [trace] Stars: 116812 total | 1457 candidates (1%) | 380 visible | prefilter: 183 never-rises, 1090 below-hz, 114082 mag-cull
[19:20:14.023] [PARALLAX] [trace] Stars: 116812 total | 1459 candidates (1%) | 393 visible | prefilter: 183 never-rises, 1088 below-hz, 114082 mag-cull
[19:20:14.153] [PARALLAX] [trace] Stars: 116812 total | 1454 candidates (1%) | 386 visible | prefilter: 183 never-rises, 1093 below-hz, 114082 mag-cull
[19:20:14.188] [PARALLAX] [info] Camera reset to defaults
[19:20:14.363] [PARALLAX] [trace] Stars: 116812 total | 4766 candidates (4%) | 252 visible | prefilter: 592 never-rises, 3509 below-hz, 107945 mag-cull
[19:20:14.601] [PARALLAX] [trace] Stars: 116812 total | 4783 candidates (4%) | 267 visible | prefilter: 592 never-rises, 3492 below-hz, 107945 mag-cull
[19:20:14.834] [PARALLAX] [trace] Stars: 116812 total | 4769 candidates (4%) | 266 visible | prefilter: 592 never-rises, 3506 below-hz, 107945 mag-cull
[19:20:15.073] [PARALLAX] [trace] Stars: 116812 total | 4815 candidates (4%) | 275 visible | prefilter: 592 never-rises, 3460 below-hz, 107945 mag-cull
[19:20:15.315] [PARALLAX] [trace] Stars: 116812 total | 4801 candidates (4%) | 294 visible | prefilter: 592 never-rises, 3474 below-hz, 107945 mag-cull
[19:20:15.559] [PARALLAX] [trace] Stars: 116812 total | 4811 candidates (4%) | 310 visible | prefilter: 592 never-rises, 3464 below-hz, 107945 mag-cull
[19:20:15.803] [PARALLAX] [trace] Stars: 116812 total | 4805 candidates (4%) | 321 visible | prefilter: 592 never-rises, 3470 below-hz, 107945 mag-cull
[19:20:16.046] [PARALLAX] [trace] Stars: 116812 total | 4857 candidates (4%) | 322 visible | prefilter: 592 never-rises, 3418 below-hz, 107945 mag-cull
[19:20:16.291] [PARALLAX] [trace] Stars: 116812 total | 4865 candidates (4%) | 322 visible | prefilter: 592 never-rises, 3410 below-hz, 107945 mag-cull
[19:20:16.539] [PARALLAX] [trace] Stars: 116812 total | 4926 candidates (4%) | 331 visible | prefilter: 592 never-rises, 3349 below-hz, 107945 mag-cull
[19:20:16.786] [PARALLAX] [trace] Stars: 116812 total | 4948 candidates (4%) | 327 visible | prefilter: 592 never-rises, 3327 below-hz, 107945 mag-cull
[19:20:17.034] [PARALLAX] [trace] Stars: 116812 total | 4974 candidates (4%) | 306 visible | prefilter: 592 never-rises, 3301 below-hz, 107945 mag-cull
[19:20:17.280] [PARALLAX] [trace] Stars: 116812 total | 4993 candidates (4%) | 328 visible | prefilter: 592 never-rises, 3282 below-hz, 107945 mag-cull
[19:20:17.529] [PARALLAX] [trace] Stars: 116812 total | 5036 candidates (4%) | 318 visible | prefilter: 592 never-rises, 3239 below-hz, 107945 mag-cull
[19:20:17.778] [PARALLAX] [trace] Stars: 116812 total | 5053 candidates (4%) | 320 visible | prefilter: 592 never-rises, 3222 below-hz, 107945 mag-cull
[19:20:18.026] [PARALLAX] [trace] Stars: 116812 total | 5070 candidates (4%) | 325 visible | prefilter: 592 never-rises, 3205 below-hz, 107945 mag-cull
[19:20:18.273] [PARALLAX] [trace] Stars: 116812 total | 5025 candidates (4%) | 312 visible | prefilter: 592 never-rises, 3250 below-hz, 107945 mag-cull
[19:20:18.524] [PARALLAX] [trace] Stars: 116812 total | 5020 candidates (4%) | 298 visible | prefilter: 592 never-rises, 3255 below-hz, 107945 mag-cull
[19:20:18.774] [PARALLAX] [trace] Stars: 116812 total | 5015 candidates (4%) | 284 visible | prefilter: 592 never-rises, 3260 below-hz, 107945 mag-cull
[19:20:19.023] [PARALLAX] [trace] Stars: 116812 total | 4982 candidates (4%) | 266 visible | prefilter: 592 never-rises, 3293 below-hz, 107945 mag-cull
[19:20:19.271] [PARALLAX] [trace] Stars: 116812 total | 4955 candidates (4%) | 270 visible | prefilter: 592 never-rises, 3320 below-hz, 107945 mag-cull
[19:20:19.521] [PARALLAX] [trace] Stars: 116812 total | 4944 candidates (4%) | 247 visible | prefilter: 592 never-rises, 3331 below-hz, 107945 mag-cull
[19:20:19.766] [PARALLAX] [trace] Stars: 116812 total | 4965 candidates (4%) | 227 visible | prefilter: 592 never-rises, 3310 below-hz, 107945 mag-cull
[19:20:20.011] [PARALLAX] [trace] Stars: 116812 total | 4997 candidates (4%) | 226 visible | prefilter: 592 never-rises, 3278 below-hz, 107945 mag-cull
[19:20:20.257] [PARALLAX] [trace] Stars: 116812 total | 5020 candidates (4%) | 226 visible | prefilter: 592 never-rises, 3255 below-hz, 107945 mag-cull
[19:20:20.508] [PARALLAX] [trace] Stars: 116812 total | 5097 candidates (4%) | 226 visible | prefilter: 592 never-rises, 3178 below-hz, 107945 mag-cull
[19:20:20.548] [PARALLAX] [info] Time display: LST
[19:20:20.758] [PARALLAX] [trace] Stars: 116812 total | 5200 candidates (4%) | 229 visible | prefilter: 592 never-rises, 3075 below-hz, 107945 mag-cull
[19:20:20.940] [PARALLAX] [info] Time display: JD
[19:20:21.011] [PARALLAX] [trace] Stars: 116812 total | 5249 candidates (4%) | 224 visible | prefilter: 592 never-rises, 3026 below-hz, 107945 mag-cull
[19:20:21.257] [PARALLAX] [trace] Stars: 116812 total | 5265 candidates (5%) | 213 visible | prefilter: 592 never-rises, 3010 below-hz, 107945 mag-cull
[19:20:21.276] [PARALLAX] [info] Time display: UTC
[19:20:21.511] [PARALLAX] [trace] Stars: 116812 total | 5195 candidates (4%) | 214 visible | prefilter: 592 never-rises, 3080 below-hz, 107945 mag-cull
[19:20:21.755] [PARALLAX] [trace] Stars: 116812 total | 5050 candidates (4%) | 218 visible | prefilter: 592 never-rises, 3225 below-hz, 107945 mag-cull
[19:20:21.998] [PARALLAX] [trace] Stars: 116812 total | 4921 candidates (4%) | 221 visible | prefilter: 592 never-rises, 3354 below-hz, 107945 mag-cull
[19:20:22.238] [PARALLAX] [trace] Stars: 116812 total | 4864 candidates (4%) | 231 visible | prefilter: 592 never-rises, 3411 below-hz, 107945 mag-cull
[19:20:22.479] [PARALLAX] [trace] Stars: 116812 total | 4821 candidates (4%) | 234 visible | prefilter: 592 never-rises, 3454 below-hz, 107945 mag-cull
[19:20:22.723] [PARALLAX] [trace] Stars: 116812 total | 4791 candidates (4%) | 231 visible | prefilter: 592 never-rises, 3484 below-hz, 107945 mag-cull
[19:20:22.965] [PARALLAX] [trace] Stars: 116812 total | 4763 candidates (4%) | 249 visible | prefilter: 592 never-rises, 3512 below-hz, 107945 mag-cull
[19:20:23.207] [PARALLAX] [trace] Stars: 116812 total | 4788 candidates (4%) | 266 visible | prefilter: 592 never-rises, 3487 below-hz, 107945 mag-cull
[19:20:23.447] [PARALLAX] [trace] Stars: 116812 total | 4767 candidates (4%) | 266 visible | prefilter: 592 never-rises, 3508 below-hz, 107945 mag-cull
[19:20:23.689] [PARALLAX] [trace] Stars: 116812 total | 4813 candidates (4%) | 275 visible | prefilter: 592 never-rises, 3462 below-hz, 107945 mag-cull
[19:20:23.930] [PARALLAX] [trace] Stars: 116812 total | 4802 candidates (4%) | 293 visible | prefilter: 592 never-rises, 3473 below-hz, 107945 mag-cull
[19:20:24.170] [PARALLAX] [trace] Stars: 116812 total | 4814 candidates (4%) | 309 visible | prefilter: 592 never-rises, 3461 below-hz, 107945 mag-cull
[19:20:24.412] [PARALLAX] [trace] Stars: 116812 total | 4802 candidates (4%) | 320 visible | prefilter: 592 never-rises, 3473 below-hz, 107945 mag-cull
[19:20:24.657] [PARALLAX] [trace] Stars: 116812 total | 4856 candidates (4%) | 321 visible | prefilter: 592 never-rises, 3419 below-hz, 107945 mag-cull
[19:20:24.899] [PARALLAX] [trace] Stars: 116812 total | 4862 candidates (4%) | 322 visible | prefilter: 592 never-rises, 3413 below-hz, 107945 mag-cull
[19:20:25.146] [PARALLAX] [trace] Stars: 116812 total | 4924 candidates (4%) | 330 visible | prefilter: 592 never-rises, 3351 below-hz, 107945 mag-cull
[19:20:25.395] [PARALLAX] [trace] Stars: 116812 total | 4948 candidates (4%) | 326 visible | prefilter: 592 never-rises, 3327 below-hz, 107945 mag-cull
[19:20:25.643] [PARALLAX] [trace] Stars: 116812 total | 4976 candidates (4%) | 305 visible | prefilter: 592 never-rises, 3299 below-hz, 107945 mag-cull
[19:20:25.890] [PARALLAX] [trace] Stars: 116812 total | 5000 candidates (4%) | 327 visible | prefilter: 592 never-rises, 3275 below-hz, 107945 mag-cull
[19:20:26.138] [PARALLAX] [trace] Stars: 116812 total | 5036 candidates (4%) | 320 visible | prefilter: 592 never-rises, 3239 below-hz, 107945 mag-cull
[19:20:26.390] [PARALLAX] [trace] Stars: 116812 total | 5053 candidates (4%) | 320 visible | prefilter: 592 never-rises, 3222 below-hz, 107945 mag-cull
[19:20:26.641] [PARALLAX] [trace] Stars: 116812 total | 5071 candidates (4%) | 324 visible | prefilter: 592 never-rises, 3204 below-hz, 107945 mag-cull
[19:20:26.889] [PARALLAX] [trace] Stars: 116812 total | 5026 candidates (4%) | 312 visible | prefilter: 592 never-rises, 3249 below-hz, 107945 mag-cull
[19:20:27.137] [PARALLAX] [trace] Stars: 116812 total | 5018 candidates (4%) | 296 visible | prefilter: 592 never-rises, 3257 below-hz, 107945 mag-cull
[19:20:27.387] [PARALLAX] [trace] Stars: 116812 total | 5017 candidates (4%) | 285 visible | prefilter: 592 never-rises, 3258 below-hz, 107945 mag-cull
[19:20:27.548] [PARALLAX] [info] Time paused
[19:20:27.639] [PARALLAX] [trace] Stars: 116812 total | 4998 candidates (4%) | 276 visible | prefilter: 592 never-rises, 3277 below-hz, 107945 mag-cull
[19:20:27.890] [PARALLAX] [trace] Stars: 116812 total | 4998 candidates (4%) | 276 visible | prefilter: 592 never-rises, 3277 below-hz, 107945 mag-cull
[19:20:28.137] [PARALLAX] [trace] Stars: 116812 total | 4998 candidates (4%) | 276 visible | prefilter: 592 never-rises, 3277 below-hz, 107945 mag-cull
[19:20:28.386] [PARALLAX] [trace] Stars: 116812 total | 4998 candidates (4%) | 276 visible | prefilter: 592 never-rises, 3277 below-hz, 107945 mag-cull
[19:20:28.634] [PARALLAX] [trace] Stars: 116812 total | 4998 candidates (4%) | 276 visible | prefilter: 592 never-rises, 3277 below-hz, 107945 mag-cull
[19:20:28.883] [PARALLAX] [trace] Stars: 116812 total | 4998 candidates (4%) | 276 visible | prefilter: 592 never-rises, 3277 below-hz, 107945 mag-cull
[19:20:29.134] [PARALLAX] [trace] Stars: 116812 total | 4998 candidates (4%) | 276 visible | prefilter: 592 never-rises, 3277 below-hz, 107945 mag-cull
[19:20:29.386] [PARALLAX] [trace] Stars: 116812 total | 4998 candidates (4%) | 276 visible | prefilter: 592 never-rises, 3277 below-hz, 107945 mag-cull
[19:20:29.633] [PARALLAX] [trace] Stars: 116812 total | 4998 candidates (4%) | 276 visible | prefilter: 592 never-rises, 3277 below-hz, 107945 mag-cull
[19:20:29.881] [PARALLAX] [trace] Stars: 116812 total | 4998 candidates (4%) | 276 visible | prefilter: 592 never-rises, 3277 below-hz, 107945 mag-cull
[19:20:29.958] [PARALLAX] [info] Time resumed: x1
[19:20:30.130] [PARALLAX] [trace] Stars: 116812 total | 4998 candidates (4%) | 276 visible | prefilter: 592 never-rises, 3277 below-hz, 107945 mag-cull
[19:20:30.381] [PARALLAX] [trace] Stars: 116812 total | 4998 candidates (4%) | 276 visible | prefilter: 592 never-rises, 3277 below-hz, 107945 mag-cull
[19:20:30.626] [PARALLAX] [trace] Stars: 116812 total | 4998 candidates (4%) | 276 visible | prefilter: 592 never-rises, 3277 below-hz, 107945 mag-cull
[19:20:30.749] [PARALLAX] [info] Time paused
[19:20:30.878] [PARALLAX] [trace] Stars: 116812 total | 4998 candidates (4%) | 276 visible | prefilter: 592 never-rises, 3277 below-hz, 107945 mag-cull
[19:20:30.996] [PARALLAX] [info] Time resumed: x1
[19:20:31.145] [PARALLAX] [trace] Stars: 116812 total | 4998 candidates (4%) | 276 visible | prefilter: 592 never-rises, 3277 below-hz, 107945 mag-cull
[19:20:31.189] [PARALLAX] [info] Time paused
[19:20:31.395] [PARALLAX] [trace] Stars: 116812 total | 4998 candidates (4%) | 276 visible | prefilter: 592 never-rises, 3277 below-hz, 107945 mag-cull
[19:20:31.648] [PARALLAX] [trace] Stars: 116812 total | 4998 candidates (4%) | 276 visible | prefilter: 592 never-rises, 3277 below-hz, 107945 mag-cull
[19:20:31.896] [PARALLAX] [trace] Stars: 116812 total | 4998 candidates (4%) | 276 visible | prefilter: 592 never-rises, 3277 below-hz, 107945 mag-cull
[19:20:32.144] [PARALLAX] [trace] Stars: 116812 total | 4998 candidates (4%) | 276 visible | prefilter: 592 never-rises, 3277 below-hz, 107945 mag-cull
[19:20:32.391] [PARALLAX] [trace] Stars: 116812 total | 4998 candidates (4%) | 276 visible | prefilter: 592 never-rises, 3277 below-hz, 107945 mag-cull
[19:20:32.640] [PARALLAX] [trace] Stars: 116812 total | 4998 candidates (4%) | 276 visible | prefilter: 592 never-rises, 3277 below-hz, 107945 mag-cull
[19:20:32.885] [PARALLAX] [trace] Stars: 116812 total | 4998 candidates (4%) | 276 visible | prefilter: 592 never-rises, 3277 below-hz, 107945 mag-cull
[19:20:33.132] [PARALLAX] [trace] Stars: 116812 total | 4998 candidates (4%) | 276 visible | prefilter: 592 never-rises, 3277 below-hz, 107945 mag-cull
[19:20:33.378] [PARALLAX] [trace] Stars: 116812 total | 4998 candidates (4%) | 276 visible | prefilter: 592 never-rises, 3277 below-hz, 107945 mag-cull
[19:20:33.626] [PARALLAX] [trace] Stars: 116812 total | 4998 candidates (4%) | 276 visible | prefilter: 592 never-rises, 3277 below-hz, 107945 mag-cull
[19:20:33.874] [PARALLAX] [trace] Stars: 116812 total | 4998 candidates (4%) | 276 visible | prefilter: 592 never-rises, 3277 below-hz, 107945 mag-cull
[19:20:34.124] [PARALLAX] [trace] Stars: 116812 total | 4998 candidates (4%) | 276 visible | prefilter: 592 never-rises, 3277 below-hz, 107945 mag-cull
[19:20:34.370] [PARALLAX] [trace] Stars: 116812 total | 4998 candidates (4%) | 276 visible | prefilter: 592 never-rises, 3277 below-hz, 107945 mag-cull
[19:20:34.618] [PARALLAX] [trace] Stars: 116812 total | 4998 candidates (4%) | 276 visible | prefilter: 592 never-rises, 3277 below-hz, 107945 mag-cull
[19:20:34.867] [PARALLAX] [trace] Stars: 116812 total | 4998 candidates (4%) | 276 visible | prefilter: 592 never-rises, 3277 below-hz, 107945 mag-cull
[19:20:35.116] [PARALLAX] [trace] Stars: 116812 total | 4998 candidates (4%) | 276 visible | prefilter: 592 never-rises, 3277 below-hz, 107945 mag-cull
[19:20:35.364] [PARALLAX] [trace] Stars: 116812 total | 4998 candidates (4%) | 276 visible | prefilter: 592 never-rises, 3277 below-hz, 107945 mag-cull
[19:20:35.611] [PARALLAX] [trace] Stars: 116812 total | 4998 candidates (4%) | 276 visible | prefilter: 592 never-rises, 3277 below-hz, 107945 mag-cull
[19:20:35.859] [PARALLAX] [trace] Stars: 116812 total | 4998 candidates (4%) | 276 visible | prefilter: 592 never-rises, 3277 below-hz, 107945 mag-cull
[19:20:36.106] [PARALLAX] [trace] Stars: 116812 total | 4998 candidates (4%) | 276 visible | prefilter: 592 never-rises, 3277 below-hz, 107945 mag-cull
[19:20:36.356] [PARALLAX] [trace] Stars: 116812 total | 4998 candidates (4%) | 276 visible | prefilter: 592 never-rises, 3277 below-hz, 107945 mag-cull
[19:20:36.605] [PARALLAX] [trace] Stars: 116812 total | 4998 candidates (4%) | 276 visible | prefilter: 592 never-rises, 3277 below-hz, 107945 mag-cull
[19:20:36.854] [PARALLAX] [trace] Stars: 116812 total | 4998 candidates (4%) | 276 visible | prefilter: 592 never-rises, 3277 below-hz, 107945 mag-cull
[19:20:37.103] [PARALLAX] [trace] Stars: 116812 total | 4998 candidates (4%) | 276 visible | prefilter: 592 never-rises, 3277 below-hz, 107945 mag-cull
[19:20:37.351] [PARALLAX] [trace] Stars: 116812 total | 4998 candidates (4%) | 276 visible | prefilter: 592 never-rises, 3277 below-hz, 107945 mag-cull
[19:20:37.601] [PARALLAX] [trace] Stars: 116812 total | 4998 candidates (4%) | 276 visible | prefilter: 592 never-rises, 3277 below-hz, 107945 mag-cull
[19:20:37.849] [PARALLAX] [trace] Stars: 116812 total | 4998 candidates (4%) | 276 visible | prefilter: 592 never-rises, 3277 below-hz, 107945 mag-cull
[19:20:38.097] [PARALLAX] [trace] Stars: 116812 total | 4998 candidates (4%) | 276 visible | prefilter: 592 never-rises, 3277 below-hz, 107945 mag-cull
[19:20:38.346] [PARALLAX] [trace] Stars: 116812 total | 4998 candidates (4%) | 276 visible | prefilter: 592 never-rises, 3277 below-hz, 107945 mag-cull
[19:20:38.595] [PARALLAX] [trace] Stars: 116812 total | 4998 candidates (4%) | 276 visible | prefilter: 592 never-rises, 3277 below-hz, 107945 mag-cull
[19:20:38.845] [PARALLAX] [trace] Stars: 116812 total | 4998 candidates (4%) | 276 visible | prefilter: 592 never-rises, 3277 below-hz, 107945 mag-cull
[19:20:39.094] [PARALLAX] [trace] Stars: 116812 total | 4998 candidates (4%) | 276 visible | prefilter: 592 never-rises, 3277 below-hz, 107945 mag-cull
[19:20:39.340] [PARALLAX] [trace] Stars: 116812 total | 4998 candidates (4%) | 276 visible | prefilter: 592 never-rises, 3277 below-hz, 107945 mag-cull
[19:20:39.589] [PARALLAX] [trace] Stars: 116812 total | 4998 candidates (4%) | 276 visible | prefilter: 592 never-rises, 3277 below-hz, 107945 mag-cull
[19:20:39.839] [PARALLAX] [trace] Stars: 116812 total | 4998 candidates (4%) | 276 visible | prefilter: 592 never-rises, 3277 below-hz, 107945 mag-cull
[19:20:40.085] [PARALLAX] [trace] Stars: 116812 total | 4998 candidates (4%) | 276 visible | prefilter: 592 never-rises, 3277 below-hz, 107945 mag-cull
[19:20:40.238] [PARALLAX] [info] Time scale: x1 (real-time)
[19:20:40.334] [PARALLAX] [trace] Stars: 116812 total | 4998 candidates (4%) | 276 visible | prefilter: 592 never-rises, 3277 below-hz, 107945 mag-cull
[19:20:40.579] [PARALLAX] [trace] Stars: 116812 total | 4998 candidates (4%) | 276 visible | prefilter: 592 never-rises, 3277 below-hz, 107945 mag-cull
[19:20:40.828] [PARALLAX] [trace] Stars: 116812 total | 4998 candidates (4%) | 276 visible | prefilter: 592 never-rises, 3277 below-hz, 107945 mag-cull
[19:20:41.076] [PARALLAX] [trace] Stars: 116812 total | 4998 candidates (4%) | 276 visible | prefilter: 592 never-rises, 3277 below-hz, 107945 mag-cull
[19:20:41.324] [PARALLAX] [trace] Stars: 116812 total | 4998 candidates (4%) | 276 visible | prefilter: 592 never-rises, 3277 below-hz, 107945 mag-cull
[19:20:41.573] [PARALLAX] [trace] Stars: 116812 total | 4998 candidates (4%) | 276 visible | prefilter: 592 never-rises, 3277 below-hz, 107945 mag-cull
[19:20:41.823] [PARALLAX] [trace] Stars: 116812 total | 4998 candidates (4%) | 276 visible | prefilter: 592 never-rises, 3277 below-hz, 107945 mag-cull
[19:20:42.071] [PARALLAX] [trace] Stars: 116812 total | 4998 candidates (4%) | 276 visible | prefilter: 592 never-rises, 3277 below-hz, 107945 mag-cull
[19:20:42.315] [PARALLAX] [trace] Stars: 116812 total | 4998 candidates (4%) | 276 visible | prefilter: 592 never-rises, 3277 below-hz, 107945 mag-cull
[19:20:42.565] [PARALLAX] [trace] Stars: 116812 total | 4998 candidates (4%) | 276 visible | prefilter: 592 never-rises, 3277 below-hz, 107945 mag-cull
[19:20:42.813] [PARALLAX] [trace] Stars: 116812 total | 4998 candidates (4%) | 276 visible | prefilter: 592 never-rises, 3277 below-hz, 107945 mag-cull
[19:20:43.060] [PARALLAX] [trace] Stars: 116812 total | 4998 candidates (4%) | 276 visible | prefilter: 592 never-rises, 3277 below-hz, 107945 mag-cull
[19:20:43.312] [PARALLAX] [trace] Stars: 116812 total | 4998 candidates (4%) | 276 visible | prefilter: 592 never-rises, 3277 below-hz, 107945 mag-cull
[19:20:43.561] [PARALLAX] [trace] Stars: 116812 total | 4998 candidates (4%) | 276 visible | prefilter: 592 never-rises, 3277 below-hz, 107945 mag-cull
[19:20:43.811] [PARALLAX] [trace] Stars: 116812 total | 4998 candidates (4%) | 276 visible | prefilter: 592 never-rises, 3277 below-hz, 107945 mag-cull
[19:20:44.061] [PARALLAX] [trace] Stars: 116812 total | 4998 candidates (4%) | 276 visible | prefilter: 592 never-rises, 3277 below-hz, 107945 mag-cull
[19:20:44.309] [PARALLAX] [trace] Stars: 116812 total | 4998 candidates (4%) | 276 visible | prefilter: 592 never-rises, 3277 below-hz, 107945 mag-cull
[19:20:44.557] [PARALLAX] [trace] Stars: 116812 total | 4998 candidates (4%) | 276 visible | prefilter: 592 never-rises, 3277 below-hz, 107945 mag-cull
[19:20:44.805] [PARALLAX] [trace] Stars: 116812 total | 4998 candidates (4%) | 276 visible | prefilter: 592 never-rises, 3277 below-hz, 107945 mag-cull
[19:20:45.053] [PARALLAX] [trace] Stars: 116812 total | 4998 candidates (4%) | 276 visible | prefilter: 592 never-rises, 3277 below-hz, 107945 mag-cull
[19:20:45.300] [PARALLAX] [trace] Stars: 116812 total | 4998 candidates (4%) | 276 visible | prefilter: 592 never-rises, 3277 below-hz, 107945 mag-cull
[19:20:45.548] [PARALLAX] [trace] Stars: 116812 total | 4998 candidates (4%) | 276 visible | prefilter: 592 never-rises, 3277 below-hz, 107945 mag-cull
[19:20:45.796] [PARALLAX] [trace] Stars: 116812 total | 4998 candidates (4%) | 276 visible | prefilter: 592 never-rises, 3277 below-hz, 107945 mag-cull
[19:20:46.043] [PARALLAX] [trace] Stars: 116812 total | 4998 candidates (4%) | 276 visible | prefilter: 592 never-rises, 3277 below-hz, 107945 mag-cull
[19:20:46.290] [PARALLAX] [trace] Stars: 116812 total | 4998 candidates (4%) | 276 visible | prefilter: 592 never-rises, 3277 below-hz, 107945 mag-cull
[19:20:46.538] [PARALLAX] [trace] Stars: 116812 total | 4999 candidates (4%) | 276 visible | prefilter: 592 never-rises, 3276 below-hz, 107945 mag-cull
[19:20:46.788] [PARALLAX] [trace] Stars: 116812 total | 4999 candidates (4%) | 276 visible | prefilter: 592 never-rises, 3276 below-hz, 107945 mag-cull
[19:20:47.034] [PARALLAX] [trace] Stars: 116812 total | 4999 candidates (4%) | 276 visible | prefilter: 592 never-rises, 3276 below-hz, 107945 mag-cull
[19:20:47.283] [PARALLAX] [trace] Stars: 116812 total | 4999 candidates (4%) | 276 visible | prefilter: 592 never-rises, 3276 below-hz, 107945 mag-cull
[19:20:47.532] [PARALLAX] [trace] Stars: 116812 total | 4999 candidates (4%) | 276 visible | prefilter: 592 never-rises, 3276 below-hz, 107945 mag-cull
[19:20:47.782] [PARALLAX] [trace] Stars: 116812 total | 4999 candidates (4%) | 276 visible | prefilter: 592 never-rises, 3276 below-hz, 107945 mag-cull
[19:20:48.029] [PARALLAX] [trace] Stars: 116812 total | 4999 candidates (4%) | 276 visible | prefilter: 592 never-rises, 3276 below-hz, 107945 mag-cull
[19:20:48.281] [PARALLAX] [trace] Stars: 116812 total | 4999 candidates (4%) | 276 visible | prefilter: 592 never-rises, 3276 below-hz, 107945 mag-cull
[19:20:48.527] [PARALLAX] [trace] Stars: 116812 total | 4999 candidates (4%) | 276 visible | prefilter: 592 never-rises, 3276 below-hz, 107945 mag-cull
[19:20:48.777] [PARALLAX] [trace] Stars: 116812 total | 4999 candidates (4%) | 276 visible | prefilter: 592 never-rises, 3276 below-hz, 107945 mag-cull
[19:20:49.030] [PARALLAX] [trace] Stars: 116812 total | 5000 candidates (4%) | 276 visible | prefilter: 592 never-rises, 3275 below-hz, 107945 mag-cull
[19:20:49.279] [PARALLAX] [trace] Stars: 116812 total | 5000 candidates (4%) | 276 visible | prefilter: 592 never-rises, 3275 below-hz, 107945 mag-cull
[19:20:49.526] [PARALLAX] [trace] Stars: 116812 total | 5000 candidates (4%) | 276 visible | prefilter: 592 never-rises, 3275 below-hz, 107945 mag-cull
[19:20:49.771] [PARALLAX] [trace] Stars: 116812 total | 5000 candidates (4%) | 276 visible | prefilter: 592 never-rises, 3275 below-hz, 107945 mag-cull
[19:20:50.020] [PARALLAX] [trace] Stars: 116812 total | 5000 candidates (4%) | 276 visible | prefilter: 592 never-rises, 3275 below-hz, 107945 mag-cull
[19:20:50.264] [PARALLAX] [trace] Stars: 116812 total | 5000 candidates (4%) | 276 visible | prefilter: 592 never-rises, 3275 below-hz, 107945 mag-cull
[19:20:50.513] [PARALLAX] [trace] Stars: 116812 total | 5000 candidates (4%) | 276 visible | prefilter: 592 never-rises, 3275 below-hz, 107945 mag-cull
[19:20:50.760] [PARALLAX] [trace] Stars: 116812 total | 5000 candidates (4%) | 276 visible | prefilter: 592 never-rises, 3275 below-hz, 107945 mag-cull
[19:20:51.009] [PARALLAX] [trace] Stars: 116812 total | 5000 candidates (4%) | 276 visible | prefilter: 592 never-rises, 3275 below-hz, 107945 mag-cull
[19:20:51.256] [PARALLAX] [trace] Stars: 116812 total | 5000 candidates (4%) | 276 visible | prefilter: 592 never-rises, 3275 below-hz, 107945 mag-cull
[19:20:51.503] [PARALLAX] [trace] Stars: 116812 total | 5000 candidates (4%) | 276 visible | prefilter: 592 never-rises, 3275 below-hz, 107945 mag-cull
[19:20:51.749] [PARALLAX] [trace] Stars: 116812 total | 5000 candidates (4%) | 276 visible | prefilter: 592 never-rises, 3275 below-hz, 107945 mag-cull
[19:20:51.995] [PARALLAX] [trace] Stars: 116812 total | 5000 candidates (4%) | 276 visible | prefilter: 592 never-rises, 3275 below-hz, 107945 mag-cull
[19:20:52.244] [PARALLAX] [trace] Stars: 116812 total | 5000 candidates (4%) | 276 visible | prefilter: 592 never-rises, 3275 below-hz, 107945 mag-cull
[19:20:52.495] [PARALLAX] [trace] Stars: 116812 total | 5000 candidates (4%) | 276 visible | prefilter: 592 never-rises, 3275 below-hz, 107945 mag-cull
[19:20:52.742] [PARALLAX] [trace] Stars: 116812 total | 5000 candidates (4%) | 276 visible | prefilter: 592 never-rises, 3275 below-hz, 107945 mag-cull
[19:20:52.990] [PARALLAX] [trace] Stars: 116812 total | 5000 candidates (4%) | 276 visible | prefilter: 592 never-rises, 3275 below-hz, 107945 mag-cull
[19:20:53.235] [PARALLAX] [trace] Stars: 116812 total | 5000 candidates (4%) | 276 visible | prefilter: 592 never-rises, 3275 below-hz, 107945 mag-cull
[19:20:53.483] [PARALLAX] [trace] Stars: 116812 total | 5000 candidates (4%) | 276 visible | prefilter: 592 never-rises, 3275 below-hz, 107945 mag-cull
[19:20:53.735] [PARALLAX] [trace] Stars: 116812 total | 5000 candidates (4%) | 276 visible | prefilter: 592 never-rises, 3275 below-hz, 107945 mag-cull
[19:20:53.982] [PARALLAX] [trace] Stars: 116812 total | 5000 candidates (4%) | 276 visible | prefilter: 592 never-rises, 3275 below-hz, 107945 mag-cull
[19:20:54.229] [PARALLAX] [trace] Stars: 116812 total | 5000 candidates (4%) | 276 visible | prefilter: 592 never-rises, 3275 below-hz, 107945 mag-cull
[19:20:54.481] [PARALLAX] [trace] Stars: 116812 total | 5000 candidates (4%) | 276 visible | prefilter: 592 never-rises, 3275 below-hz, 107945 mag-cull
[19:20:54.728] [PARALLAX] [trace] Stars: 116812 total | 5000 candidates (4%) | 276 visible | prefilter: 592 never-rises, 3275 below-hz, 107945 mag-cull
[19:20:54.978] [PARALLAX] [trace] Stars: 116812 total | 5000 candidates (4%) | 276 visible | prefilter: 592 never-rises, 3275 below-hz, 107945 mag-cull
[19:20:55.224] [PARALLAX] [trace] Stars: 116812 total | 5000 candidates (4%) | 276 visible | prefilter: 592 never-rises, 3275 below-hz, 107945 mag-cull
[19:20:55.469] [PARALLAX] [trace] Stars: 116812 total | 5000 candidates (4%) | 276 visible | prefilter: 592 never-rises, 3275 below-hz, 107945 mag-cull
[19:20:55.718] [PARALLAX] [trace] Stars: 116812 total | 5000 candidates (4%) | 276 visible | prefilter: 592 never-rises, 3275 below-hz, 107945 mag-cull
[19:20:55.968] [PARALLAX] [trace] Stars: 116812 total | 5000 candidates (4%) | 276 visible | prefilter: 592 never-rises, 3275 below-hz, 107945 mag-cull
[19:20:56.214] [PARALLAX] [trace] Stars: 116812 total | 5000 candidates (4%) | 276 visible | prefilter: 592 never-rises, 3275 below-hz, 107945 mag-cull
[19:20:56.463] [PARALLAX] [trace] Stars: 116812 total | 5000 candidates (4%) | 276 visible | prefilter: 592 never-rises, 3275 below-hz, 107945 mag-cull
[19:20:56.712] [PARALLAX] [trace] Stars: 116812 total | 5000 candidates (4%) | 276 visible | prefilter: 592 never-rises, 3275 below-hz, 107945 mag-cull
[19:20:56.963] [PARALLAX] [trace] Stars: 116812 total | 5000 candidates (4%) | 276 visible | prefilter: 592 never-rises, 3275 below-hz, 107945 mag-cull
[19:20:57.203] [PARALLAX] [trace] Stars: 116812 total | 5000 candidates (4%) | 276 visible | prefilter: 592 never-rises, 3275 below-hz, 107945 mag-cull
[19:20:57.447] [PARALLAX] [trace] Stars: 116812 total | 5000 candidates (4%) | 276 visible | prefilter: 592 never-rises, 3275 below-hz, 107945 mag-cull
[19:20:57.692] [PARALLAX] [trace] Stars: 116812 total | 5000 candidates (4%) | 276 visible | prefilter: 592 never-rises, 3275 below-hz, 107945 mag-cull
[19:20:57.940] [PARALLAX] [trace] Stars: 116812 total | 5000 candidates (4%) | 276 visible | prefilter: 592 never-rises, 3275 below-hz, 107945 mag-cull
[19:20:58.185] [PARALLAX] [trace] Stars: 116812 total | 5000 candidates (4%) | 276 visible | prefilter: 592 never-rises, 3275 below-hz, 107945 mag-cull
[19:20:58.432] [PARALLAX] [trace] Stars: 116812 total | 5000 candidates (4%) | 276 visible | prefilter: 592 never-rises, 3275 below-hz, 107945 mag-cull
[19:20:58.681] [PARALLAX] [trace] Stars: 116812 total | 5000 candidates (4%) | 276 visible | prefilter: 592 never-rises, 3275 below-hz, 107945 mag-cull
[19:20:58.930] [PARALLAX] [trace] Stars: 116812 total | 5000 candidates (4%) | 276 visible | prefilter: 592 never-rises, 3275 below-hz, 107945 mag-cull
[19:20:59.177] [PARALLAX] [trace] Stars: 116812 total | 5000 candidates (4%) | 276 visible | prefilter: 592 never-rises, 3275 below-hz, 107945 mag-cull
[19:20:59.425] [PARALLAX] [trace] Stars: 116812 total | 5000 candidates (4%) | 276 visible | prefilter: 592 never-rises, 3275 below-hz, 107945 mag-cull
[19:20:59.682] [PARALLAX] [trace] Stars: 116812 total | 5000 candidates (4%) | 276 visible | prefilter: 592 never-rises, 3275 below-hz, 107945 mag-cull
[19:20:59.927] [PARALLAX] [trace] Stars: 116812 total | 5000 candidates (4%) | 276 visible | prefilter: 592 never-rises, 3275 below-hz, 107945 mag-cull
[19:21:00.177] [PARALLAX] [trace] Stars: 116812 total | 5000 candidates (4%) | 276 visible | prefilter: 592 never-rises, 3275 below-hz, 107945 mag-cull
[19:21:00.424] [PARALLAX] [trace] Stars: 116812 total | 5000 candidates (4%) | 276 visible | prefilter: 592 never-rises, 3275 below-hz, 107945 mag-cull
[19:21:00.674] [PARALLAX] [trace] Stars: 116812 total | 5000 candidates (4%) | 276 visible | prefilter: 592 never-rises, 3275 below-hz, 107945 mag-cull
[19:21:00.922] [PARALLAX] [trace] Stars: 116812 total | 5000 candidates (4%) | 276 visible | prefilter: 592 never-rises, 3275 below-hz, 107945 mag-cull
[19:21:01.173] [PARALLAX] [trace] Stars: 116812 total | 5000 candidates (4%) | 276 visible | prefilter: 592 never-rises, 3275 below-hz, 107945 mag-cull
[19:21:01.427] [PARALLAX] [trace] Stars: 116812 total | 5000 candidates (4%) | 276 visible | prefilter: 592 never-rises, 3275 below-hz, 107945 mag-cull
[19:21:01.675] [PARALLAX] [trace] Stars: 116812 total | 5000 candidates (4%) | 276 visible | prefilter: 592 never-rises, 3275 below-hz, 107945 mag-cull
[19:21:01.928] [PARALLAX] [trace] Stars: 116812 total | 5000 candidates (4%) | 276 visible | prefilter: 592 never-rises, 3275 below-hz, 107945 mag-cull
[19:21:02.177] [PARALLAX] [trace] Stars: 116812 total | 5001 candidates (4%) | 276 visible | prefilter: 592 never-rises, 3274 below-hz, 107945 mag-cull
[19:21:02.429] [PARALLAX] [trace] Stars: 116812 total | 5001 candidates (4%) | 276 visible | prefilter: 592 never-rises, 3274 below-hz, 107945 mag-cull
[19:21:02.679] [PARALLAX] [trace] Stars: 116812 total | 5001 candidates (4%) | 276 visible | prefilter: 592 never-rises, 3274 below-hz, 107945 mag-cull
[19:21:02.929] [PARALLAX] [trace] Stars: 116812 total | 5001 candidates (4%) | 276 visible | prefilter: 592 never-rises, 3274 below-hz, 107945 mag-cull
[19:21:03.181] [PARALLAX] [trace] Stars: 116812 total | 5001 candidates (4%) | 276 visible | prefilter: 592 never-rises, 3274 below-hz, 107945 mag-cull
[19:21:03.430] [PARALLAX] [trace] Stars: 116812 total | 5001 candidates (4%) | 276 visible | prefilter: 592 never-rises, 3274 below-hz, 107945 mag-cull
[19:21:03.681] [PARALLAX] [trace] Stars: 116812 total | 5001 candidates (4%) | 276 visible | prefilter: 592 never-rises, 3274 below-hz, 107945 mag-cull
[19:21:03.928] [PARALLAX] [trace] Stars: 116812 total | 5001 candidates (4%) | 276 visible | prefilter: 592 never-rises, 3274 below-hz, 107945 mag-cull
[19:21:04.177] [PARALLAX] [trace] Stars: 116812 total | 5001 candidates (4%) | 276 visible | prefilter: 592 never-rises, 3274 below-hz, 107945 mag-cull
[19:21:04.429] [PARALLAX] [trace] Stars: 116812 total | 5001 candidates (4%) | 276 visible | prefilter: 592 never-rises, 3274 below-hz, 107945 mag-cull
[19:21:04.677] [PARALLAX] [trace] Stars: 116812 total | 5001 candidates (4%) | 276 visible | prefilter: 592 never-rises, 3274 below-hz, 107945 mag-cull
[19:21:04.925] [PARALLAX] [trace] Stars: 116812 total | 5001 candidates (4%) | 276 visible | prefilter: 592 never-rises, 3274 below-hz, 107945 mag-cull
[19:21:05.172] [PARALLAX] [trace] Stars: 116812 total | 5001 candidates (4%) | 276 visible | prefilter: 592 never-rises, 3274 below-hz, 107945 mag-cull
[19:21:05.423] [PARALLAX] [trace] Stars: 116812 total | 5001 candidates (4%) | 276 visible | prefilter: 592 never-rises, 3274 below-hz, 107945 mag-cull
[19:21:05.674] [PARALLAX] [trace] Stars: 116812 total | 5001 candidates (4%) | 276 visible | prefilter: 592 never-rises, 3274 below-hz, 107945 mag-cull
[19:21:05.920] [PARALLAX] [trace] Stars: 116812 total | 5001 candidates (4%) | 276 visible | prefilter: 592 never-rises, 3274 below-hz, 107945 mag-cull
[19:21:06.165] [PARALLAX] [trace] Stars: 116812 total | 5001 candidates (4%) | 276 visible | prefilter: 592 never-rises, 3274 below-hz, 107945 mag-cull
[19:21:06.414] [PARALLAX] [trace] Stars: 116812 total | 5001 candidates (4%) | 276 visible | prefilter: 592 never-rises, 3274 below-hz, 107945 mag-cull
[19:21:06.661] [PARALLAX] [trace] Stars: 116812 total | 5001 candidates (4%) | 276 visible | prefilter: 592 never-rises, 3274 below-hz, 107945 mag-cull
[19:21:06.910] [PARALLAX] [trace] Stars: 116812 total | 5001 candidates (4%) | 276 visible | prefilter: 592 never-rises, 3274 below-hz, 107945 mag-cull
[19:21:07.157] [PARALLAX] [trace] Stars: 116812 total | 5001 candidates (4%) | 276 visible | prefilter: 592 never-rises, 3274 below-hz, 107945 mag-cull
[19:21:07.406] [PARALLAX] [trace] Stars: 116812 total | 5000 candidates (4%) | 276 visible | prefilter: 592 never-rises, 3275 below-hz, 107945 mag-cull
[19:21:07.658] [PARALLAX] [trace] Stars: 116812 total | 5000 candidates (4%) | 276 visible | prefilter: 592 never-rises, 3275 below-hz, 107945 mag-cull
[19:21:07.903] [PARALLAX] [trace] Stars: 116812 total | 5000 candidates (4%) | 276 visible | prefilter: 592 never-rises, 3275 below-hz, 107945 mag-cull
[19:21:08.148] [PARALLAX] [trace] Stars: 116812 total | 5000 candidates (4%) | 276 visible | prefilter: 592 never-rises, 3275 below-hz, 107945 mag-cull
[19:21:08.395] [PARALLAX] [trace] Stars: 116812 total | 5000 candidates (4%) | 276 visible | prefilter: 592 never-rises, 3275 below-hz, 107945 mag-cull
[19:21:08.639] [PARALLAX] [trace] Stars: 116812 total | 5000 candidates (4%) | 276 visible | prefilter: 592 never-rises, 3275 below-hz, 107945 mag-cull
[19:21:08.897] [PARALLAX] [trace] Stars: 116812 total | 5000 candidates (4%) | 276 visible | prefilter: 592 never-rises, 3275 below-hz, 107945 mag-cull
[19:21:09.170] [PARALLAX] [trace] Stars: 116812 total | 5000 candidates (4%) | 276 visible | prefilter: 592 never-rises, 3275 below-hz, 107945 mag-cull
[19:21:09.422] [PARALLAX] [trace] Stars: 116812 total | 5000 candidates (4%) | 276 visible | prefilter: 592 never-rises, 3275 below-hz, 107945 mag-cull
[19:21:09.668] [PARALLAX] [trace] Stars: 116812 total | 5000 candidates (4%) | 276 visible | prefilter: 592 never-rises, 3275 below-hz, 107945 mag-cull
[19:21:09.916] [PARALLAX] [trace] Stars: 116812 total | 5000 candidates (4%) | 276 visible | prefilter: 592 never-rises, 3275 below-hz, 107945 mag-cull
[19:21:10.163] [PARALLAX] [trace] Stars: 116812 total | 5000 candidates (4%) | 276 visible | prefilter: 592 never-rises, 3275 below-hz, 107945 mag-cull
[19:21:10.411] [PARALLAX] [trace] Stars: 116812 total | 5000 candidates (4%) | 276 visible | prefilter: 592 never-rises, 3275 below-hz, 107945 mag-cull
[19:21:10.657] [PARALLAX] [trace] Stars: 116812 total | 5000 candidates (4%) | 276 visible | prefilter: 592 never-rises, 3275 below-hz, 107945 mag-cull
[19:21:10.926] [PARALLAX] [trace] Stars: 116812 total | 5000 candidates (4%) | 276 visible | prefilter: 592 never-rises, 3275 below-hz, 107945 mag-cull
[19:21:11.184] [PARALLAX] [trace] Stars: 116812 total | 5000 candidates (4%) | 276 visible | prefilter: 592 never-rises, 3275 below-hz, 107945 mag-cull
[19:21:11.437] [PARALLAX] [trace] Stars: 116812 total | 5000 candidates (4%) | 276 visible | prefilter: 592 never-rises, 3275 below-hz, 107945 mag-cull
[19:21:11.698] [PARALLAX] [trace] Stars: 116812 total | 5000 candidates (4%) | 276 visible | prefilter: 592 never-rises, 3275 below-hz, 107945 mag-cull
[19:21:11.957] [PARALLAX] [trace] Stars: 116812 total | 5000 candidates (4%) | 276 visible | prefilter: 592 never-rises, 3275 below-hz, 107945 mag-cull
[19:21:12.203] [PARALLAX] [trace] Stars: 116812 total | 5001 candidates (4%) | 276 visible | prefilter: 592 never-rises, 3274 below-hz, 107945 mag-cull
[19:21:12.448] [PARALLAX] [trace] Stars: 116812 total | 5001 candidates (4%) | 276 visible | prefilter: 592 never-rises, 3274 below-hz, 107945 mag-cull
[19:21:12.696] [PARALLAX] [trace] Stars: 116812 total | 5001 candidates (4%) | 276 visible | prefilter: 592 never-rises, 3274 below-hz, 107945 mag-cull
[19:21:12.948] [PARALLAX] [trace] Stars: 116812 total | 5001 candidates (4%) | 276 visible | prefilter: 592 never-rises, 3274 below-hz, 107945 mag-cull
[19:21:13.203] [PARALLAX] [trace] Stars: 116812 total | 5001 candidates (4%) | 276 visible | prefilter: 592 never-rises, 3274 below-hz, 107945 mag-cull
[19:21:13.480] [PARALLAX] [trace] Stars: 116812 total | 5001 candidates (4%) | 276 visible | prefilter: 592 never-rises, 3274 below-hz, 107945 mag-cull
[19:21:13.733] [PARALLAX] [trace] Stars: 116812 total | 5001 candidates (4%) | 276 visible | prefilter: 592 never-rises, 3274 below-hz, 107945 mag-cull
[19:21:13.981] [PARALLAX] [trace] Stars: 116812 total | 5001 candidates (4%) | 276 visible | prefilter: 592 never-rises, 3274 below-hz, 107945 mag-cull
[19:21:14.230] [PARALLAX] [trace] Stars: 116812 total | 5001 candidates (4%) | 276 visible | prefilter: 592 never-rises, 3274 below-hz, 107945 mag-cull
[19:21:14.477] [PARALLAX] [trace] Stars: 116812 total | 5001 candidates (4%) | 276 visible | prefilter: 592 never-rises, 3274 below-hz, 107945 mag-cull
[19:21:14.725] [PARALLAX] [trace] Stars: 116812 total | 5001 candidates (4%) | 276 visible | prefilter: 592 never-rises, 3274 below-hz, 107945 mag-cull
[19:21:14.968] [PARALLAX] [trace] Stars: 116812 total | 5001 candidates (4%) | 276 visible | prefilter: 592 never-rises, 3274 below-hz, 107945 mag-cull
[19:21:15.214] [PARALLAX] [trace] Stars: 116812 total | 5001 candidates (4%) | 276 visible | prefilter: 592 never-rises, 3274 below-hz, 107945 mag-cull
[19:21:15.463] [PARALLAX] [trace] Stars: 116812 total | 5001 candidates (4%) | 276 visible | prefilter: 592 never-rises, 3274 below-hz, 107945 mag-cull
[19:21:15.712] [PARALLAX] [trace] Stars: 116812 total | 5001 candidates (4%) | 276 visible | prefilter: 592 never-rises, 3274 below-hz, 107945 mag-cull
[19:21:15.996] [PARALLAX] [trace] Stars: 116812 total | 5001 candidates (4%) | 276 visible | prefilter: 592 never-rises, 3274 below-hz, 107945 mag-cull
[19:21:16.255] [PARALLAX] [trace] Stars: 116812 total | 5001 candidates (4%) | 276 visible | prefilter: 592 never-rises, 3274 below-hz, 107945 mag-cull
[19:21:16.524] [PARALLAX] [trace] Stars: 116812 total | 5001 candidates (4%) | 276 visible | prefilter: 592 never-rises, 3274 below-hz, 107945 mag-cull
[19:21:16.774] [PARALLAX] [trace] Stars: 116812 total | 5001 candidates (4%) | 276 visible | prefilter: 592 never-rises, 3274 below-hz, 107945 mag-cull
[19:21:17.024] [PARALLAX] [trace] Stars: 116812 total | 5001 candidates (4%) | 276 visible | prefilter: 592 never-rises, 3274 below-hz, 107945 mag-cull
[19:21:17.263] [PARALLAX] [info] Bortle scale: 2
[19:21:17.284] [PARALLAX] [trace] Stars: 116812 total | 5001 candidates (4%) | 276 visible | prefilter: 592 never-rises, 3274 below-hz, 107945 mag-cull
[19:21:17.524] [PARALLAX] [info] Bortle scale: 3
[19:21:17.549] [PARALLAX] [trace] Stars: 116812 total | 5001 candidates (4%) | 276 visible | prefilter: 592 never-rises, 3274 below-hz, 107945 mag-cull
[19:21:17.691] [PARALLAX] [info] Bortle scale: 4
[19:21:17.795] [PARALLAX] [trace] Stars: 116812 total | 5001 candidates (4%) | 276 visible | prefilter: 592 never-rises, 3274 below-hz, 107945 mag-cull
[19:21:17.869] [PARALLAX] [info] Bortle scale: 5
[19:21:18.046] [PARALLAX] [trace] Stars: 116812 total | 5001 candidates (4%) | 276 visible | prefilter: 592 never-rises, 3274 below-hz, 107945 mag-cull
[19:21:18.047] [PARALLAX] [info] Bortle scale: 6
[19:21:18.297] [PARALLAX] [trace] Stars: 116812 total | 5001 candidates (4%) | 276 visible | prefilter: 592 never-rises, 3274 below-hz, 107945 mag-cull
[19:21:18.430] [PARALLAX] [info] Bortle scale: 7
[19:21:18.550] [PARALLAX] [trace] Stars: 116812 total | 5001 candidates (4%) | 276 visible | prefilter: 592 never-rises, 3274 below-hz, 107945 mag-cull
[19:21:18.797] [PARALLAX] [trace] Stars: 116812 total | 5001 candidates (4%) | 276 visible | prefilter: 592 never-rises, 3274 below-hz, 107945 mag-cull
[19:21:18.812] [PARALLAX] [info] Bortle scale: 8
[19:21:19.046] [PARALLAX] [trace] Stars: 116812 total | 5001 candidates (4%) | 276 visible | prefilter: 592 never-rises, 3274 below-hz, 107945 mag-cull
[19:21:19.175] [PARALLAX] [info] Bortle scale: 9
[19:21:19.299] [PARALLAX] [trace] Stars: 116812 total | 5001 candidates (4%) | 276 visible | prefilter: 592 never-rises, 3274 below-hz, 107945 mag-cull
[19:21:19.547] [PARALLAX] [trace] Stars: 116812 total | 5001 candidates (4%) | 276 visible | prefilter: 592 never-rises, 3274 below-hz, 107945 mag-cull
[19:21:19.582] [PARALLAX] [info] Bortle scale: 1
[19:21:19.796] [PARALLAX] [trace] Stars: 116812 total | 5001 candidates (4%) | 276 visible | prefilter: 592 never-rises, 3274 below-hz, 107945 mag-cull
[19:21:20.041] [PARALLAX] [trace] Stars: 116812 total | 5001 candidates (4%) | 276 visible | prefilter: 592 never-rises, 3274 below-hz, 107945 mag-cull
[19:21:20.287] [PARALLAX] [trace] Stars: 116812 total | 5001 candidates (4%) | 276 visible | prefilter: 592 never-rises, 3274 below-hz, 107945 mag-cull
[19:21:20.537] [PARALLAX] [trace] Stars: 116812 total | 5001 candidates (4%) | 276 visible | prefilter: 592 never-rises, 3274 below-hz, 107945 mag-cull
[19:21:20.790] [PARALLAX] [trace] Stars: 116812 total | 5001 candidates (4%) | 276 visible | prefilter: 592 never-rises, 3274 below-hz, 107945 mag-cull
[19:21:21.067] [PARALLAX] [trace] Stars: 116812 total | 5001 candidates (4%) | 276 visible | prefilter: 592 never-rises, 3274 below-hz, 107945 mag-cull
[19:21:21.324] [PARALLAX] [trace] Stars: 116812 total | 5001 candidates (4%) | 276 visible | prefilter: 592 never-rises, 3274 below-hz, 107945 mag-cull
[19:21:21.568] [PARALLAX] [trace] Stars: 116812 total | 5000 candidates (4%) | 276 visible | prefilter: 592 never-rises, 3275 below-hz, 107945 mag-cull
[19:21:21.812] [PARALLAX] [trace] Stars: 116812 total | 5000 candidates (4%) | 276 visible | prefilter: 592 never-rises, 3275 below-hz, 107945 mag-cull
[19:21:22.057] [PARALLAX] [trace] Stars: 116812 total | 5000 candidates (4%) | 276 visible | prefilter: 592 never-rises, 3275 below-hz, 107945 mag-cull
[19:21:22.303] [PARALLAX] [trace] Stars: 116812 total | 5000 candidates (4%) | 276 visible | prefilter: 592 never-rises, 3275 below-hz, 107945 mag-cull
[19:21:22.548] [PARALLAX] [trace] Stars: 116812 total | 5000 candidates (4%) | 276 visible | prefilter: 592 never-rises, 3275 below-hz, 107945 mag-cull
[19:21:22.796] [PARALLAX] [trace] Stars: 116812 total | 5000 candidates (4%) | 276 visible | prefilter: 592 never-rises, 3275 below-hz, 107945 mag-cull
[19:21:23.051] [PARALLAX] [trace] Stars: 116812 total | 5000 candidates (4%) | 276 visible | prefilter: 592 never-rises, 3275 below-hz, 107945 mag-cull
[19:21:23.309] [PARALLAX] [trace] Stars: 116812 total | 5000 candidates (4%) | 276 visible | prefilter: 592 never-rises, 3275 below-hz, 107945 mag-cull
[19:21:23.564] [PARALLAX] [trace] Stars: 116812 total | 5000 candidates (4%) | 276 visible | prefilter: 592 never-rises, 3275 below-hz, 107945 mag-cull
[19:21:23.810] [PARALLAX] [trace] Stars: 116812 total | 5000 candidates (4%) | 276 visible | prefilter: 592 never-rises, 3275 below-hz, 107945 mag-cull
[19:21:24.073] [PARALLAX] [trace] Stars: 116812 total | 5000 candidates (4%) | 276 visible | prefilter: 592 never-rises, 3275 below-hz, 107945 mag-cull
[19:21:24.347] [PARALLAX] [trace] Stars: 116812 total | 5000 candidates (4%) | 276 visible | prefilter: 592 never-rises, 3275 below-hz, 107945 mag-cull
[19:21:24.627] [PARALLAX] [trace] Stars: 116812 total | 5000 candidates (4%) | 276 visible | prefilter: 592 never-rises, 3275 below-hz, 107945 mag-cull
[19:21:25.573] [PARALLAX] [trace] Stars: 116812 total | 5000 candidates (4%) | 276 visible | prefilter: 592 never-rises, 3275 below-hz, 107945 mag-cull
[19:21:25.844] [PARALLAX] [trace] Stars: 116812 total | 5000 candidates (4%) | 276 visible | prefilter: 592 never-rises, 3275 below-hz, 107945 mag-cull
[19:21:26.120] [PARALLAX] [trace] Stars: 116812 total | 5000 candidates (4%) | 276 visible | prefilter: 592 never-rises, 3275 below-hz, 107945 mag-cull
[19:21:26.384] [PARALLAX] [trace] Stars: 116812 total | 5000 candidates (4%) | 284 visible | prefilter: 592 never-rises, 3275 below-hz, 107945 mag-cull
[19:21:26.642] [PARALLAX] [trace] Stars: 116812 total | 5000 candidates (4%) | 293 visible | prefilter: 592 never-rises, 3275 below-hz, 107945 mag-cull
[19:21:26.902] [PARALLAX] [trace] Stars: 116812 total | 5000 candidates (4%) | 293 visible | prefilter: 592 never-rises, 3275 below-hz, 107945 mag-cull
[19:21:27.179] [PARALLAX] [trace] Stars: 116812 total | 5000 candidates (4%) | 293 visible | prefilter: 592 never-rises, 3275 below-hz, 107945 mag-cull
[19:21:27.458] [PARALLAX] [trace] Stars: 116812 total | 5000 candidates (4%) | 293 visible | prefilter: 592 never-rises, 3275 below-hz, 107945 mag-cull
[19:21:27.737] [PARALLAX] [trace] Stars: 116812 total | 5000 candidates (4%) | 308 visible | prefilter: 592 never-rises, 3275 below-hz, 107945 mag-cull
[19:21:28.011] [PARALLAX] [trace] Stars: 116812 total | 5000 candidates (4%) | 308 visible | prefilter: 592 never-rises, 3275 below-hz, 107945 mag-cull
[19:21:28.272] [PARALLAX] [trace] Stars: 116812 total | 5000 candidates (4%) | 308 visible | prefilter: 592 never-rises, 3275 below-hz, 107945 mag-cull
[19:21:28.523] [PARALLAX] [trace] Stars: 116812 total | 5000 candidates (4%) | 308 visible | prefilter: 592 never-rises, 3275 below-hz, 107945 mag-cull
[19:21:28.773] [PARALLAX] [trace] Stars: 116812 total | 5000 candidates (4%) | 308 visible | prefilter: 592 never-rises, 3275 below-hz, 107945 mag-cull
[19:21:29.024] [PARALLAX] [trace] Stars: 116812 total | 5000 candidates (4%) | 308 visible | prefilter: 592 never-rises, 3275 below-hz, 107945 mag-cull
[19:21:29.272] [PARALLAX] [trace] Stars: 116812 total | 5000 candidates (4%) | 308 visible | prefilter: 592 never-rises, 3275 below-hz, 107945 mag-cull
[19:21:29.547] [PARALLAX] [trace] Stars: 116812 total | 5001 candidates (4%) | 308 visible | prefilter: 592 never-rises, 3274 below-hz, 107945 mag-cull
[19:21:29.817] [PARALLAX] [trace] Stars: 116812 total | 5001 candidates (4%) | 331 visible | prefilter: 592 never-rises, 3274 below-hz, 107945 mag-cull
[19:21:30.088] [PARALLAX] [trace] Stars: 116812 total | 5001 candidates (4%) | 372 visible | prefilter: 592 never-rises, 3274 below-hz, 107945 mag-cull
[19:21:30.345] [PARALLAX] [trace] Stars: 116812 total | 3074 candidates (3%) | 508 visible | prefilter: 370 never-rises, 2017 below-hz, 111351 mag-cull
[19:21:30.517] [PARALLAX] [trace] Stars: 116812 total | 1512 candidates (1%) | 571 visible | prefilter: 183 never-rises, 1035 below-hz, 114082 mag-cull
[19:21:30.664] [PARALLAX] [trace] Stars: 116812 total | 1201 candidates (1%) | 509 visible | prefilter: 137 never-rises, 834 below-hz, 114640 mag-cull
[19:21:30.786] [PARALLAX] [trace] Stars: 116812 total | 874 candidates (1%) | 450 visible | prefilter: 99 never-rises, 632 below-hz, 115207 mag-cull
[19:21:30.902] [PARALLAX] [trace] Stars: 116812 total | 874 candidates (1%) | 450 visible | prefilter: 99 never-rises, 632 below-hz, 115207 mag-cull
[19:21:31.017] [PARALLAX] [trace] Stars: 116812 total | 874 candidates (1%) | 450 visible | prefilter: 99 never-rises, 632 below-hz, 115207 mag-cull
[19:21:31.133] [PARALLAX] [trace] Stars: 116812 total | 874 candidates (1%) | 450 visible | prefilter: 99 never-rises, 632 below-hz, 115207 mag-cull
[19:21:31.251] [PARALLAX] [trace] Stars: 116812 total | 874 candidates (1%) | 450 visible | prefilter: 99 never-rises, 632 below-hz, 115207 mag-cull
[19:21:31.372] [PARALLAX] [trace] Stars: 116812 total | 874 candidates (1%) | 450 visible | prefilter: 99 never-rises, 632 below-hz, 115207 mag-cull
[19:21:31.508] [PARALLAX] [trace] Stars: 116812 total | 874 candidates (1%) | 450 visible | prefilter: 99 never-rises, 632 below-hz, 115207 mag-cull
[19:21:31.633] [PARALLAX] [trace] Stars: 116812 total | 874 candidates (1%) | 450 visible | prefilter: 99 never-rises, 632 below-hz, 115207 mag-cull
[19:21:31.761] [PARALLAX] [trace] Stars: 116812 total | 874 candidates (1%) | 462 visible | prefilter: 99 never-rises, 632 below-hz, 115207 mag-cull
[19:21:31.885] [PARALLAX] [trace] Stars: 116812 total | 874 candidates (1%) | 461 visible | prefilter: 99 never-rises, 632 below-hz, 115207 mag-cull
[19:21:31.999] [PARALLAX] [trace] Stars: 116812 total | 874 candidates (1%) | 461 visible | prefilter: 99 never-rises, 632 below-hz, 115207 mag-cull
[19:21:32.113] [PARALLAX] [trace] Stars: 116812 total | 874 candidates (1%) | 461 visible | prefilter: 99 never-rises, 632 below-hz, 115207 mag-cull
[19:21:32.231] [PARALLAX] [trace] Stars: 116812 total | 874 candidates (1%) | 466 visible | prefilter: 99 never-rises, 632 below-hz, 115207 mag-cull
[19:21:32.357] [PARALLAX] [trace] Stars: 116812 total | 874 candidates (1%) | 449 visible | prefilter: 99 never-rises, 632 below-hz, 115207 mag-cull
[19:21:32.482] [PARALLAX] [trace] Stars: 116812 total | 874 candidates (1%) | 447 visible | prefilter: 99 never-rises, 632 below-hz, 115207 mag-cull
[19:21:32.596] [PARALLAX] [trace] Stars: 116812 total | 874 candidates (1%) | 449 visible | prefilter: 99 never-rises, 632 below-hz, 115207 mag-cull
[19:21:32.717] [PARALLAX] [trace] Stars: 116812 total | 874 candidates (1%) | 448 visible | prefilter: 99 never-rises, 632 below-hz, 115207 mag-cull
[19:21:32.842] [PARALLAX] [trace] Stars: 116812 total | 874 candidates (1%) | 463 visible | prefilter: 99 never-rises, 632 below-hz, 115207 mag-cull
[19:21:32.967] [PARALLAX] [trace] Stars: 116812 total | 874 candidates (1%) | 467 visible | prefilter: 99 never-rises, 632 below-hz, 115207 mag-cull
[19:21:33.094] [PARALLAX] [trace] Stars: 116812 total | 874 candidates (1%) | 465 visible | prefilter: 99 never-rises, 632 below-hz, 115207 mag-cull
[19:21:33.212] [PARALLAX] [trace] Stars: 116812 total | 874 candidates (1%) | 466 visible | prefilter: 99 never-rises, 632 below-hz, 115207 mag-cull
[19:21:33.335] [PARALLAX] [trace] Stars: 116812 total | 874 candidates (1%) | 462 visible | prefilter: 99 never-rises, 632 below-hz, 115207 mag-cull
[19:21:33.475] [PARALLAX] [trace] Stars: 116812 total | 874 candidates (1%) | 462 visible | prefilter: 99 never-rises, 632 below-hz, 115207 mag-cull
[19:21:33.606] [PARALLAX] [trace] Stars: 116812 total | 874 candidates (1%) | 461 visible | prefilter: 99 never-rises, 632 below-hz, 115207 mag-cull
[19:21:33.733] [PARALLAX] [trace] Stars: 116812 total | 874 candidates (1%) | 458 visible | prefilter: 99 never-rises, 632 below-hz, 115207 mag-cull
[19:21:33.853] [PARALLAX] [trace] Stars: 116812 total | 874 candidates (1%) | 459 visible | prefilter: 99 never-rises, 632 below-hz, 115207 mag-cull
[19:21:33.971] [PARALLAX] [trace] Stars: 116812 total | 874 candidates (1%) | 459 visible | prefilter: 99 never-rises, 632 below-hz, 115207 mag-cull
[19:21:34.093] [PARALLAX] [trace] Stars: 116812 total | 874 candidates (1%) | 456 visible | prefilter: 99 never-rises, 632 below-hz, 115207 mag-cull
[19:21:34.217] [PARALLAX] [trace] Stars: 116812 total | 874 candidates (1%) | 462 visible | prefilter: 99 never-rises, 632 below-hz, 115207 mag-cull
[19:21:34.342] [PARALLAX] [trace] Stars: 116812 total | 874 candidates (1%) | 453 visible | prefilter: 99 never-rises, 632 below-hz, 115207 mag-cull
[19:21:34.463] [PARALLAX] [trace] Stars: 116812 total | 874 candidates (1%) | 446 visible | prefilter: 99 never-rises, 632 below-hz, 115207 mag-cull
[19:21:34.590] [PARALLAX] [trace] Stars: 116812 total | 874 candidates (1%) | 447 visible | prefilter: 99 never-rises, 632 below-hz, 115207 mag-cull
[19:21:34.706] [PARALLAX] [trace] Stars: 116812 total | 874 candidates (1%) | 448 visible | prefilter: 99 never-rises, 632 below-hz, 115207 mag-cull
[19:21:34.831] [PARALLAX] [trace] Stars: 116812 total | 874 candidates (1%) | 442 visible | prefilter: 99 never-rises, 632 below-hz, 115207 mag-cull
[19:21:34.953] [PARALLAX] [trace] Stars: 116812 total | 874 candidates (1%) | 451 visible | prefilter: 99 never-rises, 632 below-hz, 115207 mag-cull
[19:21:35.072] [PARALLAX] [trace] Stars: 116812 total | 874 candidates (1%) | 451 visible | prefilter: 99 never-rises, 632 below-hz, 115207 mag-cull
[19:21:35.191] [PARALLAX] [trace] Stars: 116812 total | 874 candidates (1%) | 454 visible | prefilter: 99 never-rises, 632 below-hz, 115207 mag-cull
[19:21:35.313] [PARALLAX] [trace] Stars: 116812 total | 874 candidates (1%) | 464 visible | prefilter: 99 never-rises, 632 below-hz, 115207 mag-cull
[19:21:35.441] [PARALLAX] [trace] Stars: 116812 total | 874 candidates (1%) | 464 visible | prefilter: 99 never-rises, 632 below-hz, 115207 mag-cull
[19:21:35.580] [PARALLAX] [trace] Stars: 116812 total | 874 candidates (1%) | 464 visible | prefilter: 99 never-rises, 632 below-hz, 115207 mag-cull
[19:21:35.719] [PARALLAX] [trace] Stars: 116812 total | 874 candidates (1%) | 464 visible | prefilter: 99 never-rises, 632 below-hz, 115207 mag-cull
[19:21:35.853] [PARALLAX] [trace] Stars: 116812 total | 874 candidates (1%) | 464 visible | prefilter: 99 never-rises, 632 below-hz, 115207 mag-cull
[19:21:35.983] [PARALLAX] [trace] Stars: 116812 total | 874 candidates (1%) | 464 visible | prefilter: 99 never-rises, 632 below-hz, 115207 mag-cull
[19:21:36.106] [PARALLAX] [trace] Stars: 116812 total | 874 candidates (1%) | 464 visible | prefilter: 99 never-rises, 632 below-hz, 115207 mag-cull
[19:21:36.231] [PARALLAX] [trace] Stars: 116812 total | 874 candidates (1%) | 464 visible | prefilter: 99 never-rises, 632 below-hz, 115207 mag-cull
[19:21:36.341] [PARALLAX] [trace] Stars: 116812 total | 874 candidates (1%) | 464 visible | prefilter: 99 never-rises, 632 below-hz, 115207 mag-cull
[19:21:36.453] [PARALLAX] [trace] Stars: 116812 total | 874 candidates (1%) | 464 visible | prefilter: 99 never-rises, 632 below-hz, 115207 mag-cull
[19:21:36.565] [PARALLAX] [trace] Stars: 116812 total | 874 candidates (1%) | 464 visible | prefilter: 99 never-rises, 632 below-hz, 115207 mag-cull
[19:21:36.676] [PARALLAX] [trace] Stars: 116812 total | 874 candidates (1%) | 464 visible | prefilter: 99 never-rises, 632 below-hz, 115207 mag-cull
[19:21:36.787] [PARALLAX] [trace] Stars: 116812 total | 874 candidates (1%) | 464 visible | prefilter: 99 never-rises, 632 below-hz, 115207 mag-cull
[19:21:36.897] [PARALLAX] [trace] Stars: 116812 total | 874 candidates (1%) | 464 visible | prefilter: 99 never-rises, 632 below-hz, 115207 mag-cull
[19:21:37.008] [PARALLAX] [trace] Stars: 116812 total | 873 candidates (1%) | 464 visible | prefilter: 99 never-rises, 633 below-hz, 115207 mag-cull
[19:21:37.119] [PARALLAX] [trace] Stars: 116812 total | 873 candidates (1%) | 464 visible | prefilter: 99 never-rises, 633 below-hz, 115207 mag-cull
[19:21:37.231] [PARALLAX] [trace] Stars: 116812 total | 873 candidates (1%) | 464 visible | prefilter: 99 never-rises, 633 below-hz, 115207 mag-cull
[19:21:37.346] [PARALLAX] [trace] Stars: 116812 total | 873 candidates (1%) | 464 visible | prefilter: 99 never-rises, 633 below-hz, 115207 mag-cull
[19:21:37.456] [PARALLAX] [trace] Stars: 116812 total | 873 candidates (1%) | 464 visible | prefilter: 99 never-rises, 633 below-hz, 115207 mag-cull
[19:21:37.572] [PARALLAX] [trace] Stars: 116812 total | 873 candidates (1%) | 464 visible | prefilter: 99 never-rises, 633 below-hz, 115207 mag-cull
[19:21:37.684] [PARALLAX] [trace] Stars: 116812 total | 873 candidates (1%) | 464 visible | prefilter: 99 never-rises, 633 below-hz, 115207 mag-cull
[19:21:37.795] [PARALLAX] [trace] Stars: 116812 total | 873 candidates (1%) | 464 visible | prefilter: 99 never-rises, 633 below-hz, 115207 mag-cull
[19:21:37.909] [PARALLAX] [trace] Stars: 116812 total | 873 candidates (1%) | 464 visible | prefilter: 99 never-rises, 633 below-hz, 115207 mag-cull
[19:21:38.019] [PARALLAX] [trace] Stars: 116812 total | 873 candidates (1%) | 464 visible | prefilter: 99 never-rises, 633 below-hz, 115207 mag-cull
[19:21:38.245] [PARALLAX] [info] Main loop exited
[19:21:38.247] [PARALLAX] [trace] Sync objects destroyed
[19:21:38.248] [PARALLAX] [trace] Command pool destroyed
[19:21:38.249] [PARALLAX] [trace] BitmapFont destroyed
[19:21:38.250] [PARALLAX] [trace] Starfield renderer destroyed
[19:21:38.250] [PARALLAX] [trace] Sky background renderer destroyed
[19:21:38.250] [PARALLAX] [trace] Graphics pipeline destroyed
[19:21:38.250] [PARALLAX] [trace] Render pass destroyed
[19:21:38.252] [PARALLAX] [trace] Swapchain destroyed
[19:21:38.274] [PARALLAX] [trace] Vulkan logical device destroyed
[19:21:38.275] [PARALLAX] [trace] Vulkan debug messenger destroyed
[19:21:38.275] [PARALLAX] [trace] Vulkan surface destroyed
[19:21:38.276] [PARALLAX] [trace] [Vulkan] Unloading layer library C:\Windows\System32\DriverStore\FileRepository\nv_dispi.inf_amd64_adc55ecfca814224\nvoglv64.dll
[19:21:38.276] [PARALLAX] [trace] [Vulkan] Unloading layer library C:\Windows\System32\DriverStore\FileRepository\nv_dispi.inf_amd64_adc55ecfca814224\nvoglv64.dll
[19:21:38.276] [PARALLAX] [trace] [Vulkan] Unloading layer library C:\ProgramData\obs-studio-hook\graphics-hook64.dll
[19:21:38.278] [PARALLAX] [trace] [Vulkan] Unloading layer library C:\VulkanSDK\1.4.341.1\Bin\VkLayer_khronos_validation.dll
[19:21:38.278] [PARALLAX] [trace] Vulkan instance destroyed
[19:21:38.287] [PARALLAX] [info] Window destroyed
[19:21:38.298] [PARALLAX] [info] Parallax shutdown complete.
[19:28:11.612] [PARALLAX] [info] Parallax v0.1.0 starting...
[19:28:11.754] [PARALLAX] [info] Window created: "Parallax" (1280x720) [Vulkan | resizable]
[19:28:11.754] [PARALLAX] [trace] SDL2 requires 2 Vulkan instance extension(s):
[19:28:11.754] [PARALLAX] [trace]   - VK_KHR_surface
[19:28:11.755] [PARALLAX] [trace]   - VK_KHR_win32_surface
[19:28:11.765] [PARALLAX] [info] Requesting 3 instance extension(s):
[19:28:11.766] [PARALLAX] [info]   - VK_KHR_surface
[19:28:11.767] [PARALLAX] [info]   - VK_KHR_win32_surface
[19:28:11.767] [PARALLAX] [info]   - VK_EXT_debug_utils
[19:28:11.767] [PARALLAX] [info] Validation layers enabled: VK_LAYER_KHRONOS_validation
[19:28:11.768] [PARALLAX] [trace] [Vulkan] windows_get_device_registry_files: GUID for 3 is not SoftwareComponent skipping
[19:28:11.772] [PARALLAX] [trace] [Vulkan] Searching for ICD drivers named .\nvoglv64.dll
[19:28:11.774] [PARALLAX] [trace] [Vulkan] Loading layer library C:\VulkanSDK\1.4.341.1\Bin\.\VkLayer_khronos_validation.dll
[19:28:11.776] [PARALLAX] [trace] [Vulkan] Loading layer library C:\ProgramData\obs-studio-hook\.\graphics-hook64.dll
[19:28:11.778] [PARALLAX] [trace] [Vulkan] Loading layer library C:\Windows\System32\DriverStore\FileRepository\nv_dispi.inf_amd64_adc55ecfca814224\.\nvoglv64.dll
[19:28:11.778] [PARALLAX] [trace] [Vulkan] Loading layer library C:\Windows\System32\DriverStore\FileRepository\nv_dispi.inf_amd64_adc55ecfca814224\.\nvoglv64.dll
[19:28:11.860] [PARALLAX] [info] Vulkan instance created (API 1.3)
[19:28:11.860] [PARALLAX] [info] Vulkan debug messenger created
[19:28:11.861] [PARALLAX] [info] Vulkan surface created
[19:28:11.862] [PARALLAX] [info] Found 1 Vulkan-capable GPU(s):
[19:28:11.862] [PARALLAX] [info]   - NVIDIA GeForce GTX 1660 (type: discrete)
[19:28:11.868] [PARALLAX] [info] Selected GPU: NVIDIA GeForce GTX 1660
[19:28:11.868] [PARALLAX] [info]   Driver version: 79.344.0
[19:28:11.868] [PARALLAX] [info]   Vulkan API: 1.4.325
[19:28:11.868] [PARALLAX] [info]   VRAM: 6180 MB
[19:28:11.869] [PARALLAX] [info]   Graphics queue family: 0
[19:28:11.869] [PARALLAX] [info]   Present queue family: 0
[19:28:11.935] [PARALLAX] [info] Vulkan logical device created
[19:28:11.939] [PARALLAX] [trace] Surface format: B8G8R8A8_SRGB + SRGB_NONLINEAR (preferred)
[19:28:11.939] [PARALLAX] [trace] Present mode: MAILBOX (triple buffering)
[19:28:11.993] [PARALLAX] [info] Swapchain created: 1280x720, 3 images, format 50, MAILBOX (triple buffer)
[19:28:11.994] [PARALLAX] [info] Shader directory: C:/Parallax-dev/Parallax/build/shaders
[19:28:11.995] [PARALLAX] [info] Render pass created
[19:28:11.996] [PARALLAX] [trace] Shader module loaded: test_star.vert.spv
[19:28:11.996] [PARALLAX] [trace] Shader module loaded: test_star.frag.spv
[19:28:11.997] [PARALLAX] [info] Graphics pipeline created (POINT_LIST, dynamic viewport/scissor)
[19:28:11.998] [PARALLAX] [info] Framebuffers created: 3 (1280x720)
[19:28:11.998] [PARALLAX] [trace] Sky background UBO created: 32 bytes
[19:28:11.999] [PARALLAX] [trace] Shader module loaded: sky_background.vert.spv
[19:28:12.000] [PARALLAX] [trace] Shader module loaded: sky_background.frag.spv
[19:28:12.002] [PARALLAX] [info] Sky background pipeline created (fullscreen triangle, UBO)
[19:28:12.002] [PARALLAX] [info] Sky background renderer initialized
[19:28:12.003] [PARALLAX] [trace] Starfield storage buffer created: 3200000 bytes (200000 stars)
[19:28:12.004] [PARALLAX] [trace] Shader module loaded: starfield.vert.spv
[19:28:12.004] [PARALLAX] [trace] Shader module loaded: starfield.frag.spv
[19:28:12.005] [PARALLAX] [info] Starfield pipeline created (POINT_LIST, additive blend, storage buffer)
[19:28:12.007] [PARALLAX] [info] Starfield renderer initialized (buffer capacity: 200000 stars)
[19:28:12.009] [PARALLAX] [trace] Font atlas created: 128x96 R8_UNORM, 95 glyphs
[19:28:12.011] [PARALLAX] [trace] Shader module loaded: text.vert.spv
[19:28:12.011] [PARALLAX] [trace] Shader module loaded: text.frag.spv
[19:28:12.012] [PARALLAX] [info] Text pipeline created (alpha blend, vertex-colored)
[19:28:12.013] [PARALLAX] [info] BitmapFont initialized (128x96 atlas, 4096 max chars/frame)
[19:28:13.409] [PARALLAX] [info] CatalogLoader: Loaded 116812 stars from data/catalogs/hipparcos.csv
[19:28:13.410] [PARALLAX] [info] Hipparcos catalog loaded: 116812 stars from data/catalogs/hipparcos.csv
[19:28:13.411] [PARALLAX] [info] Simulation start: JD 2461101.269600 (2026-03-01 18:28:13.4 UTC)
[19:28:13.411] [PARALLAX] [info] Observer: La Palma (28.76N, 17.89W)
[19:28:13.412] [PARALLAX] [info] Atmosphere initialized: k=0.2, Bortle 4
[19:28:13.412] [PARALLAX] [info] Command pool created
[19:28:13.412] [PARALLAX] [info] Command buffers allocated: 2
[19:28:13.413] [PARALLAX] [info] Sync objects created: 2 frames in flight, 3 image semaphores
[19:28:13.413] [PARALLAX] [info] Application initialized — all subsystems ready
[19:28:13.413] [PARALLAX] [info] Entering main loop...
[19:28:13.659] [PARALLAX] [trace] Stars: 116812 total | 5032 candidates (4%) | 302 visible | prefilter: 592 never-rises, 3243 below-hz, 107945 mag-cull
[19:28:13.900] [PARALLAX] [trace] Stars: 116812 total | 5032 candidates (4%) | 302 visible | prefilter: 592 never-rises, 3243 below-hz, 107945 mag-cull
[19:28:14.143] [PARALLAX] [trace] Stars: 116812 total | 5032 candidates (4%) | 302 visible | prefilter: 592 never-rises, 3243 below-hz, 107945 mag-cull
[19:28:14.388] [PARALLAX] [trace] Stars: 116812 total | 5032 candidates (4%) | 302 visible | prefilter: 592 never-rises, 3243 below-hz, 107945 mag-cull
[19:28:14.634] [PARALLAX] [trace] Stars: 116812 total | 5032 candidates (4%) | 302 visible | prefilter: 592 never-rises, 3243 below-hz, 107945 mag-cull
[19:28:14.883] [PARALLAX] [trace] Stars: 116812 total | 5033 candidates (4%) | 302 visible | prefilter: 592 never-rises, 3242 below-hz, 107945 mag-cull
[19:28:15.130] [PARALLAX] [trace] Stars: 116812 total | 5033 candidates (4%) | 302 visible | prefilter: 592 never-rises, 3242 below-hz, 107945 mag-cull
[19:28:15.397] [PARALLAX] [trace] Stars: 116812 total | 5033 candidates (4%) | 302 visible | prefilter: 592 never-rises, 3242 below-hz, 107945 mag-cull
[19:28:15.621] [PARALLAX] [trace] Stars: 116812 total | 2440 candidates (2%) | 457 visible | prefilter: 286 never-rises, 1614 below-hz, 112472 mag-cull
[19:28:15.769] [PARALLAX] [trace] Stars: 116812 total | 940 candidates (1%) | 386 visible | prefilter: 105 never-rises, 668 below-hz, 115099 mag-cull
[19:28:15.884] [PARALLAX] [trace] Stars: 116812 total | 874 candidates (1%) | 369 visible | prefilter: 99 never-rises, 632 below-hz, 115207 mag-cull
[19:28:15.994] [PARALLAX] [trace] Stars: 116812 total | 874 candidates (1%) | 369 visible | prefilter: 99 never-rises, 632 below-hz, 115207 mag-cull
[19:28:16.107] [PARALLAX] [trace] Stars: 116812 total | 874 candidates (1%) | 369 visible | prefilter: 99 never-rises, 632 below-hz, 115207 mag-cull
[19:28:16.220] [PARALLAX] [trace] Stars: 116812 total | 874 candidates (1%) | 369 visible | prefilter: 99 never-rises, 632 below-hz, 115207 mag-cull
[19:28:16.336] [PARALLAX] [trace] Stars: 116812 total | 874 candidates (1%) | 369 visible | prefilter: 99 never-rises, 632 below-hz, 115207 mag-cull
[19:28:16.454] [PARALLAX] [trace] Stars: 116812 total | 874 candidates (1%) | 369 visible | prefilter: 99 never-rises, 632 below-hz, 115207 mag-cull
[19:28:16.568] [PARALLAX] [trace] Stars: 116812 total | 874 candidates (1%) | 369 visible | prefilter: 99 never-rises, 632 below-hz, 115207 mag-cull
[19:28:16.681] [PARALLAX] [trace] Stars: 116812 total | 874 candidates (1%) | 369 visible | prefilter: 99 never-rises, 632 below-hz, 115207 mag-cull
[19:28:16.792] [PARALLAX] [trace] Stars: 116812 total | 874 candidates (1%) | 369 visible | prefilter: 99 never-rises, 632 below-hz, 115207 mag-cull
[19:28:16.902] [PARALLAX] [trace] Stars: 116812 total | 874 candidates (1%) | 369 visible | prefilter: 99 never-rises, 632 below-hz, 115207 mag-cull
[19:28:17.020] [PARALLAX] [trace] Stars: 116812 total | 874 candidates (1%) | 369 visible | prefilter: 99 never-rises, 632 below-hz, 115207 mag-cull
[19:28:17.152] [PARALLAX] [trace] Stars: 116812 total | 874 candidates (1%) | 369 visible | prefilter: 99 never-rises, 632 below-hz, 115207 mag-cull
[19:28:17.285] [PARALLAX] [trace] Stars: 116812 total | 874 candidates (1%) | 369 visible | prefilter: 99 never-rises, 632 below-hz, 115207 mag-cull
[19:28:17.424] [PARALLAX] [trace] Stars: 116812 total | 874 candidates (1%) | 370 visible | prefilter: 99 never-rises, 632 below-hz, 115207 mag-cull
[19:28:17.537] [PARALLAX] [trace] Stars: 116812 total | 874 candidates (1%) | 370 visible | prefilter: 99 never-rises, 632 below-hz, 115207 mag-cull
[19:28:17.654] [PARALLAX] [trace] Stars: 116812 total | 874 candidates (1%) | 369 visible | prefilter: 99 never-rises, 632 below-hz, 115207 mag-cull
[19:28:17.782] [PARALLAX] [trace] Stars: 116812 total | 874 candidates (1%) | 366 visible | prefilter: 99 never-rises, 632 below-hz, 115207 mag-cull
[19:28:17.906] [PARALLAX] [trace] Stars: 116812 total | 874 candidates (1%) | 351 visible | prefilter: 99 never-rises, 632 below-hz, 115207 mag-cull
[19:28:18.033] [PARALLAX] [trace] Stars: 116812 total | 874 candidates (1%) | 312 visible | prefilter: 99 never-rises, 632 below-hz, 115207 mag-cull
[19:28:18.165] [PARALLAX] [trace] Stars: 116812 total | 874 candidates (1%) | 312 visible | prefilter: 99 never-rises, 632 below-hz, 115207 mag-cull
[19:28:18.291] [PARALLAX] [trace] Stars: 116812 total | 874 candidates (1%) | 312 visible | prefilter: 99 never-rises, 632 below-hz, 115207 mag-cull
[19:28:18.422] [PARALLAX] [trace] Stars: 116812 total | 874 candidates (1%) | 203 visible | prefilter: 99 never-rises, 632 below-hz, 115207 mag-cull
[19:28:18.550] [PARALLAX] [trace] Stars: 116812 total | 874 candidates (1%) | 195 visible | prefilter: 99 never-rises, 632 below-hz, 115207 mag-cull
[19:28:18.671] [PARALLAX] [trace] Stars: 116812 total | 874 candidates (1%) | 214 visible | prefilter: 99 never-rises, 632 below-hz, 115207 mag-cull
[19:28:18.801] [PARALLAX] [trace] Stars: 116812 total | 874 candidates (1%) | 281 visible | prefilter: 99 never-rises, 632 below-hz, 115207 mag-cull
[19:28:18.922] [PARALLAX] [trace] Stars: 116812 total | 875 candidates (1%) | 310 visible | prefilter: 99 never-rises, 631 below-hz, 115207 mag-cull
[19:28:19.038] [PARALLAX] [trace] Stars: 116812 total | 875 candidates (1%) | 310 visible | prefilter: 99 never-rises, 631 below-hz, 115207 mag-cull
[19:28:19.150] [PARALLAX] [trace] Stars: 116812 total | 875 candidates (1%) | 313 visible | prefilter: 99 never-rises, 631 below-hz, 115207 mag-cull
[19:28:19.268] [PARALLAX] [trace] Stars: 116812 total | 875 candidates (1%) | 353 visible | prefilter: 99 never-rises, 631 below-hz, 115207 mag-cull
[19:28:19.394] [PARALLAX] [trace] Stars: 116812 total | 875 candidates (1%) | 374 visible | prefilter: 99 never-rises, 631 below-hz, 115207 mag-cull
[19:28:19.512] [PARALLAX] [trace] Stars: 116812 total | 875 candidates (1%) | 375 visible | prefilter: 99 never-rises, 631 below-hz, 115207 mag-cull
[19:28:19.622] [PARALLAX] [trace] Stars: 116812 total | 875 candidates (1%) | 375 visible | prefilter: 99 never-rises, 631 below-hz, 115207 mag-cull
[19:28:19.738] [PARALLAX] [trace] Stars: 116812 total | 875 candidates (1%) | 375 visible | prefilter: 99 never-rises, 631 below-hz, 115207 mag-cull
[19:28:19.849] [PARALLAX] [trace] Stars: 116812 total | 875 candidates (1%) | 375 visible | prefilter: 99 never-rises, 631 below-hz, 115207 mag-cull
[19:28:19.960] [PARALLAX] [trace] Stars: 116812 total | 875 candidates (1%) | 375 visible | prefilter: 99 never-rises, 631 below-hz, 115207 mag-cull
[19:28:20.071] [PARALLAX] [trace] Stars: 116812 total | 875 candidates (1%) | 375 visible | prefilter: 99 never-rises, 631 below-hz, 115207 mag-cull
[19:28:20.187] [PARALLAX] [trace] Stars: 116812 total | 875 candidates (1%) | 375 visible | prefilter: 99 never-rises, 631 below-hz, 115207 mag-cull
[19:28:20.300] [PARALLAX] [trace] Stars: 116812 total | 875 candidates (1%) | 375 visible | prefilter: 99 never-rises, 631 below-hz, 115207 mag-cull
[19:28:20.415] [PARALLAX] [trace] Stars: 116812 total | 875 candidates (1%) | 375 visible | prefilter: 99 never-rises, 631 below-hz, 115207 mag-cull
[19:28:20.527] [PARALLAX] [trace] Stars: 116812 total | 875 candidates (1%) | 375 visible | prefilter: 99 never-rises, 631 below-hz, 115207 mag-cull
[19:28:20.638] [PARALLAX] [trace] Stars: 116812 total | 875 candidates (1%) | 375 visible | prefilter: 99 never-rises, 631 below-hz, 115207 mag-cull
[19:28:20.752] [PARALLAX] [trace] Stars: 116812 total | 875 candidates (1%) | 375 visible | prefilter: 99 never-rises, 631 below-hz, 115207 mag-cull
[19:28:20.864] [PARALLAX] [trace] Stars: 116812 total | 875 candidates (1%) | 375 visible | prefilter: 99 never-rises, 631 below-hz, 115207 mag-cull
[19:28:20.972] [PARALLAX] [info] Time scale: x1000
[19:28:20.977] [PARALLAX] [trace] Stars: 116812 total | 875 candidates (1%) | 375 visible | prefilter: 99 never-rises, 631 below-hz, 115207 mag-cull
[19:28:21.086] [PARALLAX] [trace] Stars: 116812 total | 877 candidates (1%) | 373 visible | prefilter: 99 never-rises, 629 below-hz, 115207 mag-cull
[19:28:21.198] [PARALLAX] [trace] Stars: 116812 total | 876 candidates (1%) | 375 visible | prefilter: 99 never-rises, 630 below-hz, 115207 mag-cull
[19:28:21.308] [PARALLAX] [trace] Stars: 116812 total | 873 candidates (1%) | 374 visible | prefilter: 99 never-rises, 633 below-hz, 115207 mag-cull
[19:28:21.424] [PARALLAX] [trace] Stars: 116812 total | 873 candidates (1%) | 372 visible | prefilter: 99 never-rises, 633 below-hz, 115207 mag-cull
[19:28:21.539] [PARALLAX] [trace] Stars: 116812 total | 877 candidates (1%) | 369 visible | prefilter: 99 never-rises, 629 below-hz, 115207 mag-cull
[19:28:21.650] [PARALLAX] [trace] Stars: 116812 total | 878 candidates (1%) | 373 visible | prefilter: 99 never-rises, 628 below-hz, 115207 mag-cull
[19:28:21.767] [PARALLAX] [trace] Stars: 116812 total | 880 candidates (1%) | 370 visible | prefilter: 99 never-rises, 626 below-hz, 115207 mag-cull
[19:28:21.885] [PARALLAX] [trace] Stars: 116812 total | 880 candidates (1%) | 371 visible | prefilter: 99 never-rises, 626 below-hz, 115207 mag-cull
[19:28:21.998] [PARALLAX] [trace] Stars: 116812 total | 878 candidates (1%) | 371 visible | prefilter: 99 never-rises, 628 below-hz, 115207 mag-cull
[19:28:22.109] [PARALLAX] [trace] Stars: 116812 total | 880 candidates (1%) | 369 visible | prefilter: 99 never-rises, 626 below-hz, 115207 mag-cull
[19:28:22.221] [PARALLAX] [trace] Stars: 116812 total | 879 candidates (1%) | 368 visible | prefilter: 99 never-rises, 627 below-hz, 115207 mag-cull
[19:28:22.333] [PARALLAX] [trace] Stars: 116812 total | 880 candidates (1%) | 368 visible | prefilter: 99 never-rises, 626 below-hz, 115207 mag-cull
[19:28:22.446] [PARALLAX] [trace] Stars: 116812 total | 880 candidates (1%) | 368 visible | prefilter: 99 never-rises, 626 below-hz, 115207 mag-cull
[19:28:22.558] [PARALLAX] [trace] Stars: 116812 total | 882 candidates (1%) | 368 visible | prefilter: 99 never-rises, 624 below-hz, 115207 mag-cull
[19:28:22.670] [PARALLAX] [trace] Stars: 116812 total | 883 candidates (1%) | 368 visible | prefilter: 99 never-rises, 623 below-hz, 115207 mag-cull
[19:28:22.784] [PARALLAX] [trace] Stars: 116812 total | 885 candidates (1%) | 369 visible | prefilter: 99 never-rises, 621 below-hz, 115207 mag-cull
[19:28:22.893] [PARALLAX] [trace] Stars: 116812 total | 887 candidates (1%) | 366 visible | prefilter: 99 never-rises, 619 below-hz, 115207 mag-cull
[19:28:23.006] [PARALLAX] [trace] Stars: 116812 total | 887 candidates (1%) | 365 visible | prefilter: 99 never-rises, 619 below-hz, 115207 mag-cull
[19:28:23.118] [PARALLAX] [trace] Stars: 116812 total | 886 candidates (1%) | 363 visible | prefilter: 99 never-rises, 620 below-hz, 115207 mag-cull
[19:28:23.229] [PARALLAX] [trace] Stars: 116812 total | 887 candidates (1%) | 363 visible | prefilter: 99 never-rises, 619 below-hz, 115207 mag-cull
[19:28:23.344] [PARALLAX] [trace] Stars: 116812 total | 884 candidates (1%) | 362 visible | prefilter: 99 never-rises, 622 below-hz, 115207 mag-cull
[19:28:23.456] [PARALLAX] [trace] Stars: 116812 total | 882 candidates (1%) | 358 visible | prefilter: 99 never-rises, 624 below-hz, 115207 mag-cull
[19:28:23.568] [PARALLAX] [trace] Stars: 116812 total | 882 candidates (1%) | 357 visible | prefilter: 99 never-rises, 624 below-hz, 115207 mag-cull
[19:28:23.677] [PARALLAX] [trace] Stars: 116812 total | 882 candidates (1%) | 357 visible | prefilter: 99 never-rises, 624 below-hz, 115207 mag-cull
[19:28:23.791] [PARALLAX] [trace] Stars: 116812 total | 883 candidates (1%) | 358 visible | prefilter: 99 never-rises, 623 below-hz, 115207 mag-cull
[19:28:23.902] [PARALLAX] [trace] Stars: 116812 total | 883 candidates (1%) | 359 visible | prefilter: 99 never-rises, 623 below-hz, 115207 mag-cull
[19:28:24.018] [PARALLAX] [trace] Stars: 116812 total | 882 candidates (1%) | 357 visible | prefilter: 99 never-rises, 624 below-hz, 115207 mag-cull
[19:28:24.123] [PARALLAX] [trace] Stars: 116812 total | 885 candidates (1%) | 356 visible | prefilter: 99 never-rises, 621 below-hz, 115207 mag-cull
[19:28:24.236] [PARALLAX] [trace] Stars: 116812 total | 886 candidates (1%) | 356 visible | prefilter: 99 never-rises, 620 below-hz, 115207 mag-cull
[19:28:24.348] [PARALLAX] [trace] Stars: 116812 total | 886 candidates (1%) | 355 visible | prefilter: 99 never-rises, 620 below-hz, 115207 mag-cull
[19:28:24.461] [PARALLAX] [trace] Stars: 116812 total | 885 candidates (1%) | 355 visible | prefilter: 99 never-rises, 621 below-hz, 115207 mag-cull
[19:28:24.574] [PARALLAX] [trace] Stars: 116812 total | 885 candidates (1%) | 355 visible | prefilter: 99 never-rises, 621 below-hz, 115207 mag-cull
[19:28:24.686] [PARALLAX] [trace] Stars: 116812 total | 884 candidates (1%) | 353 visible | prefilter: 99 never-rises, 622 below-hz, 115207 mag-cull
[19:28:24.804] [PARALLAX] [trace] Stars: 116812 total | 883 candidates (1%) | 352 visible | prefilter: 99 never-rises, 623 below-hz, 115207 mag-cull
[19:28:24.916] [PARALLAX] [trace] Stars: 116812 total | 882 candidates (1%) | 347 visible | prefilter: 99 never-rises, 624 below-hz, 115207 mag-cull
[19:28:25.029] [PARALLAX] [trace] Stars: 116812 total | 882 candidates (1%) | 344 visible | prefilter: 99 never-rises, 624 below-hz, 115207 mag-cull
[19:28:25.142] [PARALLAX] [trace] Stars: 116812 total | 884 candidates (1%) | 340 visible | prefilter: 99 never-rises, 622 below-hz, 115207 mag-cull
[19:28:25.255] [PARALLAX] [trace] Stars: 116812 total | 883 candidates (1%) | 337 visible | prefilter: 99 never-rises, 623 below-hz, 115207 mag-cull
[19:28:25.370] [PARALLAX] [trace] Stars: 116812 total | 882 candidates (1%) | 334 visible | prefilter: 99 never-rises, 624 below-hz, 115207 mag-cull
[19:28:25.482] [PARALLAX] [trace] Stars: 116812 total | 882 candidates (1%) | 331 visible | prefilter: 99 never-rises, 624 below-hz, 115207 mag-cull
[19:28:25.591] [PARALLAX] [trace] Stars: 116812 total | 882 candidates (1%) | 328 visible | prefilter: 99 never-rises, 624 below-hz, 115207 mag-cull
[19:28:25.701] [PARALLAX] [trace] Stars: 116812 total | 883 candidates (1%) | 329 visible | prefilter: 99 never-rises, 623 below-hz, 115207 mag-cull
[19:28:25.811] [PARALLAX] [trace] Stars: 116812 total | 883 candidates (1%) | 325 visible | prefilter: 99 never-rises, 623 below-hz, 115207 mag-cull
[19:28:25.922] [PARALLAX] [trace] Stars: 116812 total | 881 candidates (1%) | 323 visible | prefilter: 99 never-rises, 625 below-hz, 115207 mag-cull
[19:28:26.033] [PARALLAX] [trace] Stars: 116812 total | 881 candidates (1%) | 323 visible | prefilter: 99 never-rises, 625 below-hz, 115207 mag-cull
[19:28:26.142] [PARALLAX] [trace] Stars: 116812 total | 879 candidates (1%) | 318 visible | prefilter: 99 never-rises, 627 below-hz, 115207 mag-cull
[19:28:26.253] [PARALLAX] [trace] Stars: 116812 total | 878 candidates (1%) | 315 visible | prefilter: 99 never-rises, 628 below-hz, 115207 mag-cull
[19:28:26.368] [PARALLAX] [trace] Stars: 116812 total | 875 candidates (1%) | 318 visible | prefilter: 99 never-rises, 631 below-hz, 115207 mag-cull
[19:28:26.481] [PARALLAX] [trace] Stars: 116812 total | 873 candidates (1%) | 317 visible | prefilter: 99 never-rises, 633 below-hz, 115207 mag-cull
[19:28:26.589] [PARALLAX] [trace] Stars: 116812 total | 868 candidates (1%) | 314 visible | prefilter: 99 never-rises, 638 below-hz, 115207 mag-cull
[19:28:26.700] [PARALLAX] [trace] Stars: 116812 total | 869 candidates (1%) | 312 visible | prefilter: 99 never-rises, 637 below-hz, 115207 mag-cull
[19:28:26.810] [PARALLAX] [trace] Stars: 116812 total | 869 candidates (1%) | 311 visible | prefilter: 99 never-rises, 637 below-hz, 115207 mag-cull
[19:28:26.923] [PARALLAX] [trace] Stars: 116812 total | 871 candidates (1%) | 311 visible | prefilter: 99 never-rises, 635 below-hz, 115207 mag-cull
[19:28:27.033] [PARALLAX] [trace] Stars: 116812 total | 870 candidates (1%) | 310 visible | prefilter: 99 never-rises, 636 below-hz, 115207 mag-cull
[19:28:27.144] [PARALLAX] [trace] Stars: 116812 total | 868 candidates (1%) | 311 visible | prefilter: 99 never-rises, 638 below-hz, 115207 mag-cull
[19:28:27.254] [PARALLAX] [trace] Stars: 116812 total | 867 candidates (1%) | 311 visible | prefilter: 99 never-rises, 639 below-hz, 115207 mag-cull
[19:28:27.368] [PARALLAX] [trace] Stars: 116812 total | 867 candidates (1%) | 309 visible | prefilter: 99 never-rises, 639 below-hz, 115207 mag-cull
[19:28:27.480] [PARALLAX] [trace] Stars: 116812 total | 866 candidates (1%) | 308 visible | prefilter: 99 never-rises, 640 below-hz, 115207 mag-cull
[19:28:27.590] [PARALLAX] [trace] Stars: 116812 total | 865 candidates (1%) | 305 visible | prefilter: 99 never-rises, 641 below-hz, 115207 mag-cull
[19:28:27.700] [PARALLAX] [trace] Stars: 116812 total | 865 candidates (1%) | 304 visible | prefilter: 99 never-rises, 641 below-hz, 115207 mag-cull
[19:28:27.812] [PARALLAX] [trace] Stars: 116812 total | 866 candidates (1%) | 304 visible | prefilter: 99 never-rises, 640 below-hz, 115207 mag-cull
[19:28:27.921] [PARALLAX] [trace] Stars: 116812 total | 866 candidates (1%) | 305 visible | prefilter: 99 never-rises, 640 below-hz, 115207 mag-cull
[19:28:28.032] [PARALLAX] [trace] Stars: 116812 total | 866 candidates (1%) | 304 visible | prefilter: 99 never-rises, 640 below-hz, 115207 mag-cull
[19:28:28.140] [PARALLAX] [trace] Stars: 116812 total | 864 candidates (1%) | 304 visible | prefilter: 99 never-rises, 642 below-hz, 115207 mag-cull
[19:28:28.251] [PARALLAX] [trace] Stars: 116812 total | 862 candidates (1%) | 302 visible | prefilter: 99 never-rises, 644 below-hz, 115207 mag-cull
[19:28:28.363] [PARALLAX] [trace] Stars: 116812 total | 863 candidates (1%) | 298 visible | prefilter: 99 never-rises, 643 below-hz, 115207 mag-cull
[19:28:28.476] [PARALLAX] [trace] Stars: 116812 total | 863 candidates (1%) | 292 visible | prefilter: 99 never-rises, 643 below-hz, 115207 mag-cull
[19:28:28.586] [PARALLAX] [trace] Stars: 116812 total | 860 candidates (1%) | 288 visible | prefilter: 99 never-rises, 646 below-hz, 115207 mag-cull
[19:28:28.697] [PARALLAX] [trace] Stars: 116812 total | 860 candidates (1%) | 287 visible | prefilter: 99 never-rises, 646 below-hz, 115207 mag-cull
[19:28:28.808] [PARALLAX] [trace] Stars: 116812 total | 859 candidates (1%) | 285 visible | prefilter: 99 never-rises, 647 below-hz, 115207 mag-cull
[19:28:28.921] [PARALLAX] [trace] Stars: 116812 total | 859 candidates (1%) | 282 visible | prefilter: 99 never-rises, 647 below-hz, 115207 mag-cull
[19:28:29.031] [PARALLAX] [trace] Stars: 116812 total | 861 candidates (1%) | 278 visible | prefilter: 99 never-rises, 645 below-hz, 115207 mag-cull
[19:28:29.139] [PARALLAX] [trace] Stars: 116812 total | 862 candidates (1%) | 278 visible | prefilter: 99 never-rises, 644 below-hz, 115207 mag-cull
[19:28:29.253] [PARALLAX] [trace] Stars: 116812 total | 861 candidates (1%) | 277 visible | prefilter: 99 never-rises, 645 below-hz, 115207 mag-cull
[19:28:29.366] [PARALLAX] [trace] Stars: 116812 total | 861 candidates (1%) | 276 visible | prefilter: 99 never-rises, 645 below-hz, 115207 mag-cull
[19:28:29.476] [PARALLAX] [trace] Stars: 116812 total | 863 candidates (1%) | 274 visible | prefilter: 99 never-rises, 643 below-hz, 115207 mag-cull
[19:28:29.587] [PARALLAX] [trace] Stars: 116812 total | 863 candidates (1%) | 272 visible | prefilter: 99 never-rises, 643 below-hz, 115207 mag-cull
[19:28:29.701] [PARALLAX] [trace] Stars: 116812 total | 864 candidates (1%) | 272 visible | prefilter: 99 never-rises, 642 below-hz, 115207 mag-cull
[19:28:29.808] [PARALLAX] [trace] Stars: 116812 total | 867 candidates (1%) | 273 visible | prefilter: 99 never-rises, 639 below-hz, 115207 mag-cull
[19:28:29.920] [PARALLAX] [trace] Stars: 116812 total | 863 candidates (1%) | 272 visible | prefilter: 99 never-rises, 643 below-hz, 115207 mag-cull
[19:28:30.028] [PARALLAX] [trace] Stars: 116812 total | 866 candidates (1%) | 268 visible | prefilter: 99 never-rises, 640 below-hz, 115207 mag-cull
[19:28:30.140] [PARALLAX] [trace] Stars: 116812 total | 864 candidates (1%) | 268 visible | prefilter: 99 never-rises, 642 below-hz, 115207 mag-cull
[19:28:30.251] [PARALLAX] [trace] Stars: 116812 total | 863 candidates (1%) | 267 visible | prefilter: 99 never-rises, 643 below-hz, 115207 mag-cull
[19:28:30.366] [PARALLAX] [trace] Stars: 116812 total | 862 candidates (1%) | 267 visible | prefilter: 99 never-rises, 644 below-hz, 115207 mag-cull
[19:28:30.478] [PARALLAX] [trace] Stars: 116812 total | 861 candidates (1%) | 264 visible | prefilter: 99 never-rises, 645 below-hz, 115207 mag-cull
[19:28:30.587] [PARALLAX] [trace] Stars: 116812 total | 860 candidates (1%) | 263 visible | prefilter: 99 never-rises, 646 below-hz, 115207 mag-cull
[19:28:30.698] [PARALLAX] [trace] Stars: 116812 total | 860 candidates (1%) | 257 visible | prefilter: 99 never-rises, 646 below-hz, 115207 mag-cull
[19:28:30.810] [PARALLAX] [trace] Stars: 116812 total | 861 candidates (1%) | 258 visible | prefilter: 99 never-rises, 645 below-hz, 115207 mag-cull
[19:28:30.927] [PARALLAX] [trace] Stars: 116812 total | 862 candidates (1%) | 260 visible | prefilter: 99 never-rises, 644 below-hz, 115207 mag-cull
[19:28:31.047] [PARALLAX] [trace] Stars: 116812 total | 861 candidates (1%) | 256 visible | prefilter: 99 never-rises, 645 below-hz, 115207 mag-cull
[19:28:31.159] [PARALLAX] [trace] Stars: 116812 total | 865 candidates (1%) | 254 visible | prefilter: 99 never-rises, 641 below-hz, 115207 mag-cull
[19:28:31.268] [PARALLAX] [trace] Stars: 116812 total | 865 candidates (1%) | 250 visible | prefilter: 99 never-rises, 641 below-hz, 115207 mag-cull
[19:28:31.387] [PARALLAX] [trace] Stars: 116812 total | 863 candidates (1%) | 250 visible | prefilter: 99 never-rises, 643 below-hz, 115207 mag-cull
[19:28:31.500] [PARALLAX] [trace] Stars: 116812 total | 863 candidates (1%) | 249 visible | prefilter: 99 never-rises, 643 below-hz, 115207 mag-cull
[19:28:31.614] [PARALLAX] [trace] Stars: 116812 total | 862 candidates (1%) | 247 visible | prefilter: 99 never-rises, 644 below-hz, 115207 mag-cull
[19:28:31.727] [PARALLAX] [trace] Stars: 116812 total | 860 candidates (1%) | 246 visible | prefilter: 99 never-rises, 646 below-hz, 115207 mag-cull
[19:28:31.839] [PARALLAX] [trace] Stars: 116812 total | 860 candidates (1%) | 245 visible | prefilter: 99 never-rises, 646 below-hz, 115207 mag-cull
[19:28:31.951] [PARALLAX] [trace] Stars: 116812 total | 857 candidates (1%) | 244 visible | prefilter: 99 never-rises, 649 below-hz, 115207 mag-cull
[19:28:32.061] [PARALLAX] [trace] Stars: 116812 total | 860 candidates (1%) | 243 visible | prefilter: 99 never-rises, 646 below-hz, 115207 mag-cull
[19:28:32.171] [PARALLAX] [trace] Stars: 116812 total | 860 candidates (1%) | 244 visible | prefilter: 99 never-rises, 646 below-hz, 115207 mag-cull
[19:28:32.280] [PARALLAX] [trace] Stars: 116812 total | 868 candidates (1%) | 244 visible | prefilter: 99 never-rises, 638 below-hz, 115207 mag-cull
[19:28:32.394] [PARALLAX] [trace] Stars: 116812 total | 872 candidates (1%) | 243 visible | prefilter: 99 never-rises, 634 below-hz, 115207 mag-cull
[19:28:32.505] [PARALLAX] [trace] Stars: 116812 total | 874 candidates (1%) | 243 visible | prefilter: 99 never-rises, 632 below-hz, 115207 mag-cull
[19:28:32.614] [PARALLAX] [trace] Stars: 116812 total | 876 candidates (1%) | 244 visible | prefilter: 99 never-rises, 630 below-hz, 115207 mag-cull
[19:28:32.724] [PARALLAX] [trace] Stars: 116812 total | 877 candidates (1%) | 243 visible | prefilter: 99 never-rises, 629 below-hz, 115207 mag-cull
[19:28:32.840] [PARALLAX] [trace] Stars: 116812 total | 878 candidates (1%) | 242 visible | prefilter: 99 never-rises, 628 below-hz, 115207 mag-cull
[19:28:32.949] [PARALLAX] [trace] Stars: 116812 total | 878 candidates (1%) | 242 visible | prefilter: 99 never-rises, 628 below-hz, 115207 mag-cull
[19:28:33.059] [PARALLAX] [trace] Stars: 116812 total | 877 candidates (1%) | 240 visible | prefilter: 99 never-rises, 629 below-hz, 115207 mag-cull
[19:28:33.168] [PARALLAX] [trace] Stars: 116812 total | 879 candidates (1%) | 240 visible | prefilter: 99 never-rises, 627 below-hz, 115207 mag-cull
[19:28:33.276] [PARALLAX] [trace] Stars: 116812 total | 878 candidates (1%) | 240 visible | prefilter: 99 never-rises, 628 below-hz, 115207 mag-cull
[19:28:33.386] [PARALLAX] [trace] Stars: 116812 total | 878 candidates (1%) | 240 visible | prefilter: 99 never-rises, 628 below-hz, 115207 mag-cull
[19:28:33.491] [PARALLAX] [trace] Stars: 116812 total | 879 candidates (1%) | 240 visible | prefilter: 99 never-rises, 627 below-hz, 115207 mag-cull
[19:28:33.597] [PARALLAX] [trace] Stars: 116812 total | 877 candidates (1%) | 238 visible | prefilter: 99 never-rises, 629 below-hz, 115207 mag-cull
[19:28:33.701] [PARALLAX] [trace] Stars: 116812 total | 878 candidates (1%) | 236 visible | prefilter: 99 never-rises, 628 below-hz, 115207 mag-cull
[19:28:33.810] [PARALLAX] [trace] Stars: 116812 total | 881 candidates (1%) | 235 visible | prefilter: 99 never-rises, 625 below-hz, 115207 mag-cull
[19:28:33.922] [PARALLAX] [trace] Stars: 116812 total | 885 candidates (1%) | 235 visible | prefilter: 99 never-rises, 621 below-hz, 115207 mag-cull
[19:28:34.031] [PARALLAX] [trace] Stars: 116812 total | 887 candidates (1%) | 236 visible | prefilter: 99 never-rises, 619 below-hz, 115207 mag-cull
[19:28:34.144] [PARALLAX] [trace] Stars: 116812 total | 887 candidates (1%) | 236 visible | prefilter: 99 never-rises, 619 below-hz, 115207 mag-cull
[19:28:34.261] [PARALLAX] [trace] Stars: 116812 total | 887 candidates (1%) | 236 visible | prefilter: 99 never-rises, 619 below-hz, 115207 mag-cull
[19:28:34.373] [PARALLAX] [trace] Stars: 116812 total | 887 candidates (1%) | 237 visible | prefilter: 99 never-rises, 619 below-hz, 115207 mag-cull
[19:28:34.484] [PARALLAX] [trace] Stars: 116812 total | 888 candidates (1%) | 238 visible | prefilter: 99 never-rises, 618 below-hz, 115207 mag-cull
[19:28:34.596] [PARALLAX] [trace] Stars: 116812 total | 890 candidates (1%) | 239 visible | prefilter: 99 never-rises, 616 below-hz, 115207 mag-cull
[19:28:34.704] [PARALLAX] [trace] Stars: 116812 total | 890 candidates (1%) | 241 visible | prefilter: 99 never-rises, 616 below-hz, 115207 mag-cull
[19:28:34.817] [PARALLAX] [trace] Stars: 116812 total | 889 candidates (1%) | 239 visible | prefilter: 99 never-rises, 617 below-hz, 115207 mag-cull
[19:28:34.926] [PARALLAX] [trace] Stars: 116812 total | 892 candidates (1%) | 240 visible | prefilter: 99 never-rises, 614 below-hz, 115207 mag-cull
[19:28:35.038] [PARALLAX] [trace] Stars: 116812 total | 892 candidates (1%) | 242 visible | prefilter: 99 never-rises, 614 below-hz, 115207 mag-cull
[19:28:35.154] [PARALLAX] [trace] Stars: 116812 total | 889 candidates (1%) | 244 visible | prefilter: 99 never-rises, 617 below-hz, 115207 mag-cull
[19:28:35.266] [PARALLAX] [trace] Stars: 116812 total | 890 candidates (1%) | 244 visible | prefilter: 99 never-rises, 616 below-hz, 115207 mag-cull
[19:28:35.380] [PARALLAX] [trace] Stars: 116812 total | 891 candidates (1%) | 242 visible | prefilter: 99 never-rises, 615 below-hz, 115207 mag-cull
[19:28:35.492] [PARALLAX] [trace] Stars: 116812 total | 894 candidates (1%) | 240 visible | prefilter: 99 never-rises, 612 below-hz, 115207 mag-cull
[19:28:35.605] [PARALLAX] [trace] Stars: 116812 total | 894 candidates (1%) | 241 visible | prefilter: 99 never-rises, 612 below-hz, 115207 mag-cull
[19:28:35.720] [PARALLAX] [trace] Stars: 116812 total | 893 candidates (1%) | 241 visible | prefilter: 99 never-rises, 613 below-hz, 115207 mag-cull
[19:28:35.856] [PARALLAX] [trace] Stars: 116812 total | 894 candidates (1%) | 240 visible | prefilter: 99 never-rises, 612 below-hz, 115207 mag-cull
[19:28:35.981] [PARALLAX] [trace] Stars: 116812 total | 891 candidates (1%) | 238 visible | prefilter: 99 never-rises, 615 below-hz, 115207 mag-cull
[19:28:36.116] [PARALLAX] [trace] Stars: 116812 total | 890 candidates (1%) | 238 visible | prefilter: 99 never-rises, 616 below-hz, 115207 mag-cull
[19:28:36.238] [PARALLAX] [trace] Stars: 116812 total | 892 candidates (1%) | 236 visible | prefilter: 99 never-rises, 614 below-hz, 115207 mag-cull
[19:28:36.369] [PARALLAX] [trace] Stars: 116812 total | 895 candidates (1%) | 237 visible | prefilter: 99 never-rises, 611 below-hz, 115207 mag-cull
[19:28:36.481] [PARALLAX] [trace] Stars: 116812 total | 898 candidates (1%) | 237 visible | prefilter: 99 never-rises, 608 below-hz, 115207 mag-cull
[19:28:36.719] [PARALLAX] [info] Main loop exited
[19:28:36.721] [PARALLAX] [trace] Sync objects destroyed
[19:28:36.721] [PARALLAX] [trace] Command pool destroyed
[19:28:36.722] [PARALLAX] [trace] BitmapFont destroyed
[19:28:36.723] [PARALLAX] [trace] Starfield renderer destroyed
[19:28:36.724] [PARALLAX] [trace] Sky background renderer destroyed
[19:28:36.724] [PARALLAX] [trace] Graphics pipeline destroyed
[19:28:36.724] [PARALLAX] [trace] Render pass destroyed
[19:28:36.725] [PARALLAX] [trace] Swapchain destroyed
[19:28:36.750] [PARALLAX] [trace] Vulkan logical device destroyed
[19:28:36.751] [PARALLAX] [trace] Vulkan debug messenger destroyed
[19:28:36.751] [PARALLAX] [trace] Vulkan surface destroyed
[19:28:36.752] [PARALLAX] [trace] [Vulkan] Unloading layer library C:\Windows\System32\DriverStore\FileRepository\nv_dispi.inf_amd64_adc55ecfca814224\nvoglv64.dll
[19:28:36.752] [PARALLAX] [trace] [Vulkan] Unloading layer library C:\Windows\System32\DriverStore\FileRepository\nv_dispi.inf_amd64_adc55ecfca814224\nvoglv64.dll
[19:28:36.752] [PARALLAX] [trace] [Vulkan] Unloading layer library C:\ProgramData\obs-studio-hook\graphics-hook64.dll
[19:28:36.754] [PARALLAX] [trace] [Vulkan] Unloading layer library C:\VulkanSDK\1.4.341.1\Bin\VkLayer_khronos_validation.dll
[19:28:36.754] [PARALLAX] [trace] Vulkan instance destroyed
[19:28:36.771] [PARALLAX] [info] Window destroyed
[19:28:36.779] [PARALLAX] [info] Parallax shutdown complete.
[19:33:00.677] [PARALLAX] [info] Parallax v0.1.0 starting...
[19:33:00.831] [PARALLAX] [info] Window created: "Parallax" (1280x720) [Vulkan | resizable]
[19:33:00.833] [PARALLAX] [trace] SDL2 requires 2 Vulkan instance extension(s):
[19:33:00.833] [PARALLAX] [trace]   - VK_KHR_surface
[19:33:00.834] [PARALLAX] [trace]   - VK_KHR_win32_surface
[19:33:00.845] [PARALLAX] [info] Requesting 3 instance extension(s):
[19:33:00.846] [PARALLAX] [info]   - VK_KHR_surface
[19:33:00.846] [PARALLAX] [info]   - VK_KHR_win32_surface
[19:33:00.847] [PARALLAX] [info]   - VK_EXT_debug_utils
[19:33:00.847] [PARALLAX] [info] Validation layers enabled: VK_LAYER_KHRONOS_validation
[19:33:00.849] [PARALLAX] [trace] [Vulkan] windows_get_device_registry_files: GUID for 3 is not SoftwareComponent skipping
[19:33:00.853] [PARALLAX] [trace] [Vulkan] Searching for ICD drivers named .\nvoglv64.dll
[19:33:00.857] [PARALLAX] [trace] [Vulkan] Loading layer library C:\VulkanSDK\1.4.341.1\Bin\.\VkLayer_khronos_validation.dll
[19:33:00.860] [PARALLAX] [trace] [Vulkan] Loading layer library C:\ProgramData\obs-studio-hook\.\graphics-hook64.dll
[19:33:00.860] [PARALLAX] [trace] [Vulkan] Loading layer library C:\Windows\System32\DriverStore\FileRepository\nv_dispi.inf_amd64_adc55ecfca814224\.\nvoglv64.dll
[19:33:00.860] [PARALLAX] [trace] [Vulkan] Loading layer library C:\Windows\System32\DriverStore\FileRepository\nv_dispi.inf_amd64_adc55ecfca814224\.\nvoglv64.dll
[19:33:00.944] [PARALLAX] [info] Vulkan instance created (API 1.3)
[19:33:00.945] [PARALLAX] [info] Vulkan debug messenger created
[19:33:00.945] [PARALLAX] [info] Vulkan surface created
[19:33:00.947] [PARALLAX] [info] Found 1 Vulkan-capable GPU(s):
[19:33:00.948] [PARALLAX] [info]   - NVIDIA GeForce GTX 1660 (type: discrete)
[19:33:00.954] [PARALLAX] [info] Selected GPU: NVIDIA GeForce GTX 1660
[19:33:00.954] [PARALLAX] [info]   Driver version: 79.344.0
[19:33:00.954] [PARALLAX] [info]   Vulkan API: 1.4.325
[19:33:00.954] [PARALLAX] [info]   VRAM: 6180 MB
[19:33:00.955] [PARALLAX] [info]   Graphics queue family: 0
[19:33:00.955] [PARALLAX] [info]   Present queue family: 0
[19:33:01.017] [PARALLAX] [info] Vulkan logical device created
[19:33:01.021] [PARALLAX] [trace] Surface format: B8G8R8A8_SRGB + SRGB_NONLINEAR (preferred)
[19:33:01.021] [PARALLAX] [trace] Present mode: MAILBOX (triple buffering)
[19:33:01.046] [PARALLAX] [info] Swapchain created: 1280x720, 3 images, format 50, MAILBOX (triple buffer)
[19:33:01.047] [PARALLAX] [info] Shader directory: C:/Parallax-dev/Parallax/build/shaders
[19:33:01.047] [PARALLAX] [info] Render pass created
[19:33:01.048] [PARALLAX] [trace] Shader module loaded: test_star.vert.spv
[19:33:01.048] [PARALLAX] [trace] Shader module loaded: test_star.frag.spv
[19:33:01.050] [PARALLAX] [info] Graphics pipeline created (POINT_LIST, dynamic viewport/scissor)
[19:33:01.050] [PARALLAX] [info] Framebuffers created: 3 (1280x720)
[19:33:01.051] [PARALLAX] [trace] Sky background UBO created: 32 bytes
[19:33:01.052] [PARALLAX] [trace] Shader module loaded: sky_background.vert.spv
[19:33:01.052] [PARALLAX] [trace] Shader module loaded: sky_background.frag.spv
[19:33:01.054] [PARALLAX] [info] Sky background pipeline created (fullscreen triangle, UBO)
[19:33:01.055] [PARALLAX] [info] Sky background renderer initialized
[19:33:01.055] [PARALLAX] [trace] Starfield storage buffer created: 3200000 bytes (200000 stars)
[19:33:01.056] [PARALLAX] [trace] Shader module loaded: starfield.vert.spv
[19:33:01.056] [PARALLAX] [trace] Shader module loaded: starfield.frag.spv
[19:33:01.057] [PARALLAX] [info] Starfield pipeline created (POINT_LIST, additive blend, storage buffer)
[19:33:01.057] [PARALLAX] [info] Starfield renderer initialized (buffer capacity: 200000 stars)
[19:33:01.060] [PARALLAX] [trace] Font atlas created: 128x96 R8_UNORM, 95 glyphs
[19:33:01.061] [PARALLAX] [trace] Shader module loaded: text.vert.spv
[19:33:01.061] [PARALLAX] [trace] Shader module loaded: text.frag.spv
[19:33:01.062] [PARALLAX] [info] Text pipeline created (alpha blend, vertex-colored)
[19:33:01.062] [PARALLAX] [info] BitmapFont initialized (128x96 atlas, 4096 max chars/frame)
[19:33:02.507] [PARALLAX] [info] CatalogLoader: Loaded 116812 stars from data/catalogs/hipparcos.csv
[19:33:02.508] [PARALLAX] [info] Hipparcos catalog loaded: 116812 stars from data/catalogs/hipparcos.csv
[19:33:02.508] [PARALLAX] [info] Simulation start: JD 2461101.272946 (2026-03-01 18:33:02.5 UTC)
[19:33:02.509] [PARALLAX] [info] Observer: La Palma (28.76N, 17.89W)
[19:33:02.509] [PARALLAX] [info] Atmosphere initialized: k=0.2, Bortle 4
[19:33:02.509] [PARALLAX] [info] Command pool created
[19:33:02.510] [PARALLAX] [info] Command buffers allocated: 2
[19:33:02.510] [PARALLAX] [info] Sync objects created: 2 frames in flight, 3 image semaphores
[19:33:02.510] [PARALLAX] [info] Application initialized — all subsystems ready
[19:33:02.510] [PARALLAX] [info] Entering main loop...
[19:33:02.771] [PARALLAX] [trace] Stars: 116812 total | 5037 candidates (4%) | 299 visible | prefilter: 592 never-rises, 3238 below-hz, 107945 mag-cull
[19:33:03.027] [PARALLAX] [trace] Stars: 116812 total | 5037 candidates (4%) | 299 visible | prefilter: 592 never-rises, 3238 below-hz, 107945 mag-cull
[19:33:03.279] [PARALLAX] [trace] Stars: 116812 total | 5037 candidates (4%) | 300 visible | prefilter: 592 never-rises, 3238 below-hz, 107945 mag-cull
[19:33:03.531] [PARALLAX] [trace] Stars: 116812 total | 5037 candidates (4%) | 300 visible | prefilter: 592 never-rises, 3238 below-hz, 107945 mag-cull
[19:33:03.778] [PARALLAX] [trace] Stars: 116812 total | 2445 candidates (2%) | 456 visible | prefilter: 286 never-rises, 1609 below-hz, 112472 mag-cull
[19:33:03.915] [PARALLAX] [trace] Stars: 116812 total | 941 candidates (1%) | 383 visible | prefilter: 105 never-rises, 667 below-hz, 115099 mag-cull
[19:33:04.036] [PARALLAX] [trace] Stars: 116812 total | 876 candidates (1%) | 367 visible | prefilter: 99 never-rises, 630 below-hz, 115207 mag-cull
[19:33:04.165] [PARALLAX] [trace] Stars: 116812 total | 876 candidates (1%) | 367 visible | prefilter: 99 never-rises, 630 below-hz, 115207 mag-cull
[19:33:04.279] [PARALLAX] [trace] Stars: 116812 total | 876 candidates (1%) | 367 visible | prefilter: 99 never-rises, 630 below-hz, 115207 mag-cull
[19:33:04.334] [PARALLAX] [info] Time scale: x1000
[19:33:04.393] [PARALLAX] [trace] Stars: 116812 total | 873 candidates (1%) | 367 visible | prefilter: 99 never-rises, 633 below-hz, 115207 mag-cull
[19:33:04.503] [PARALLAX] [trace] Stars: 116812 total | 873 candidates (1%) | 365 visible | prefilter: 99 never-rises, 633 below-hz, 115207 mag-cull
[19:33:04.616] [PARALLAX] [trace] Stars: 116812 total | 876 candidates (1%) | 363 visible | prefilter: 99 never-rises, 630 below-hz, 115207 mag-cull
[19:33:04.739] [PARALLAX] [trace] Stars: 116812 total | 878 candidates (1%) | 363 visible | prefilter: 99 never-rises, 628 below-hz, 115207 mag-cull
[19:33:04.881] [PARALLAX] [trace] Stars: 116812 total | 881 candidates (1%) | 362 visible | prefilter: 99 never-rises, 625 below-hz, 115207 mag-cull
[19:33:05.001] [PARALLAX] [trace] Stars: 116812 total | 878 candidates (1%) | 362 visible | prefilter: 99 never-rises, 628 below-hz, 115207 mag-cull
[19:33:05.118] [PARALLAX] [trace] Stars: 116812 total | 878 candidates (1%) | 360 visible | prefilter: 99 never-rises, 628 below-hz, 115207 mag-cull
[19:33:05.231] [PARALLAX] [trace] Stars: 116812 total | 880 candidates (1%) | 359 visible | prefilter: 99 never-rises, 626 below-hz, 115207 mag-cull
[19:33:05.347] [PARALLAX] [trace] Stars: 116812 total | 880 candidates (1%) | 359 visible | prefilter: 99 never-rises, 626 below-hz, 115207 mag-cull
[19:33:05.461] [PARALLAX] [trace] Stars: 116812 total | 881 candidates (1%) | 359 visible | prefilter: 99 never-rises, 625 below-hz, 115207 mag-cull
[19:33:05.577] [PARALLAX] [trace] Stars: 116812 total | 880 candidates (1%) | 357 visible | prefilter: 99 never-rises, 626 below-hz, 115207 mag-cull
[19:33:05.698] [PARALLAX] [trace] Stars: 116812 total | 884 candidates (1%) | 358 visible | prefilter: 99 never-rises, 622 below-hz, 115207 mag-cull
[19:33:05.814] [PARALLAX] [trace] Stars: 116812 total | 884 candidates (1%) | 358 visible | prefilter: 99 never-rises, 622 below-hz, 115207 mag-cull
[19:33:05.928] [PARALLAX] [trace] Stars: 116812 total | 887 candidates (1%) | 358 visible | prefilter: 99 never-rises, 619 below-hz, 115207 mag-cull
[19:33:06.033] [PARALLAX] [trace] Stars: 116812 total | 886 candidates (1%) | 357 visible | prefilter: 99 never-rises, 620 below-hz, 115207 mag-cull
[19:33:06.145] [PARALLAX] [trace] Stars: 116812 total | 886 candidates (1%) | 355 visible | prefilter: 99 never-rises, 620 below-hz, 115207 mag-cull
[19:33:06.260] [PARALLAX] [trace] Stars: 116812 total | 887 candidates (1%) | 357 visible | prefilter: 99 never-rises, 619 below-hz, 115207 mag-cull
[19:33:06.370] [PARALLAX] [trace] Stars: 116812 total | 885 candidates (1%) | 359 visible | prefilter: 99 never-rises, 621 below-hz, 115207 mag-cull
[19:33:06.477] [PARALLAX] [trace] Stars: 116812 total | 882 candidates (1%) | 361 visible | prefilter: 99 never-rises, 624 below-hz, 115207 mag-cull
[19:33:06.586] [PARALLAX] [trace] Stars: 116812 total | 882 candidates (1%) | 360 visible | prefilter: 99 never-rises, 624 below-hz, 115207 mag-cull
[19:33:06.695] [PARALLAX] [trace] Stars: 116812 total | 882 candidates (1%) | 360 visible | prefilter: 99 never-rises, 624 below-hz, 115207 mag-cull
[19:33:06.804] [PARALLAX] [trace] Stars: 116812 total | 882 candidates (1%) | 359 visible | prefilter: 99 never-rises, 624 below-hz, 115207 mag-cull
[19:33:06.915] [PARALLAX] [trace] Stars: 116812 total | 882 candidates (1%) | 358 visible | prefilter: 99 never-rises, 624 below-hz, 115207 mag-cull
[19:33:07.026] [PARALLAX] [trace] Stars: 116812 total | 882 candidates (1%) | 357 visible | prefilter: 99 never-rises, 624 below-hz, 115207 mag-cull
[19:33:07.136] [PARALLAX] [trace] Stars: 116812 total | 884 candidates (1%) | 357 visible | prefilter: 99 never-rises, 622 below-hz, 115207 mag-cull
[19:33:07.243] [PARALLAX] [trace] Stars: 116812 total | 885 candidates (1%) | 358 visible | prefilter: 99 never-rises, 621 below-hz, 115207 mag-cull
[19:33:07.360] [PARALLAX] [trace] Stars: 116812 total | 886 candidates (1%) | 357 visible | prefilter: 99 never-rises, 620 below-hz, 115207 mag-cull
[19:33:07.473] [PARALLAX] [trace] Stars: 116812 total | 884 candidates (1%) | 357 visible | prefilter: 99 never-rises, 622 below-hz, 115207 mag-cull
[19:33:07.588] [PARALLAX] [trace] Stars: 116812 total | 885 candidates (1%) | 357 visible | prefilter: 99 never-rises, 621 below-hz, 115207 mag-cull
[19:33:07.703] [PARALLAX] [trace] Stars: 116812 total | 884 candidates (1%) | 358 visible | prefilter: 99 never-rises, 622 below-hz, 115207 mag-cull
[19:33:07.816] [PARALLAX] [trace] Stars: 116812 total | 884 candidates (1%) | 358 visible | prefilter: 99 never-rises, 622 below-hz, 115207 mag-cull
[19:33:07.933] [PARALLAX] [trace] Stars: 116812 total | 881 candidates (1%) | 357 visible | prefilter: 99 never-rises, 625 below-hz, 115207 mag-cull
[19:33:08.047] [PARALLAX] [trace] Stars: 116812 total | 881 candidates (1%) | 358 visible | prefilter: 99 never-rises, 625 below-hz, 115207 mag-cull
[19:33:08.161] [PARALLAX] [trace] Stars: 116812 total | 882 candidates (1%) | 359 visible | prefilter: 99 never-rises, 624 below-hz, 115207 mag-cull
[19:33:08.273] [PARALLAX] [trace] Stars: 116812 total | 884 candidates (1%) | 359 visible | prefilter: 99 never-rises, 622 below-hz, 115207 mag-cull
[19:33:08.388] [PARALLAX] [trace] Stars: 116812 total | 882 candidates (1%) | 359 visible | prefilter: 99 never-rises, 624 below-hz, 115207 mag-cull
[19:33:08.502] [PARALLAX] [trace] Stars: 116812 total | 882 candidates (1%) | 360 visible | prefilter: 99 never-rises, 624 below-hz, 115207 mag-cull
[19:33:08.616] [PARALLAX] [trace] Stars: 116812 total | 882 candidates (1%) | 359 visible | prefilter: 99 never-rises, 624 below-hz, 115207 mag-cull
[19:33:08.732] [PARALLAX] [trace] Stars: 116812 total | 882 candidates (1%) | 358 visible | prefilter: 99 never-rises, 624 below-hz, 115207 mag-cull
[19:33:08.844] [PARALLAX] [trace] Stars: 116812 total | 883 candidates (1%) | 359 visible | prefilter: 99 never-rises, 623 below-hz, 115207 mag-cull
[19:33:08.860] [PARALLAX] [info] Time scale: x-1000
[19:33:08.958] [PARALLAX] [trace] Stars: 116812 total | 883 candidates (1%) | 359 visible | prefilter: 99 never-rises, 623 below-hz, 115207 mag-cull
[19:33:09.072] [PARALLAX] [trace] Stars: 116812 total | 882 candidates (1%) | 359 visible | prefilter: 99 never-rises, 624 below-hz, 115207 mag-cull
[19:33:09.187] [PARALLAX] [trace] Stars: 116812 total | 882 candidates (1%) | 359 visible | prefilter: 99 never-rises, 624 below-hz, 115207 mag-cull
[19:33:09.303] [PARALLAX] [trace] Stars: 116812 total | 881 candidates (1%) | 359 visible | prefilter: 99 never-rises, 625 below-hz, 115207 mag-cull
[19:33:09.420] [PARALLAX] [trace] Stars: 116812 total | 884 candidates (1%) | 359 visible | prefilter: 99 never-rises, 622 below-hz, 115207 mag-cull
[19:33:09.534] [PARALLAX] [trace] Stars: 116812 total | 883 candidates (1%) | 359 visible | prefilter: 99 never-rises, 623 below-hz, 115207 mag-cull
[19:33:09.640] [PARALLAX] [trace] Stars: 116812 total | 882 candidates (1%) | 358 visible | prefilter: 99 never-rises, 624 below-hz, 115207 mag-cull
[19:33:09.758] [PARALLAX] [trace] Stars: 116812 total | 881 candidates (1%) | 357 visible | prefilter: 99 never-rises, 625 below-hz, 115207 mag-cull
[19:33:09.874] [PARALLAX] [trace] Stars: 116812 total | 885 candidates (1%) | 358 visible | prefilter: 99 never-rises, 621 below-hz, 115207 mag-cull
[19:33:09.992] [PARALLAX] [trace] Stars: 116812 total | 885 candidates (1%) | 358 visible | prefilter: 99 never-rises, 621 below-hz, 115207 mag-cull
[19:33:10.113] [PARALLAX] [trace] Stars: 116812 total | 885 candidates (1%) | 357 visible | prefilter: 99 never-rises, 621 below-hz, 115207 mag-cull
[19:33:10.228] [PARALLAX] [trace] Stars: 116812 total | 884 candidates (1%) | 357 visible | prefilter: 99 never-rises, 622 below-hz, 115207 mag-cull
[19:33:10.342] [PARALLAX] [trace] Stars: 116812 total | 887 candidates (1%) | 357 visible | prefilter: 99 never-rises, 619 below-hz, 115207 mag-cull
[19:33:10.457] [PARALLAX] [trace] Stars: 116812 total | 885 candidates (1%) | 358 visible | prefilter: 99 never-rises, 621 below-hz, 115207 mag-cull
[19:33:10.576] [PARALLAX] [trace] Stars: 116812 total | 884 candidates (1%) | 357 visible | prefilter: 99 never-rises, 622 below-hz, 115207 mag-cull
[19:33:10.693] [PARALLAX] [trace] Stars: 116812 total | 882 candidates (1%) | 357 visible | prefilter: 99 never-rises, 624 below-hz, 115207 mag-cull
[19:33:10.810] [PARALLAX] [trace] Stars: 116812 total | 882 candidates (1%) | 358 visible | prefilter: 99 never-rises, 624 below-hz, 115207 mag-cull
[19:33:10.924] [PARALLAX] [trace] Stars: 116812 total | 882 candidates (1%) | 359 visible | prefilter: 99 never-rises, 624 below-hz, 115207 mag-cull
[19:33:11.042] [PARALLAX] [trace] Stars: 116812 total | 883 candidates (1%) | 360 visible | prefilter: 99 never-rises, 623 below-hz, 115207 mag-cull
[19:33:11.154] [PARALLAX] [trace] Stars: 116812 total | 882 candidates (1%) | 360 visible | prefilter: 99 never-rises, 624 below-hz, 115207 mag-cull
[19:33:11.268] [PARALLAX] [trace] Stars: 116812 total | 884 candidates (1%) | 360 visible | prefilter: 99 never-rises, 622 below-hz, 115207 mag-cull
[19:33:11.385] [PARALLAX] [trace] Stars: 116812 total | 886 candidates (1%) | 359 visible | prefilter: 99 never-rises, 620 below-hz, 115207 mag-cull
[19:33:11.498] [PARALLAX] [trace] Stars: 116812 total | 886 candidates (1%) | 355 visible | prefilter: 99 never-rises, 620 below-hz, 115207 mag-cull
[19:33:11.548] [PARALLAX] [info] Time scale: x-1000
[19:33:11.612] [PARALLAX] [trace] Stars: 116812 total | 886 candidates (1%) | 357 visible | prefilter: 99 never-rises, 620 below-hz, 115207 mag-cull
[19:33:11.731] [PARALLAX] [trace] Stars: 116812 total | 886 candidates (1%) | 357 visible | prefilter: 99 never-rises, 620 below-hz, 115207 mag-cull
[19:33:11.845] [PARALLAX] [trace] Stars: 116812 total | 886 candidates (1%) | 358 visible | prefilter: 99 never-rises, 620 below-hz, 115207 mag-cull
[19:33:11.960] [PARALLAX] [trace] Stars: 116812 total | 884 candidates (1%) | 358 visible | prefilter: 99 never-rises, 622 below-hz, 115207 mag-cull
[19:33:12.074] [PARALLAX] [trace] Stars: 116812 total | 883 candidates (1%) | 357 visible | prefilter: 99 never-rises, 623 below-hz, 115207 mag-cull
[19:33:12.188] [PARALLAX] [trace] Stars: 116812 total | 880 candidates (1%) | 357 visible | prefilter: 99 never-rises, 626 below-hz, 115207 mag-cull
[19:33:12.300] [PARALLAX] [trace] Stars: 116812 total | 880 candidates (1%) | 359 visible | prefilter: 99 never-rises, 626 below-hz, 115207 mag-cull
[19:33:12.417] [PARALLAX] [trace] Stars: 116812 total | 879 candidates (1%) | 358 visible | prefilter: 99 never-rises, 627 below-hz, 115207 mag-cull
[19:33:12.530] [PARALLAX] [trace] Stars: 116812 total | 880 candidates (1%) | 360 visible | prefilter: 99 never-rises, 626 below-hz, 115207 mag-cull
[19:33:12.645] [PARALLAX] [trace] Stars: 116812 total | 878 candidates (1%) | 361 visible | prefilter: 99 never-rises, 628 below-hz, 115207 mag-cull
[19:33:12.763] [PARALLAX] [trace] Stars: 116812 total | 880 candidates (1%) | 362 visible | prefilter: 99 never-rises, 626 below-hz, 115207 mag-cull
[19:33:12.874] [PARALLAX] [trace] Stars: 116812 total | 880 candidates (1%) | 363 visible | prefilter: 99 never-rises, 626 below-hz, 115207 mag-cull
[19:33:12.985] [PARALLAX] [trace] Stars: 116812 total | 878 candidates (1%) | 363 visible | prefilter: 99 never-rises, 628 below-hz, 115207 mag-cull
[19:33:13.098] [PARALLAX] [trace] Stars: 116812 total | 877 candidates (1%) | 363 visible | prefilter: 99 never-rises, 629 below-hz, 115207 mag-cull
[19:33:13.212] [PARALLAX] [trace] Stars: 116812 total | 873 candidates (1%) | 365 visible | prefilter: 99 never-rises, 633 below-hz, 115207 mag-cull
[19:33:13.330] [PARALLAX] [trace] Stars: 116812 total | 873 candidates (1%) | 367 visible | prefilter: 99 never-rises, 633 below-hz, 115207 mag-cull
[19:33:13.448] [PARALLAX] [trace] Stars: 116812 total | 876 candidates (1%) | 368 visible | prefilter: 99 never-rises, 630 below-hz, 115207 mag-cull
[19:33:13.561] [PARALLAX] [trace] Stars: 116812 total | 877 candidates (1%) | 369 visible | prefilter: 99 never-rises, 629 below-hz, 115207 mag-cull
[19:33:13.670] [PARALLAX] [trace] Stars: 116812 total | 875 candidates (1%) | 369 visible | prefilter: 99 never-rises, 631 below-hz, 115207 mag-cull
[19:33:13.787] [PARALLAX] [trace] Stars: 116812 total | 875 candidates (1%) | 369 visible | prefilter: 99 never-rises, 631 below-hz, 115207 mag-cull
[19:33:13.902] [PARALLAX] [trace] Stars: 116812 total | 873 candidates (1%) | 370 visible | prefilter: 99 never-rises, 633 below-hz, 115207 mag-cull
[19:33:14.019] [PARALLAX] [trace] Stars: 116812 total | 875 candidates (1%) | 370 visible | prefilter: 99 never-rises, 631 below-hz, 115207 mag-cull
[19:33:14.128] [PARALLAX] [trace] Stars: 116812 total | 877 candidates (1%) | 368 visible | prefilter: 99 never-rises, 629 below-hz, 115207 mag-cull
[19:33:14.181] [PARALLAX] [info] Time scale: x-1000
[19:33:14.247] [PARALLAX] [trace] Stars: 116812 total | 876 candidates (1%) | 367 visible | prefilter: 99 never-rises, 630 below-hz, 115207 mag-cull
[19:33:14.360] [PARALLAX] [trace] Stars: 116812 total | 881 candidates (1%) | 368 visible | prefilter: 99 never-rises, 625 below-hz, 115207 mag-cull
[19:33:14.474] [PARALLAX] [trace] Stars: 116812 total | 881 candidates (1%) | 370 visible | prefilter: 99 never-rises, 625 below-hz, 115207 mag-cull
[19:33:14.587] [PARALLAX] [trace] Stars: 116812 total | 881 candidates (1%) | 371 visible | prefilter: 99 never-rises, 625 below-hz, 115207 mag-cull
[19:33:14.703] [PARALLAX] [trace] Stars: 116812 total | 877 candidates (1%) | 372 visible | prefilter: 99 never-rises, 629 below-hz, 115207 mag-cull
[19:33:14.772] [PARALLAX] [info] Time scale: x-1000
[19:33:14.820] [PARALLAX] [trace] Stars: 116812 total | 878 candidates (1%) | 371 visible | prefilter: 99 never-rises, 628 below-hz, 115207 mag-cull
[19:33:14.934] [PARALLAX] [trace] Stars: 116812 total | 877 candidates (1%) | 371 visible | prefilter: 99 never-rises, 629 below-hz, 115207 mag-cull
[19:33:15.051] [PARALLAX] [trace] Stars: 116812 total | 879 candidates (1%) | 371 visible | prefilter: 99 never-rises, 627 below-hz, 115207 mag-cull
[19:33:15.166] [PARALLAX] [trace] Stars: 116812 total | 882 candidates (1%) | 371 visible | prefilter: 99 never-rises, 624 below-hz, 115207 mag-cull
[19:33:15.279] [PARALLAX] [trace] Stars: 116812 total | 883 candidates (1%) | 371 visible | prefilter: 99 never-rises, 623 below-hz, 115207 mag-cull
[19:33:15.398] [PARALLAX] [trace] Stars: 116812 total | 886 candidates (1%) | 373 visible | prefilter: 99 never-rises, 620 below-hz, 115207 mag-cull
[19:33:15.515] [PARALLAX] [trace] Stars: 116812 total | 886 candidates (1%) | 373 visible | prefilter: 99 never-rises, 620 below-hz, 115207 mag-cull
[19:33:15.629] [PARALLAX] [trace] Stars: 116812 total | 887 candidates (1%) | 374 visible | prefilter: 99 never-rises, 619 below-hz, 115207 mag-cull
[19:33:15.744] [PARALLAX] [trace] Stars: 116812 total | 892 candidates (1%) | 373 visible | prefilter: 99 never-rises, 614 below-hz, 115207 mag-cull
[19:33:15.859] [PARALLAX] [trace] Stars: 116812 total | 894 candidates (1%) | 374 visible | prefilter: 99 never-rises, 612 below-hz, 115207 mag-cull
[19:33:15.975] [PARALLAX] [trace] Stars: 116812 total | 895 candidates (1%) | 373 visible | prefilter: 99 never-rises, 611 below-hz, 115207 mag-cull
[19:33:16.091] [PARALLAX] [trace] Stars: 116812 total | 896 candidates (1%) | 374 visible | prefilter: 99 never-rises, 610 below-hz, 115207 mag-cull
[19:33:16.206] [PARALLAX] [trace] Stars: 116812 total | 895 candidates (1%) | 374 visible | prefilter: 99 never-rises, 611 below-hz, 115207 mag-cull
[19:33:16.317] [PARALLAX] [trace] Stars: 116812 total | 893 candidates (1%) | 374 visible | prefilter: 99 never-rises, 613 below-hz, 115207 mag-cull
[19:33:16.435] [PARALLAX] [trace] Stars: 116812 total | 895 candidates (1%) | 371 visible | prefilter: 99 never-rises, 611 below-hz, 115207 mag-cull
[19:33:16.540] [PARALLAX] [trace] Stars: 116812 total | 894 candidates (1%) | 371 visible | prefilter: 99 never-rises, 612 below-hz, 115207 mag-cull
[19:33:16.651] [PARALLAX] [trace] Stars: 116812 total | 895 candidates (1%) | 371 visible | prefilter: 99 never-rises, 611 below-hz, 115207 mag-cull
[19:33:16.764] [PARALLAX] [trace] Stars: 116812 total | 894 candidates (1%) | 371 visible | prefilter: 99 never-rises, 612 below-hz, 115207 mag-cull
[19:33:16.875] [PARALLAX] [trace] Stars: 116812 total | 892 candidates (1%) | 370 visible | prefilter: 99 never-rises, 614 below-hz, 115207 mag-cull
[19:33:16.988] [PARALLAX] [trace] Stars: 116812 total | 892 candidates (1%) | 371 visible | prefilter: 99 never-rises, 614 below-hz, 115207 mag-cull
[19:33:17.101] [PARALLAX] [trace] Stars: 116812 total | 890 candidates (1%) | 372 visible | prefilter: 99 never-rises, 616 below-hz, 115207 mag-cull
[19:33:17.211] [PARALLAX] [trace] Stars: 116812 total | 890 candidates (1%) | 372 visible | prefilter: 99 never-rises, 616 below-hz, 115207 mag-cull
[19:33:17.321] [PARALLAX] [trace] Stars: 116812 total | 891 candidates (1%) | 372 visible | prefilter: 99 never-rises, 615 below-hz, 115207 mag-cull
[19:33:17.433] [PARALLAX] [trace] Stars: 116812 total | 889 candidates (1%) | 371 visible | prefilter: 99 never-rises, 617 below-hz, 115207 mag-cull
[19:33:17.543] [PARALLAX] [trace] Stars: 116812 total | 891 candidates (1%) | 371 visible | prefilter: 99 never-rises, 615 below-hz, 115207 mag-cull
[19:33:17.656] [PARALLAX] [trace] Stars: 116812 total | 894 candidates (1%) | 373 visible | prefilter: 99 never-rises, 612 below-hz, 115207 mag-cull
[19:33:17.768] [PARALLAX] [trace] Stars: 116812 total | 897 candidates (1%) | 374 visible | prefilter: 99 never-rises, 609 below-hz, 115207 mag-cull
[19:33:17.889] [PARALLAX] [trace] Stars: 116812 total | 894 candidates (1%) | 371 visible | prefilter: 99 never-rises, 612 below-hz, 115207 mag-cull
[19:33:17.996] [PARALLAX] [trace] Stars: 116812 total | 893 candidates (1%) | 371 visible | prefilter: 99 never-rises, 613 below-hz, 115207 mag-cull
[19:33:18.109] [PARALLAX] [trace] Stars: 116812 total | 888 candidates (1%) | 371 visible | prefilter: 99 never-rises, 618 below-hz, 115207 mag-cull
[19:33:18.223] [PARALLAX] [trace] Stars: 116812 total | 889 candidates (1%) | 371 visible | prefilter: 99 never-rises, 617 below-hz, 115207 mag-cull
[19:33:18.335] [PARALLAX] [trace] Stars: 116812 total | 887 candidates (1%) | 372 visible | prefilter: 99 never-rises, 619 below-hz, 115207 mag-cull
[19:33:18.450] [PARALLAX] [trace] Stars: 116812 total | 884 candidates (1%) | 371 visible | prefilter: 99 never-rises, 622 below-hz, 115207 mag-cull
[19:33:18.559] [PARALLAX] [trace] Stars: 116812 total | 883 candidates (1%) | 372 visible | prefilter: 99 never-rises, 623 below-hz, 115207 mag-cull
[19:33:18.670] [PARALLAX] [trace] Stars: 116812 total | 885 candidates (1%) | 373 visible | prefilter: 99 never-rises, 621 below-hz, 115207 mag-cull
[19:33:18.783] [PARALLAX] [trace] Stars: 116812 total | 884 candidates (1%) | 372 visible | prefilter: 99 never-rises, 622 below-hz, 115207 mag-cull
[19:33:18.894] [PARALLAX] [trace] Stars: 116812 total | 881 candidates (1%) | 372 visible | prefilter: 99 never-rises, 625 below-hz, 115207 mag-cull
[19:33:19.007] [PARALLAX] [trace] Stars: 116812 total | 881 candidates (1%) | 372 visible | prefilter: 99 never-rises, 625 below-hz, 115207 mag-cull
[19:33:19.121] [PARALLAX] [trace] Stars: 116812 total | 879 candidates (1%) | 374 visible | prefilter: 99 never-rises, 627 below-hz, 115207 mag-cull
[19:33:19.231] [PARALLAX] [trace] Stars: 116812 total | 879 candidates (1%) | 374 visible | prefilter: 99 never-rises, 627 below-hz, 115207 mag-cull
[19:33:19.340] [PARALLAX] [trace] Stars: 116812 total | 880 candidates (1%) | 375 visible | prefilter: 99 never-rises, 626 below-hz, 115207 mag-cull
[19:33:19.453] [PARALLAX] [trace] Stars: 116812 total | 878 candidates (1%) | 379 visible | prefilter: 99 never-rises, 628 below-hz, 115207 mag-cull
[19:33:19.562] [PARALLAX] [trace] Stars: 116812 total | 873 candidates (1%) | 379 visible | prefilter: 99 never-rises, 633 below-hz, 115207 mag-cull
[19:33:19.612] [PARALLAX] [info] Time scale: x-1000
[19:33:19.677] [PARALLAX] [trace] Stars: 116812 total | 874 candidates (1%) | 379 visible | prefilter: 99 never-rises, 632 below-hz, 115207 mag-cull
[19:33:19.788] [PARALLAX] [trace] Stars: 116812 total | 876 candidates (1%) | 380 visible | prefilter: 99 never-rises, 630 below-hz, 115207 mag-cull
[19:33:19.901] [PARALLAX] [trace] Stars: 116812 total | 876 candidates (1%) | 379 visible | prefilter: 99 never-rises, 630 below-hz, 115207 mag-cull
[19:33:20.014] [PARALLAX] [trace] Stars: 116812 total | 876 candidates (1%) | 378 visible | prefilter: 99 never-rises, 630 below-hz, 115207 mag-cull
[19:33:20.125] [PARALLAX] [trace] Stars: 116812 total | 877 candidates (1%) | 377 visible | prefilter: 99 never-rises, 629 below-hz, 115207 mag-cull
[19:33:20.243] [PARALLAX] [trace] Stars: 116812 total | 878 candidates (1%) | 377 visible | prefilter: 99 never-rises, 628 below-hz, 115207 mag-cull
[19:33:20.370] [PARALLAX] [trace] Stars: 116812 total | 877 candidates (1%) | 377 visible | prefilter: 99 never-rises, 629 below-hz, 115207 mag-cull
[19:33:20.479] [PARALLAX] [trace] Stars: 116812 total | 877 candidates (1%) | 376 visible | prefilter: 99 never-rises, 629 below-hz, 115207 mag-cull
[19:33:20.592] [PARALLAX] [trace] Stars: 116812 total | 876 candidates (1%) | 376 visible | prefilter: 99 never-rises, 630 below-hz, 115207 mag-cull
[19:33:20.706] [PARALLAX] [trace] Stars: 116812 total | 876 candidates (1%) | 376 visible | prefilter: 99 never-rises, 630 below-hz, 115207 mag-cull
[19:33:20.821] [PARALLAX] [trace] Stars: 116812 total | 879 candidates (1%) | 378 visible | prefilter: 99 never-rises, 627 below-hz, 115207 mag-cull
[19:33:20.933] [PARALLAX] [trace] Stars: 116812 total | 876 candidates (1%) | 378 visible | prefilter: 99 never-rises, 630 below-hz, 115207 mag-cull
[19:33:21.044] [PARALLAX] [trace] Stars: 116812 total | 877 candidates (1%) | 379 visible | prefilter: 99 never-rises, 629 below-hz, 115207 mag-cull
[19:33:21.155] [PARALLAX] [trace] Stars: 116812 total | 875 candidates (1%) | 378 visible | prefilter: 99 never-rises, 631 below-hz, 115207 mag-cull
[19:33:21.268] [PARALLAX] [trace] Stars: 116812 total | 872 candidates (1%) | 377 visible | prefilter: 99 never-rises, 634 below-hz, 115207 mag-cull
[19:33:21.380] [PARALLAX] [trace] Stars: 116812 total | 870 candidates (1%) | 375 visible | prefilter: 99 never-rises, 636 below-hz, 115207 mag-cull
[19:33:21.492] [PARALLAX] [trace] Stars: 116812 total | 871 candidates (1%) | 376 visible | prefilter: 99 never-rises, 635 below-hz, 115207 mag-cull
[19:33:21.603] [PARALLAX] [trace] Stars: 116812 total | 871 candidates (1%) | 376 visible | prefilter: 99 never-rises, 635 below-hz, 115207 mag-cull
[19:33:21.716] [PARALLAX] [trace] Stars: 116812 total | 869 candidates (1%) | 376 visible | prefilter: 99 never-rises, 637 below-hz, 115207 mag-cull
[19:33:21.828] [PARALLAX] [trace] Stars: 116812 total | 868 candidates (1%) | 376 visible | prefilter: 99 never-rises, 638 below-hz, 115207 mag-cull
[19:33:21.939] [PARALLAX] [trace] Stars: 116812 total | 867 candidates (1%) | 375 visible | prefilter: 99 never-rises, 639 below-hz, 115207 mag-cull
[19:33:21.971] [PARALLAX] [info] Time scale: x-1000
[19:33:22.054] [PARALLAX] [trace] Stars: 116812 total | 864 candidates (1%) | 374 visible | prefilter: 99 never-rises, 642 below-hz, 115207 mag-cull
[19:33:22.166] [PARALLAX] [trace] Stars: 116812 total | 866 candidates (1%) | 374 visible | prefilter: 99 never-rises, 640 below-hz, 115207 mag-cull
[19:33:22.278] [PARALLAX] [trace] Stars: 116812 total | 864 candidates (1%) | 374 visible | prefilter: 99 never-rises, 642 below-hz, 115207 mag-cull
[19:33:22.388] [PARALLAX] [info] Time scale: x-1000
[19:33:22.392] [PARALLAX] [trace] Stars: 116812 total | 865 candidates (1%) | 373 visible | prefilter: 99 never-rises, 641 below-hz, 115207 mag-cull
[19:33:22.502] [PARALLAX] [trace] Stars: 116812 total | 869 candidates (1%) | 375 visible | prefilter: 99 never-rises, 637 below-hz, 115207 mag-cull
[19:33:22.614] [PARALLAX] [trace] Stars: 116812 total | 869 candidates (1%) | 374 visible | prefilter: 99 never-rises, 637 below-hz, 115207 mag-cull
[19:33:22.727] [PARALLAX] [trace] Stars: 116812 total | 866 candidates (1%) | 375 visible | prefilter: 99 never-rises, 640 below-hz, 115207 mag-cull
[19:33:22.838] [PARALLAX] [trace] Stars: 116812 total | 867 candidates (1%) | 375 visible | prefilter: 99 never-rises, 639 below-hz, 115207 mag-cull
[19:33:22.952] [PARALLAX] [trace] Stars: 116812 total | 870 candidates (1%) | 376 visible | prefilter: 99 never-rises, 636 below-hz, 115207 mag-cull
[19:33:23.061] [PARALLAX] [trace] Stars: 116812 total | 868 candidates (1%) | 378 visible | prefilter: 99 never-rises, 638 below-hz, 115207 mag-cull
[19:33:23.174] [PARALLAX] [trace] Stars: 116812 total | 867 candidates (1%) | 378 visible | prefilter: 99 never-rises, 639 below-hz, 115207 mag-cull
[19:33:23.286] [PARALLAX] [trace] Stars: 116812 total | 868 candidates (1%) | 375 visible | prefilter: 99 never-rises, 638 below-hz, 115207 mag-cull
[19:33:23.348] [PARALLAX] [info] Time scale: x-1000
[19:33:23.402] [PARALLAX] [trace] Stars: 116812 total | 869 candidates (1%) | 374 visible | prefilter: 99 never-rises, 637 below-hz, 115207 mag-cull
[19:33:23.513] [PARALLAX] [trace] Stars: 116812 total | 868 candidates (1%) | 374 visible | prefilter: 99 never-rises, 638 below-hz, 115207 mag-cull
[19:33:23.623] [PARALLAX] [trace] Stars: 116812 total | 869 candidates (1%) | 372 visible | prefilter: 99 never-rises, 637 below-hz, 115207 mag-cull
[19:33:23.735] [PARALLAX] [trace] Stars: 116812 total | 869 candidates (1%) | 369 visible | prefilter: 99 never-rises, 637 below-hz, 115207 mag-cull
[19:33:23.804] [PARALLAX] [info] Time scale: x-1000
[19:33:23.850] [PARALLAX] [trace] Stars: 116812 total | 867 candidates (1%) | 368 visible | prefilter: 99 never-rises, 639 below-hz, 115207 mag-cull
[19:33:23.962] [PARALLAX] [trace] Stars: 116812 total | 867 candidates (1%) | 364 visible | prefilter: 99 never-rises, 639 below-hz, 115207 mag-cull
[19:33:24.045] [PARALLAX] [info] Time scale: x-1000
[19:33:24.075] [PARALLAX] [trace] Stars: 116812 total | 866 candidates (1%) | 366 visible | prefilter: 99 never-rises, 640 below-hz, 115207 mag-cull
[19:33:24.191] [PARALLAX] [trace] Stars: 116812 total | 868 candidates (1%) | 364 visible | prefilter: 99 never-rises, 638 below-hz, 115207 mag-cull
[19:33:24.212] [PARALLAX] [info] Time scale: x-1000
[19:33:24.305] [PARALLAX] [trace] Stars: 116812 total | 867 candidates (1%) | 363 visible | prefilter: 99 never-rises, 639 below-hz, 115207 mag-cull
[19:33:24.340] [PARALLAX] [info] Time scale: x-1000
[19:33:24.422] [PARALLAX] [trace] Stars: 116812 total | 866 candidates (1%) | 363 visible | prefilter: 99 never-rises, 640 below-hz, 115207 mag-cull
[19:33:24.534] [PARALLAX] [trace] Stars: 116812 total | 868 candidates (1%) | 362 visible | prefilter: 99 never-rises, 638 below-hz, 115207 mag-cull
[19:33:24.646] [PARALLAX] [trace] Stars: 116812 total | 869 candidates (1%) | 362 visible | prefilter: 99 never-rises, 637 below-hz, 115207 mag-cull
[19:33:24.759] [PARALLAX] [trace] Stars: 116812 total | 867 candidates (1%) | 362 visible | prefilter: 99 never-rises, 639 below-hz, 115207 mag-cull
[19:33:24.836] [PARALLAX] [info] Time scale: x-1000
[19:33:24.871] [PARALLAX] [trace] Stars: 116812 total | 868 candidates (1%) | 361 visible | prefilter: 99 never-rises, 638 below-hz, 115207 mag-cull
[19:33:24.981] [PARALLAX] [trace] Stars: 116812 total | 867 candidates (1%) | 360 visible | prefilter: 99 never-rises, 639 below-hz, 115207 mag-cull
[19:33:24.988] [PARALLAX] [info] Time scale: x-1000
[19:33:25.094] [PARALLAX] [trace] Stars: 116812 total | 869 candidates (1%) | 362 visible | prefilter: 99 never-rises, 637 below-hz, 115207 mag-cull
[19:33:25.205] [PARALLAX] [trace] Stars: 116812 total | 869 candidates (1%) | 363 visible | prefilter: 99 never-rises, 637 below-hz, 115207 mag-cull
[19:33:25.317] [PARALLAX] [trace] Stars: 116812 total | 868 candidates (1%) | 363 visible | prefilter: 99 never-rises, 638 below-hz, 115207 mag-cull
[19:33:25.431] [PARALLAX] [trace] Stars: 116812 total | 867 candidates (1%) | 360 visible | prefilter: 99 never-rises, 639 below-hz, 115207 mag-cull
[19:33:25.541] [PARALLAX] [trace] Stars: 116812 total | 869 candidates (1%) | 359 visible | prefilter: 99 never-rises, 637 below-hz, 115207 mag-cull
[19:33:25.652] [PARALLAX] [trace] Stars: 116812 total | 868 candidates (1%) | 359 visible | prefilter: 99 never-rises, 638 below-hz, 115207 mag-cull
[19:33:25.764] [PARALLAX] [trace] Stars: 116812 total | 868 candidates (1%) | 359 visible | prefilter: 99 never-rises, 638 below-hz, 115207 mag-cull
[19:33:25.873] [PARALLAX] [trace] Stars: 116812 total | 869 candidates (1%) | 359 visible | prefilter: 99 never-rises, 637 below-hz, 115207 mag-cull
[19:33:25.984] [PARALLAX] [trace] Stars: 116812 total | 869 candidates (1%) | 359 visible | prefilter: 99 never-rises, 637 below-hz, 115207 mag-cull
[19:33:26.094] [PARALLAX] [trace] Stars: 116812 total | 869 candidates (1%) | 359 visible | prefilter: 99 never-rises, 637 below-hz, 115207 mag-cull
[19:33:26.210] [PARALLAX] [trace] Stars: 116812 total | 868 candidates (1%) | 358 visible | prefilter: 99 never-rises, 638 below-hz, 115207 mag-cull
[19:33:26.321] [PARALLAX] [trace] Stars: 116812 total | 870 candidates (1%) | 359 visible | prefilter: 99 never-rises, 636 below-hz, 115207 mag-cull
[19:33:26.435] [PARALLAX] [trace] Stars: 116812 total | 871 candidates (1%) | 359 visible | prefilter: 99 never-rises, 635 below-hz, 115207 mag-cull
[19:33:26.545] [PARALLAX] [trace] Stars: 116812 total | 871 candidates (1%) | 359 visible | prefilter: 99 never-rises, 635 below-hz, 115207 mag-cull
[19:33:26.657] [PARALLAX] [trace] Stars: 116812 total | 869 candidates (1%) | 359 visible | prefilter: 99 never-rises, 637 below-hz, 115207 mag-cull
[19:33:26.771] [PARALLAX] [trace] Stars: 116812 total | 871 candidates (1%) | 358 visible | prefilter: 99 never-rises, 635 below-hz, 115207 mag-cull
[19:33:26.882] [PARALLAX] [trace] Stars: 116812 total | 876 candidates (1%) | 358 visible | prefilter: 99 never-rises, 630 below-hz, 115207 mag-cull
[19:33:26.994] [PARALLAX] [trace] Stars: 116812 total | 877 candidates (1%) | 358 visible | prefilter: 99 never-rises, 629 below-hz, 115207 mag-cull
[19:33:27.106] [PARALLAX] [trace] Stars: 116812 total | 878 candidates (1%) | 358 visible | prefilter: 99 never-rises, 628 below-hz, 115207 mag-cull
[19:33:27.220] [PARALLAX] [trace] Stars: 116812 total | 878 candidates (1%) | 358 visible | prefilter: 99 never-rises, 628 below-hz, 115207 mag-cull
[19:33:27.329] [PARALLAX] [trace] Stars: 116812 total | 877 candidates (1%) | 359 visible | prefilter: 99 never-rises, 629 below-hz, 115207 mag-cull
[19:33:27.442] [PARALLAX] [trace] Stars: 116812 total | 877 candidates (1%) | 358 visible | prefilter: 99 never-rises, 629 below-hz, 115207 mag-cull
[19:33:27.554] [PARALLAX] [trace] Stars: 116812 total | 878 candidates (1%) | 359 visible | prefilter: 99 never-rises, 628 below-hz, 115207 mag-cull
[19:33:27.665] [PARALLAX] [trace] Stars: 116812 total | 880 candidates (1%) | 359 visible | prefilter: 99 never-rises, 626 below-hz, 115207 mag-cull
[19:33:27.779] [PARALLAX] [trace] Stars: 116812 total | 880 candidates (1%) | 359 visible | prefilter: 99 never-rises, 626 below-hz, 115207 mag-cull
[19:33:27.891] [PARALLAX] [trace] Stars: 116812 total | 882 candidates (1%) | 360 visible | prefilter: 99 never-rises, 624 below-hz, 115207 mag-cull
[19:33:28.003] [PARALLAX] [trace] Stars: 116812 total | 884 candidates (1%) | 360 visible | prefilter: 99 never-rises, 622 below-hz, 115207 mag-cull
[19:33:28.114] [PARALLAX] [trace] Stars: 116812 total | 884 candidates (1%) | 361 visible | prefilter: 99 never-rises, 622 below-hz, 115207 mag-cull
[19:33:28.228] [PARALLAX] [trace] Stars: 116812 total | 888 candidates (1%) | 361 visible | prefilter: 99 never-rises, 618 below-hz, 115207 mag-cull
[19:33:28.340] [PARALLAX] [trace] Stars: 116812 total | 892 candidates (1%) | 362 visible | prefilter: 99 never-rises, 614 below-hz, 115207 mag-cull
[19:33:28.454] [PARALLAX] [trace] Stars: 116812 total | 892 candidates (1%) | 362 visible | prefilter: 99 never-rises, 614 below-hz, 115207 mag-cull
[19:33:28.566] [PARALLAX] [trace] Stars: 116812 total | 890 candidates (1%) | 362 visible | prefilter: 99 never-rises, 616 below-hz, 115207 mag-cull
[19:33:28.679] [PARALLAX] [trace] Stars: 116812 total | 890 candidates (1%) | 364 visible | prefilter: 99 never-rises, 616 below-hz, 115207 mag-cull
[19:33:28.790] [PARALLAX] [trace] Stars: 116812 total | 890 candidates (1%) | 364 visible | prefilter: 99 never-rises, 616 below-hz, 115207 mag-cull
[19:33:28.903] [PARALLAX] [trace] Stars: 116812 total | 890 candidates (1%) | 363 visible | prefilter: 99 never-rises, 616 below-hz, 115207 mag-cull
[19:33:29.014] [PARALLAX] [trace] Stars: 116812 total | 893 candidates (1%) | 362 visible | prefilter: 99 never-rises, 613 below-hz, 115207 mag-cull
[19:33:29.123] [PARALLAX] [trace] Stars: 116812 total | 890 candidates (1%) | 363 visible | prefilter: 99 never-rises, 616 below-hz, 115207 mag-cull
[19:33:29.235] [PARALLAX] [trace] Stars: 116812 total | 889 candidates (1%) | 363 visible | prefilter: 99 never-rises, 617 below-hz, 115207 mag-cull
[19:33:29.350] [PARALLAX] [trace] Stars: 116812 total | 892 candidates (1%) | 365 visible | prefilter: 99 never-rises, 614 below-hz, 115207 mag-cull
[19:33:29.464] [PARALLAX] [trace] Stars: 116812 total | 893 candidates (1%) | 367 visible | prefilter: 99 never-rises, 613 below-hz, 115207 mag-cull
[19:33:29.574] [PARALLAX] [trace] Stars: 116812 total | 895 candidates (1%) | 368 visible | prefilter: 99 never-rises, 611 below-hz, 115207 mag-cull
[19:33:29.675] [PARALLAX] [info] Time scale: x-1000
[19:33:29.687] [PARALLAX] [trace] Stars: 116812 total | 891 candidates (1%) | 368 visible | prefilter: 99 never-rises, 615 below-hz, 115207 mag-cull
[19:33:29.798] [PARALLAX] [trace] Stars: 116812 total | 893 candidates (1%) | 369 visible | prefilter: 99 never-rises, 613 below-hz, 115207 mag-cull
[19:33:29.844] [PARALLAX] [info] Time scale: x-1000
[19:33:29.912] [PARALLAX] [trace] Stars: 116812 total | 892 candidates (1%) | 370 visible | prefilter: 99 never-rises, 614 below-hz, 115207 mag-cull
[19:33:30.024] [PARALLAX] [trace] Stars: 116812 total | 893 candidates (1%) | 371 visible | prefilter: 99 never-rises, 613 below-hz, 115207 mag-cull
[19:33:30.134] [PARALLAX] [trace] Stars: 116812 total | 893 candidates (1%) | 372 visible | prefilter: 99 never-rises, 613 below-hz, 115207 mag-cull
[19:33:30.245] [PARALLAX] [trace] Stars: 116812 total | 890 candidates (1%) | 372 visible | prefilter: 99 never-rises, 616 below-hz, 115207 mag-cull
[19:33:30.349] [PARALLAX] [info] Time scale: x-1000
[19:33:30.361] [PARALLAX] [trace] Stars: 116812 total | 886 candidates (1%) | 372 visible | prefilter: 99 never-rises, 620 below-hz, 115207 mag-cull
[19:33:30.475] [PARALLAX] [trace] Stars: 116812 total | 885 candidates (1%) | 370 visible | prefilter: 99 never-rises, 621 below-hz, 115207 mag-cull
[19:33:30.524] [PARALLAX] [info] Time scale: x-1000
[19:33:30.593] [PARALLAX] [trace] Stars: 116812 total | 884 candidates (1%) | 368 visible | prefilter: 99 never-rises, 622 below-hz, 115207 mag-cull
[19:33:30.708] [PARALLAX] [trace] Stars: 116812 total | 887 candidates (1%) | 365 visible | prefilter: 99 never-rises, 619 below-hz, 115207 mag-cull
[19:33:30.804] [PARALLAX] [info] Time scale: x-1000
[19:33:30.840] [PARALLAX] [trace] Stars: 116812 total | 885 candidates (1%) | 363 visible | prefilter: 99 never-rises, 621 below-hz, 115207 mag-cull
[19:33:30.953] [PARALLAX] [trace] Stars: 116812 total | 887 candidates (1%) | 363 visible | prefilter: 99 never-rises, 619 below-hz, 115207 mag-cull
[19:33:30.980] [PARALLAX] [info] Time scale: x-1000
[19:33:31.064] [PARALLAX] [trace] Stars: 116812 total | 888 candidates (1%) | 362 visible | prefilter: 99 never-rises, 618 below-hz, 115207 mag-cull
[19:33:31.175] [PARALLAX] [trace] Stars: 116812 total | 889 candidates (1%) | 361 visible | prefilter: 99 never-rises, 617 below-hz, 115207 mag-cull
[19:33:31.287] [PARALLAX] [trace] Stars: 116812 total | 893 candidates (1%) | 362 visible | prefilter: 99 never-rises, 613 below-hz, 115207 mag-cull
[19:33:31.401] [PARALLAX] [trace] Stars: 116812 total | 893 candidates (1%) | 363 visible | prefilter: 99 never-rises, 613 below-hz, 115207 mag-cull
[19:33:31.510] [PARALLAX] [trace] Stars: 116812 total | 895 candidates (1%) | 363 visible | prefilter: 99 never-rises, 611 below-hz, 115207 mag-cull
[19:33:31.622] [PARALLAX] [trace] Stars: 116812 total | 896 candidates (1%) | 363 visible | prefilter: 99 never-rises, 610 below-hz, 115207 mag-cull
[19:33:31.734] [PARALLAX] [trace] Stars: 116812 total | 896 candidates (1%) | 363 visible | prefilter: 99 never-rises, 610 below-hz, 115207 mag-cull
[19:33:31.844] [PARALLAX] [trace] Stars: 116812 total | 901 candidates (1%) | 363 visible | prefilter: 99 never-rises, 605 below-hz, 115207 mag-cull
[19:33:31.957] [PARALLAX] [trace] Stars: 116812 total | 901 candidates (1%) | 363 visible | prefilter: 99 never-rises, 605 below-hz, 115207 mag-cull
[19:33:32.068] [PARALLAX] [trace] Stars: 116812 total | 896 candidates (1%) | 362 visible | prefilter: 99 never-rises, 610 below-hz, 115207 mag-cull
[19:33:32.180] [PARALLAX] [trace] Stars: 116812 total | 896 candidates (1%) | 363 visible | prefilter: 99 never-rises, 610 below-hz, 115207 mag-cull
[19:33:32.276] [PARALLAX] [info] Time paused
[19:33:32.295] [PARALLAX] [trace] Stars: 116812 total | 894 candidates (1%) | 364 visible | prefilter: 99 never-rises, 612 below-hz, 115207 mag-cull
[19:33:32.408] [PARALLAX] [trace] Stars: 116812 total | 894 candidates (1%) | 364 visible | prefilter: 99 never-rises, 612 below-hz, 115207 mag-cull
[19:33:32.519] [PARALLAX] [trace] Stars: 116812 total | 894 candidates (1%) | 364 visible | prefilter: 99 never-rises, 612 below-hz, 115207 mag-cull
[19:33:32.630] [PARALLAX] [trace] Stars: 116812 total | 894 candidates (1%) | 364 visible | prefilter: 99 never-rises, 612 below-hz, 115207 mag-cull
[19:33:32.743] [PARALLAX] [trace] Stars: 116812 total | 894 candidates (1%) | 364 visible | prefilter: 99 never-rises, 612 below-hz, 115207 mag-cull
[19:33:32.756] [PARALLAX] [info] Time scale: x-1
[19:33:32.856] [PARALLAX] [trace] Stars: 116812 total | 894 candidates (1%) | 364 visible | prefilter: 99 never-rises, 612 below-hz, 115207 mag-cull
[19:33:32.970] [PARALLAX] [trace] Stars: 116812 total | 894 candidates (1%) | 364 visible | prefilter: 99 never-rises, 612 below-hz, 115207 mag-cull
[19:33:33.081] [PARALLAX] [trace] Stars: 116812 total | 894 candidates (1%) | 364 visible | prefilter: 99 never-rises, 612 below-hz, 115207 mag-cull
[19:33:33.192] [PARALLAX] [trace] Stars: 116812 total | 894 candidates (1%) | 364 visible | prefilter: 99 never-rises, 612 below-hz, 115207 mag-cull
[19:33:33.303] [PARALLAX] [trace] Stars: 116812 total | 894 candidates (1%) | 364 visible | prefilter: 99 never-rises, 612 below-hz, 115207 mag-cull
[19:33:33.415] [PARALLAX] [trace] Stars: 116812 total | 894 candidates (1%) | 364 visible | prefilter: 99 never-rises, 612 below-hz, 115207 mag-cull
[19:33:33.526] [PARALLAX] [trace] Stars: 116812 total | 894 candidates (1%) | 364 visible | prefilter: 99 never-rises, 612 below-hz, 115207 mag-cull
[19:33:33.638] [PARALLAX] [trace] Stars: 116812 total | 894 candidates (1%) | 364 visible | prefilter: 99 never-rises, 612 below-hz, 115207 mag-cull
[19:33:33.750] [PARALLAX] [trace] Stars: 116812 total | 894 candidates (1%) | 364 visible | prefilter: 99 never-rises, 612 below-hz, 115207 mag-cull
[19:33:33.861] [PARALLAX] [trace] Stars: 116812 total | 894 candidates (1%) | 364 visible | prefilter: 99 never-rises, 612 below-hz, 115207 mag-cull
[19:33:33.974] [PARALLAX] [trace] Stars: 116812 total | 894 candidates (1%) | 364 visible | prefilter: 99 never-rises, 612 below-hz, 115207 mag-cull
[19:33:34.085] [PARALLAX] [trace] Stars: 116812 total | 894 candidates (1%) | 364 visible | prefilter: 99 never-rises, 612 below-hz, 115207 mag-cull
[19:33:34.198] [PARALLAX] [trace] Stars: 116812 total | 893 candidates (1%) | 364 visible | prefilter: 99 never-rises, 613 below-hz, 115207 mag-cull
[19:33:34.310] [PARALLAX] [trace] Stars: 116812 total | 893 candidates (1%) | 364 visible | prefilter: 99 never-rises, 613 below-hz, 115207 mag-cull
[19:33:34.430] [PARALLAX] [trace] Stars: 116812 total | 893 candidates (1%) | 364 visible | prefilter: 99 never-rises, 613 below-hz, 115207 mag-cull
[19:33:34.547] [PARALLAX] [trace] Stars: 116812 total | 893 candidates (1%) | 364 visible | prefilter: 99 never-rises, 613 below-hz, 115207 mag-cull
[19:33:34.661] [PARALLAX] [trace] Stars: 116812 total | 893 candidates (1%) | 364 visible | prefilter: 99 never-rises, 613 below-hz, 115207 mag-cull
[19:33:34.774] [PARALLAX] [trace] Stars: 116812 total | 893 candidates (1%) | 364 visible | prefilter: 99 never-rises, 613 below-hz, 115207 mag-cull
[19:33:34.891] [PARALLAX] [trace] Stars: 116812 total | 893 candidates (1%) | 364 visible | prefilter: 99 never-rises, 613 below-hz, 115207 mag-cull
[19:33:34.999] [PARALLAX] [trace] Stars: 116812 total | 893 candidates (1%) | 364 visible | prefilter: 99 never-rises, 613 below-hz, 115207 mag-cull
[19:33:35.111] [PARALLAX] [trace] Stars: 116812 total | 893 candidates (1%) | 364 visible | prefilter: 99 never-rises, 613 below-hz, 115207 mag-cull
[19:33:35.224] [PARALLAX] [trace] Stars: 116812 total | 893 candidates (1%) | 364 visible | prefilter: 99 never-rises, 613 below-hz, 115207 mag-cull
[19:33:35.337] [PARALLAX] [trace] Stars: 116812 total | 893 candidates (1%) | 364 visible | prefilter: 99 never-rises, 613 below-hz, 115207 mag-cull
[19:33:35.452] [PARALLAX] [trace] Stars: 116812 total | 893 candidates (1%) | 364 visible | prefilter: 99 never-rises, 613 below-hz, 115207 mag-cull
[19:33:35.564] [PARALLAX] [trace] Stars: 116812 total | 893 candidates (1%) | 364 visible | prefilter: 99 never-rises, 613 below-hz, 115207 mag-cull
[19:33:35.675] [PARALLAX] [trace] Stars: 116812 total | 893 candidates (1%) | 364 visible | prefilter: 99 never-rises, 613 below-hz, 115207 mag-cull
[19:33:35.787] [PARALLAX] [trace] Stars: 116812 total | 893 candidates (1%) | 364 visible | prefilter: 99 never-rises, 613 below-hz, 115207 mag-cull
[19:33:35.898] [PARALLAX] [trace] Stars: 116812 total | 893 candidates (1%) | 364 visible | prefilter: 99 never-rises, 613 below-hz, 115207 mag-cull
[19:33:36.012] [PARALLAX] [trace] Stars: 116812 total | 893 candidates (1%) | 364 visible | prefilter: 99 never-rises, 613 below-hz, 115207 mag-cull
[19:33:36.123] [PARALLAX] [trace] Stars: 116812 total | 893 candidates (1%) | 364 visible | prefilter: 99 never-rises, 613 below-hz, 115207 mag-cull
[19:33:36.234] [PARALLAX] [trace] Stars: 116812 total | 893 candidates (1%) | 364 visible | prefilter: 99 never-rises, 613 below-hz, 115207 mag-cull
[19:33:36.347] [PARALLAX] [trace] Stars: 116812 total | 893 candidates (1%) | 364 visible | prefilter: 99 never-rises, 613 below-hz, 115207 mag-cull
[19:33:36.458] [PARALLAX] [trace] Stars: 116812 total | 893 candidates (1%) | 364 visible | prefilter: 99 never-rises, 613 below-hz, 115207 mag-cull
[19:33:36.568] [PARALLAX] [trace] Stars: 116812 total | 893 candidates (1%) | 364 visible | prefilter: 99 never-rises, 613 below-hz, 115207 mag-cull
[19:33:36.680] [PARALLAX] [trace] Stars: 116812 total | 893 candidates (1%) | 364 visible | prefilter: 99 never-rises, 613 below-hz, 115207 mag-cull
[19:33:36.793] [PARALLAX] [trace] Stars: 116812 total | 893 candidates (1%) | 364 visible | prefilter: 99 never-rises, 613 below-hz, 115207 mag-cull
[19:33:36.828] [PARALLAX] [info] Time paused
[19:33:36.906] [PARALLAX] [trace] Stars: 116812 total | 893 candidates (1%) | 364 visible | prefilter: 99 never-rises, 613 below-hz, 115207 mag-cull
[19:33:37.017] [PARALLAX] [trace] Stars: 116812 total | 893 candidates (1%) | 364 visible | prefilter: 99 never-rises, 613 below-hz, 115207 mag-cull
[19:33:37.128] [PARALLAX] [trace] Stars: 116812 total | 893 candidates (1%) | 364 visible | prefilter: 99 never-rises, 613 below-hz, 115207 mag-cull
[19:33:37.241] [PARALLAX] [trace] Stars: 116812 total | 893 candidates (1%) | 364 visible | prefilter: 99 never-rises, 613 below-hz, 115207 mag-cull
[19:33:37.244] [PARALLAX] [info] Time resumed: x1
[19:33:37.356] [PARALLAX] [trace] Stars: 116812 total | 893 candidates (1%) | 364 visible | prefilter: 99 never-rises, 613 below-hz, 115207 mag-cull
[19:33:37.466] [PARALLAX] [trace] Stars: 116812 total | 893 candidates (1%) | 364 visible | prefilter: 99 never-rises, 613 below-hz, 115207 mag-cull
[19:33:37.577] [PARALLAX] [trace] Stars: 116812 total | 893 candidates (1%) | 364 visible | prefilter: 99 never-rises, 613 below-hz, 115207 mag-cull
[19:33:37.689] [PARALLAX] [trace] Stars: 116812 total | 893 candidates (1%) | 364 visible | prefilter: 99 never-rises, 613 below-hz, 115207 mag-cull
[19:33:37.798] [PARALLAX] [trace] Stars: 116812 total | 893 candidates (1%) | 364 visible | prefilter: 99 never-rises, 613 below-hz, 115207 mag-cull
[19:33:37.911] [PARALLAX] [trace] Stars: 116812 total | 893 candidates (1%) | 364 visible | prefilter: 99 never-rises, 613 below-hz, 115207 mag-cull
[19:33:38.021] [PARALLAX] [trace] Stars: 116812 total | 893 candidates (1%) | 364 visible | prefilter: 99 never-rises, 613 below-hz, 115207 mag-cull
[19:33:38.134] [PARALLAX] [trace] Stars: 116812 total | 893 candidates (1%) | 364 visible | prefilter: 99 never-rises, 613 below-hz, 115207 mag-cull
[19:33:38.248] [PARALLAX] [trace] Stars: 116812 total | 893 candidates (1%) | 364 visible | prefilter: 99 never-rises, 613 below-hz, 115207 mag-cull
[19:33:38.360] [PARALLAX] [trace] Stars: 116812 total | 893 candidates (1%) | 364 visible | prefilter: 99 never-rises, 613 below-hz, 115207 mag-cull
[19:33:38.476] [PARALLAX] [trace] Stars: 116812 total | 893 candidates (1%) | 364 visible | prefilter: 99 never-rises, 613 below-hz, 115207 mag-cull
[19:33:38.589] [PARALLAX] [trace] Stars: 116812 total | 893 candidates (1%) | 364 visible | prefilter: 99 never-rises, 613 below-hz, 115207 mag-cull
[19:33:38.698] [PARALLAX] [trace] Stars: 116812 total | 893 candidates (1%) | 364 visible | prefilter: 99 never-rises, 613 below-hz, 115207 mag-cull
[19:33:38.806] [PARALLAX] [trace] Stars: 116812 total | 893 candidates (1%) | 364 visible | prefilter: 99 never-rises, 613 below-hz, 115207 mag-cull
[19:33:38.919] [PARALLAX] [trace] Stars: 116812 total | 893 candidates (1%) | 364 visible | prefilter: 99 never-rises, 613 below-hz, 115207 mag-cull
[19:33:39.029] [PARALLAX] [trace] Stars: 116812 total | 893 candidates (1%) | 364 visible | prefilter: 99 never-rises, 613 below-hz, 115207 mag-cull
[19:33:39.140] [PARALLAX] [trace] Stars: 116812 total | 893 candidates (1%) | 364 visible | prefilter: 99 never-rises, 613 below-hz, 115207 mag-cull
[19:33:39.250] [PARALLAX] [trace] Stars: 116812 total | 893 candidates (1%) | 364 visible | prefilter: 99 never-rises, 613 below-hz, 115207 mag-cull
[19:33:39.367] [PARALLAX] [trace] Stars: 116812 total | 893 candidates (1%) | 364 visible | prefilter: 99 never-rises, 613 below-hz, 115207 mag-cull
[19:33:39.477] [PARALLAX] [trace] Stars: 116812 total | 893 candidates (1%) | 364 visible | prefilter: 99 never-rises, 613 below-hz, 115207 mag-cull
[19:33:39.588] [PARALLAX] [trace] Stars: 116812 total | 893 candidates (1%) | 364 visible | prefilter: 99 never-rises, 613 below-hz, 115207 mag-cull
[19:33:39.701] [PARALLAX] [trace] Stars: 116812 total | 893 candidates (1%) | 364 visible | prefilter: 99 never-rises, 613 below-hz, 115207 mag-cull
[19:33:39.811] [PARALLAX] [trace] Stars: 116812 total | 893 candidates (1%) | 364 visible | prefilter: 99 never-rises, 613 below-hz, 115207 mag-cull
[19:33:39.923] [PARALLAX] [trace] Stars: 116812 total | 894 candidates (1%) | 364 visible | prefilter: 99 never-rises, 612 below-hz, 115207 mag-cull
[19:33:40.036] [PARALLAX] [trace] Stars: 116812 total | 894 candidates (1%) | 364 visible | prefilter: 99 never-rises, 612 below-hz, 115207 mag-cull
[19:33:40.147] [PARALLAX] [trace] Stars: 116812 total | 894 candidates (1%) | 364 visible | prefilter: 99 never-rises, 612 below-hz, 115207 mag-cull
[19:33:40.260] [PARALLAX] [trace] Stars: 116812 total | 894 candidates (1%) | 364 visible | prefilter: 99 never-rises, 612 below-hz, 115207 mag-cull
[19:33:40.371] [PARALLAX] [trace] Stars: 116812 total | 894 candidates (1%) | 364 visible | prefilter: 99 never-rises, 612 below-hz, 115207 mag-cull
[19:33:40.482] [PARALLAX] [trace] Stars: 116812 total | 894 candidates (1%) | 364 visible | prefilter: 99 never-rises, 612 below-hz, 115207 mag-cull
[19:33:40.591] [PARALLAX] [trace] Stars: 116812 total | 894 candidates (1%) | 364 visible | prefilter: 99 never-rises, 612 below-hz, 115207 mag-cull
[19:33:40.704] [PARALLAX] [trace] Stars: 116812 total | 894 candidates (1%) | 364 visible | prefilter: 99 never-rises, 612 below-hz, 115207 mag-cull
[19:33:40.732] [PARALLAX] [info] Time scale: x10000
[19:33:40.821] [PARALLAX] [trace] Stars: 116812 total | 893 candidates (1%) | 362 visible | prefilter: 99 never-rises, 613 below-hz, 115207 mag-cull
[19:33:40.942] [PARALLAX] [trace] Stars: 116812 total | 893 candidates (1%) | 372 visible | prefilter: 99 never-rises, 613 below-hz, 115207 mag-cull
[19:33:41.052] [PARALLAX] [trace] Stars: 116812 total | 893 candidates (1%) | 363 visible | prefilter: 99 never-rises, 613 below-hz, 115207 mag-cull
[19:33:41.161] [PARALLAX] [trace] Stars: 116812 total | 882 candidates (1%) | 361 visible | prefilter: 99 never-rises, 624 below-hz, 115207 mag-cull
[19:33:41.274] [PARALLAX] [trace] Stars: 116812 total | 875 candidates (1%) | 358 visible | prefilter: 99 never-rises, 631 below-hz, 115207 mag-cull
[19:33:41.384] [PARALLAX] [trace] Stars: 116812 total | 868 candidates (1%) | 359 visible | prefilter: 99 never-rises, 638 below-hz, 115207 mag-cull
[19:33:41.495] [PARALLAX] [trace] Stars: 116812 total | 869 candidates (1%) | 362 visible | prefilter: 99 never-rises, 637 below-hz, 115207 mag-cull
[19:33:41.607] [PARALLAX] [trace] Stars: 116812 total | 868 candidates (1%) | 374 visible | prefilter: 99 never-rises, 638 below-hz, 115207 mag-cull
[19:33:41.720] [PARALLAX] [trace] Stars: 116812 total | 865 candidates (1%) | 373 visible | prefilter: 99 never-rises, 641 below-hz, 115207 mag-cull
[19:33:41.830] [PARALLAX] [trace] Stars: 116812 total | 872 candidates (1%) | 377 visible | prefilter: 99 never-rises, 634 below-hz, 115207 mag-cull
[19:33:41.943] [PARALLAX] [trace] Stars: 116812 total | 877 candidates (1%) | 377 visible | prefilter: 99 never-rises, 629 below-hz, 115207 mag-cull
[19:33:42.055] [PARALLAX] [trace] Stars: 116812 total | 880 candidates (1%) | 372 visible | prefilter: 99 never-rises, 626 below-hz, 115207 mag-cull
[19:33:42.165] [PARALLAX] [trace] Stars: 116812 total | 893 candidates (1%) | 372 visible | prefilter: 99 never-rises, 613 below-hz, 115207 mag-cull
[19:33:42.278] [PARALLAX] [trace] Stars: 116812 total | 894 candidates (1%) | 371 visible | prefilter: 99 never-rises, 612 below-hz, 115207 mag-cull
[19:33:42.392] [PARALLAX] [trace] Stars: 116812 total | 887 candidates (1%) | 373 visible | prefilter: 99 never-rises, 619 below-hz, 115207 mag-cull
[19:33:42.503] [PARALLAX] [trace] Stars: 116812 total | 881 candidates (1%) | 370 visible | prefilter: 99 never-rises, 625 below-hz, 115207 mag-cull
[19:33:42.613] [PARALLAX] [trace] Stars: 116812 total | 876 candidates (1%) | 368 visible | prefilter: 99 never-rises, 630 below-hz, 115207 mag-cull
[19:33:42.727] [PARALLAX] [trace] Stars: 116812 total | 880 candidates (1%) | 359 visible | prefilter: 99 never-rises, 626 below-hz, 115207 mag-cull
[19:33:42.839] [PARALLAX] [trace] Stars: 116812 total | 882 candidates (1%) | 360 visible | prefilter: 99 never-rises, 624 below-hz, 115207 mag-cull
[19:33:42.951] [PARALLAX] [trace] Stars: 116812 total | 885 candidates (1%) | 358 visible | prefilter: 99 never-rises, 621 below-hz, 115207 mag-cull
[19:33:43.062] [PARALLAX] [trace] Stars: 116812 total | 883 candidates (1%) | 359 visible | prefilter: 99 never-rises, 623 below-hz, 115207 mag-cull
[19:33:43.173] [PARALLAX] [trace] Stars: 116812 total | 869 candidates (1%) | 353 visible | prefilter: 99 never-rises, 637 below-hz, 115207 mag-cull
[19:33:43.285] [PARALLAX] [trace] Stars: 116812 total | 866 candidates (1%) | 346 visible | prefilter: 99 never-rises, 640 below-hz, 115207 mag-cull
[19:33:43.398] [PARALLAX] [trace] Stars: 116812 total | 861 candidates (1%) | 347 visible | prefilter: 99 never-rises, 645 below-hz, 115207 mag-cull
[19:33:43.509] [PARALLAX] [trace] Stars: 116812 total | 864 candidates (1%) | 347 visible | prefilter: 99 never-rises, 642 below-hz, 115207 mag-cull
[19:33:43.621] [PARALLAX] [trace] Stars: 116812 total | 865 candidates (1%) | 344 visible | prefilter: 99 never-rises, 641 below-hz, 115207 mag-cull
[19:33:43.734] [PARALLAX] [trace] Stars: 116812 total | 872 candidates (1%) | 338 visible | prefilter: 99 never-rises, 634 below-hz, 115207 mag-cull
[19:33:43.845] [PARALLAX] [trace] Stars: 116812 total | 879 candidates (1%) | 338 visible | prefilter: 99 never-rises, 627 below-hz, 115207 mag-cull
[19:33:43.960] [PARALLAX] [trace] Stars: 116812 total | 890 candidates (1%) | 337 visible | prefilter: 99 never-rises, 616 below-hz, 115207 mag-cull
[19:33:44.072] [PARALLAX] [trace] Stars: 116812 total | 894 candidates (1%) | 330 visible | prefilter: 99 never-rises, 612 below-hz, 115207 mag-cull
[19:33:44.084] [PARALLAX] [info] Time scale: x-10000
[19:33:44.185] [PARALLAX] [trace] Stars: 116812 total | 890 candidates (1%) | 338 visible | prefilter: 99 never-rises, 616 below-hz, 115207 mag-cull
[19:33:44.297] [PARALLAX] [trace] Stars: 116812 total | 878 candidates (1%) | 337 visible | prefilter: 99 never-rises, 628 below-hz, 115207 mag-cull
[19:33:44.410] [PARALLAX] [trace] Stars: 116812 total | 876 candidates (1%) | 340 visible | prefilter: 99 never-rises, 630 below-hz, 115207 mag-cull
[19:33:44.520] [PARALLAX] [trace] Stars: 116812 total | 863 candidates (1%) | 342 visible | prefilter: 99 never-rises, 643 below-hz, 115207 mag-cull
[19:33:44.628] [PARALLAX] [trace] Stars: 116812 total | 862 candidates (1%) | 347 visible | prefilter: 99 never-rises, 644 below-hz, 115207 mag-cull
[19:33:44.742] [PARALLAX] [trace] Stars: 116812 total | 861 candidates (1%) | 345 visible | prefilter: 99 never-rises, 645 below-hz, 115207 mag-cull
[19:33:44.852] [PARALLAX] [trace] Stars: 116812 total | 864 candidates (1%) | 348 visible | prefilter: 99 never-rises, 642 below-hz, 115207 mag-cull
[19:33:44.963] [PARALLAX] [trace] Stars: 116812 total | 868 candidates (1%) | 352 visible | prefilter: 99 never-rises, 638 below-hz, 115207 mag-cull
[19:33:45.076] [PARALLAX] [trace] Stars: 116812 total | 881 candidates (1%) | 358 visible | prefilter: 99 never-rises, 625 below-hz, 115207 mag-cull
[19:33:45.187] [PARALLAX] [trace] Stars: 116812 total | 882 candidates (1%) | 357 visible | prefilter: 99 never-rises, 624 below-hz, 115207 mag-cull
[19:33:45.298] [PARALLAX] [trace] Stars: 116812 total | 882 candidates (1%) | 359 visible | prefilter: 99 never-rises, 624 below-hz, 115207 mag-cull
[19:33:45.410] [PARALLAX] [trace] Stars: 116812 total | 882 candidates (1%) | 358 visible | prefilter: 99 never-rises, 624 below-hz, 115207 mag-cull
[19:33:45.524] [PARALLAX] [trace] Stars: 116812 total | 874 candidates (1%) | 365 visible | prefilter: 99 never-rises, 632 below-hz, 115207 mag-cull
[19:33:45.637] [PARALLAX] [trace] Stars: 116812 total | 877 candidates (1%) | 368 visible | prefilter: 99 never-rises, 629 below-hz, 115207 mag-cull
[19:33:45.749] [PARALLAX] [trace] Stars: 116812 total | 886 candidates (1%) | 372 visible | prefilter: 99 never-rises, 620 below-hz, 115207 mag-cull
[19:33:45.861] [PARALLAX] [trace] Stars: 116812 total | 894 candidates (1%) | 371 visible | prefilter: 99 never-rises, 612 below-hz, 115207 mag-cull
[19:33:45.972] [PARALLAX] [trace] Stars: 116812 total | 894 candidates (1%) | 373 visible | prefilter: 99 never-rises, 612 below-hz, 115207 mag-cull
[19:33:46.086] [PARALLAX] [trace] Stars: 116812 total | 884 candidates (1%) | 372 visible | prefilter: 99 never-rises, 622 below-hz, 115207 mag-cull
[19:33:46.195] [PARALLAX] [trace] Stars: 116812 total | 876 candidates (1%) | 379 visible | prefilter: 99 never-rises, 630 below-hz, 115207 mag-cull
[19:33:46.307] [PARALLAX] [trace] Stars: 116812 total | 876 candidates (1%) | 379 visible | prefilter: 99 never-rises, 630 below-hz, 115207 mag-cull
[19:33:46.419] [PARALLAX] [trace] Stars: 116812 total | 865 candidates (1%) | 374 visible | prefilter: 99 never-rises, 641 below-hz, 115207 mag-cull
[19:33:46.529] [PARALLAX] [trace] Stars: 116812 total | 869 candidates (1%) | 376 visible | prefilter: 99 never-rises, 637 below-hz, 115207 mag-cull
[19:33:46.641] [PARALLAX] [trace] Stars: 116812 total | 866 candidates (1%) | 362 visible | prefilter: 99 never-rises, 640 below-hz, 115207 mag-cull
[19:33:46.753] [PARALLAX] [trace] Stars: 116812 total | 867 candidates (1%) | 359 visible | prefilter: 99 never-rises, 639 below-hz, 115207 mag-cull
[19:33:46.864] [PARALLAX] [trace] Stars: 116812 total | 870 candidates (1%) | 359 visible | prefilter: 99 never-rises, 636 below-hz, 115207 mag-cull
[19:33:46.975] [PARALLAX] [trace] Stars: 116812 total | 880 candidates (1%) | 359 visible | prefilter: 99 never-rises, 626 below-hz, 115207 mag-cull
[19:33:47.088] [PARALLAX] [trace] Stars: 116812 total | 889 candidates (1%) | 363 visible | prefilter: 99 never-rises, 617 below-hz, 115207 mag-cull
[19:33:47.198] [PARALLAX] [trace] Stars: 116812 total | 892 candidates (1%) | 370 visible | prefilter: 99 never-rises, 614 below-hz, 115207 mag-cull
[19:33:47.312] [PARALLAX] [trace] Stars: 116812 total | 888 candidates (1%) | 362 visible | prefilter: 99 never-rises, 618 below-hz, 115207 mag-cull
[19:33:47.332] [PARALLAX] [info] Time paused
[19:33:47.427] [PARALLAX] [trace] Stars: 116812 total | 891 candidates (1%) | 361 visible | prefilter: 99 never-rises, 615 below-hz, 115207 mag-cull
[19:33:47.540] [PARALLAX] [trace] Stars: 116812 total | 891 candidates (1%) | 361 visible | prefilter: 99 never-rises, 615 below-hz, 115207 mag-cull
[19:33:47.652] [PARALLAX] [trace] Stars: 116812 total | 891 candidates (1%) | 361 visible | prefilter: 99 never-rises, 615 below-hz, 115207 mag-cull
[19:33:47.763] [PARALLAX] [trace] Stars: 116812 total | 891 candidates (1%) | 361 visible | prefilter: 99 never-rises, 615 below-hz, 115207 mag-cull
[19:33:47.873] [PARALLAX] [trace] Stars: 116812 total | 891 candidates (1%) | 361 visible | prefilter: 99 never-rises, 615 below-hz, 115207 mag-cull
[19:33:47.985] [PARALLAX] [trace] Stars: 116812 total | 891 candidates (1%) | 361 visible | prefilter: 99 never-rises, 615 below-hz, 115207 mag-cull
[19:33:48.096] [PARALLAX] [trace] Stars: 116812 total | 891 candidates (1%) | 361 visible | prefilter: 99 never-rises, 615 below-hz, 115207 mag-cull
[19:33:48.208] [PARALLAX] [trace] Stars: 116812 total | 891 candidates (1%) | 361 visible | prefilter: 99 never-rises, 615 below-hz, 115207 mag-cull
[19:33:48.320] [PARALLAX] [trace] Stars: 116812 total | 891 candidates (1%) | 361 visible | prefilter: 99 never-rises, 615 below-hz, 115207 mag-cull
[19:33:48.430] [PARALLAX] [trace] Stars: 116812 total | 891 candidates (1%) | 361 visible | prefilter: 99 never-rises, 615 below-hz, 115207 mag-cull
[19:33:48.542] [PARALLAX] [trace] Stars: 116812 total | 891 candidates (1%) | 361 visible | prefilter: 99 never-rises, 615 below-hz, 115207 mag-cull
[19:33:48.652] [PARALLAX] [trace] Stars: 116812 total | 891 candidates (1%) | 361 visible | prefilter: 99 never-rises, 615 below-hz, 115207 mag-cull
[19:33:48.740] [PARALLAX] [info] Time scale: x1 (real-time)
[19:33:48.766] [PARALLAX] [trace] Stars: 116812 total | 891 candidates (1%) | 361 visible | prefilter: 99 never-rises, 615 below-hz, 115207 mag-cull
[19:33:48.878] [PARALLAX] [trace] Stars: 116812 total | 891 candidates (1%) | 361 visible | prefilter: 99 never-rises, 615 below-hz, 115207 mag-cull
[19:33:48.989] [PARALLAX] [trace] Stars: 116812 total | 891 candidates (1%) | 361 visible | prefilter: 99 never-rises, 615 below-hz, 115207 mag-cull
[19:33:49.097] [PARALLAX] [trace] Stars: 116812 total | 891 candidates (1%) | 361 visible | prefilter: 99 never-rises, 615 below-hz, 115207 mag-cull
[19:33:49.209] [PARALLAX] [trace] Stars: 116812 total | 891 candidates (1%) | 361 visible | prefilter: 99 never-rises, 615 below-hz, 115207 mag-cull
[19:33:49.323] [PARALLAX] [trace] Stars: 116812 total | 891 candidates (1%) | 361 visible | prefilter: 99 never-rises, 615 below-hz, 115207 mag-cull
[19:33:49.436] [PARALLAX] [trace] Stars: 116812 total | 891 candidates (1%) | 361 visible | prefilter: 99 never-rises, 615 below-hz, 115207 mag-cull
[19:33:49.452] [PARALLAX] [info] Time scale: x-1
[19:33:49.545] [PARALLAX] [trace] Stars: 116812 total | 891 candidates (1%) | 361 visible | prefilter: 99 never-rises, 615 below-hz, 115207 mag-cull
[19:33:49.661] [PARALLAX] [trace] Stars: 116812 total | 891 candidates (1%) | 361 visible | prefilter: 99 never-rises, 615 below-hz, 115207 mag-cull
[19:33:49.779] [PARALLAX] [trace] Stars: 116812 total | 891 candidates (1%) | 361 visible | prefilter: 99 never-rises, 615 below-hz, 115207 mag-cull
[19:33:49.893] [PARALLAX] [trace] Stars: 116812 total | 891 candidates (1%) | 361 visible | prefilter: 99 never-rises, 615 below-hz, 115207 mag-cull
[19:33:49.924] [PARALLAX] [info] Time paused
[19:33:50.013] [PARALLAX] [trace] Stars: 116812 total | 891 candidates (1%) | 361 visible | prefilter: 99 never-rises, 615 below-hz, 115207 mag-cull
[19:33:50.124] [PARALLAX] [trace] Stars: 116812 total | 891 candidates (1%) | 361 visible | prefilter: 99 never-rises, 615 below-hz, 115207 mag-cull
[19:33:50.236] [PARALLAX] [trace] Stars: 116812 total | 891 candidates (1%) | 361 visible | prefilter: 99 never-rises, 615 below-hz, 115207 mag-cull
[19:33:50.346] [PARALLAX] [trace] Stars: 116812 total | 891 candidates (1%) | 361 visible | prefilter: 99 never-rises, 615 below-hz, 115207 mag-cull
[19:33:50.458] [PARALLAX] [trace] Stars: 116812 total | 891 candidates (1%) | 361 visible | prefilter: 99 never-rises, 615 below-hz, 115207 mag-cull
[19:33:50.571] [PARALLAX] [trace] Stars: 116812 total | 891 candidates (1%) | 361 visible | prefilter: 99 never-rises, 615 below-hz, 115207 mag-cull
[19:33:50.681] [PARALLAX] [trace] Stars: 116812 total | 891 candidates (1%) | 361 visible | prefilter: 99 never-rises, 615 below-hz, 115207 mag-cull
[19:33:50.796] [PARALLAX] [trace] Stars: 116812 total | 891 candidates (1%) | 361 visible | prefilter: 99 never-rises, 615 below-hz, 115207 mag-cull
[19:33:50.917] [PARALLAX] [trace] Stars: 116812 total | 891 candidates (1%) | 361 visible | prefilter: 99 never-rises, 615 below-hz, 115207 mag-cull
[19:33:51.027] [PARALLAX] [trace] Stars: 116812 total | 891 candidates (1%) | 361 visible | prefilter: 99 never-rises, 615 below-hz, 115207 mag-cull
[19:33:51.139] [PARALLAX] [trace] Stars: 116812 total | 891 candidates (1%) | 361 visible | prefilter: 99 never-rises, 615 below-hz, 115207 mag-cull
[19:33:51.248] [PARALLAX] [trace] Stars: 116812 total | 891 candidates (1%) | 361 visible | prefilter: 99 never-rises, 615 below-hz, 115207 mag-cull
[19:33:51.362] [PARALLAX] [trace] Stars: 116812 total | 891 candidates (1%) | 361 visible | prefilter: 99 never-rises, 615 below-hz, 115207 mag-cull
[19:33:51.475] [PARALLAX] [trace] Stars: 116812 total | 891 candidates (1%) | 361 visible | prefilter: 99 never-rises, 615 below-hz, 115207 mag-cull
[19:33:51.590] [PARALLAX] [trace] Stars: 116812 total | 891 candidates (1%) | 361 visible | prefilter: 99 never-rises, 615 below-hz, 115207 mag-cull
[19:33:51.722] [PARALLAX] [trace] Stars: 116812 total | 891 candidates (1%) | 361 visible | prefilter: 99 never-rises, 615 below-hz, 115207 mag-cull
[19:33:51.852] [PARALLAX] [trace] Stars: 116812 total | 891 candidates (1%) | 361 visible | prefilter: 99 never-rises, 615 below-hz, 115207 mag-cull
[19:33:51.970] [PARALLAX] [trace] Stars: 116812 total | 891 candidates (1%) | 361 visible | prefilter: 99 never-rises, 615 below-hz, 115207 mag-cull
[19:33:52.089] [PARALLAX] [trace] Stars: 116812 total | 891 candidates (1%) | 361 visible | prefilter: 99 never-rises, 615 below-hz, 115207 mag-cull
[19:33:52.204] [PARALLAX] [trace] Stars: 116812 total | 891 candidates (1%) | 361 visible | prefilter: 99 never-rises, 615 below-hz, 115207 mag-cull
[19:33:52.319] [PARALLAX] [trace] Stars: 116812 total | 891 candidates (1%) | 361 visible | prefilter: 99 never-rises, 615 below-hz, 115207 mag-cull
[19:33:52.438] [PARALLAX] [trace] Stars: 116812 total | 891 candidates (1%) | 361 visible | prefilter: 99 never-rises, 615 below-hz, 115207 mag-cull
[19:33:52.554] [PARALLAX] [trace] Stars: 116812 total | 891 candidates (1%) | 361 visible | prefilter: 99 never-rises, 615 below-hz, 115207 mag-cull
[19:33:52.667] [PARALLAX] [trace] Stars: 116812 total | 891 candidates (1%) | 361 visible | prefilter: 99 never-rises, 615 below-hz, 115207 mag-cull
[19:33:52.779] [PARALLAX] [trace] Stars: 116812 total | 891 candidates (1%) | 361 visible | prefilter: 99 never-rises, 615 below-hz, 115207 mag-cull
[19:33:52.887] [PARALLAX] [trace] Stars: 116812 total | 891 candidates (1%) | 361 visible | prefilter: 99 never-rises, 615 below-hz, 115207 mag-cull
[19:33:53.004] [PARALLAX] [trace] Stars: 116812 total | 891 candidates (1%) | 361 visible | prefilter: 99 never-rises, 615 below-hz, 115207 mag-cull
[19:33:53.115] [PARALLAX] [trace] Stars: 116812 total | 891 candidates (1%) | 361 visible | prefilter: 99 never-rises, 615 below-hz, 115207 mag-cull
[19:33:53.226] [PARALLAX] [trace] Stars: 116812 total | 891 candidates (1%) | 361 visible | prefilter: 99 never-rises, 615 below-hz, 115207 mag-cull
[19:33:53.337] [PARALLAX] [trace] Stars: 116812 total | 891 candidates (1%) | 361 visible | prefilter: 99 never-rises, 615 below-hz, 115207 mag-cull
[19:33:53.448] [PARALLAX] [trace] Stars: 116812 total | 891 candidates (1%) | 361 visible | prefilter: 99 never-rises, 615 below-hz, 115207 mag-cull
[19:33:53.557] [PARALLAX] [trace] Stars: 116812 total | 891 candidates (1%) | 361 visible | prefilter: 99 never-rises, 615 below-hz, 115207 mag-cull
[19:33:53.671] [PARALLAX] [trace] Stars: 116812 total | 891 candidates (1%) | 361 visible | prefilter: 99 never-rises, 615 below-hz, 115207 mag-cull
[19:33:53.781] [PARALLAX] [trace] Stars: 116812 total | 891 candidates (1%) | 361 visible | prefilter: 99 never-rises, 615 below-hz, 115207 mag-cull
[19:33:53.894] [PARALLAX] [trace] Stars: 116812 total | 891 candidates (1%) | 361 visible | prefilter: 99 never-rises, 615 below-hz, 115207 mag-cull
[19:33:54.006] [PARALLAX] [trace] Stars: 116812 total | 891 candidates (1%) | 361 visible | prefilter: 99 never-rises, 615 below-hz, 115207 mag-cull
[19:33:54.116] [PARALLAX] [trace] Stars: 116812 total | 891 candidates (1%) | 361 visible | prefilter: 99 never-rises, 615 below-hz, 115207 mag-cull
[19:33:54.229] [PARALLAX] [trace] Stars: 116812 total | 891 candidates (1%) | 361 visible | prefilter: 99 never-rises, 615 below-hz, 115207 mag-cull
[19:33:54.340] [PARALLAX] [trace] Stars: 116812 total | 891 candidates (1%) | 361 visible | prefilter: 99 never-rises, 615 below-hz, 115207 mag-cull
[19:33:54.458] [PARALLAX] [trace] Stars: 116812 total | 891 candidates (1%) | 361 visible | prefilter: 99 never-rises, 615 below-hz, 115207 mag-cull
[19:33:54.568] [PARALLAX] [trace] Stars: 116812 total | 891 candidates (1%) | 361 visible | prefilter: 99 never-rises, 615 below-hz, 115207 mag-cull
[19:33:54.685] [PARALLAX] [trace] Stars: 116812 total | 891 candidates (1%) | 361 visible | prefilter: 99 never-rises, 615 below-hz, 115207 mag-cull
[19:33:54.822] [PARALLAX] [trace] Stars: 116812 total | 891 candidates (1%) | 361 visible | prefilter: 99 never-rises, 615 below-hz, 115207 mag-cull
[19:33:54.940] [PARALLAX] [trace] Stars: 116812 total | 891 candidates (1%) | 361 visible | prefilter: 99 never-rises, 615 below-hz, 115207 mag-cull
[19:33:55.062] [PARALLAX] [trace] Stars: 116812 total | 891 candidates (1%) | 361 visible | prefilter: 99 never-rises, 615 below-hz, 115207 mag-cull
[19:33:55.180] [PARALLAX] [trace] Stars: 116812 total | 891 candidates (1%) | 361 visible | prefilter: 99 never-rises, 615 below-hz, 115207 mag-cull
[19:33:55.295] [PARALLAX] [trace] Stars: 116812 total | 891 candidates (1%) | 361 visible | prefilter: 99 never-rises, 615 below-hz, 115207 mag-cull
[19:33:55.478] [PARALLAX] [info] Main loop exited
[19:33:55.479] [PARALLAX] [trace] Sync objects destroyed
[19:33:55.480] [PARALLAX] [trace] Command pool destroyed
[19:33:55.481] [PARALLAX] [trace] BitmapFont destroyed
[19:33:55.483] [PARALLAX] [trace] Starfield renderer destroyed
[19:33:55.483] [PARALLAX] [trace] Sky background renderer destroyed
[19:33:55.484] [PARALLAX] [trace] Graphics pipeline destroyed
[19:33:55.484] [PARALLAX] [trace] Render pass destroyed
[19:33:55.485] [PARALLAX] [trace] Swapchain destroyed
[19:33:55.508] [PARALLAX] [trace] Vulkan logical device destroyed
[19:33:55.509] [PARALLAX] [trace] Vulkan debug messenger destroyed
[19:33:55.509] [PARALLAX] [trace] Vulkan surface destroyed
[19:33:55.510] [PARALLAX] [trace] [Vulkan] Unloading layer library C:\Windows\System32\DriverStore\FileRepository\nv_dispi.inf_amd64_adc55ecfca814224\nvoglv64.dll
[19:33:55.510] [PARALLAX] [trace] [Vulkan] Unloading layer library C:\Windows\System32\DriverStore\FileRepository\nv_dispi.inf_amd64_adc55ecfca814224\nvoglv64.dll
[19:33:55.510] [PARALLAX] [trace] [Vulkan] Unloading layer library C:\ProgramData\obs-studio-hook\graphics-hook64.dll
[19:33:55.512] [PARALLAX] [trace] [Vulkan] Unloading layer library C:\VulkanSDK\1.4.341.1\Bin\VkLayer_khronos_validation.dll
[19:33:55.512] [PARALLAX] [trace] Vulkan instance destroyed
[19:33:55.522] [PARALLAX] [info] Window destroyed
[19:33:55.526] [PARALLAX] [info] Parallax shutdown complete.
