[18:54:57.215] [PARALLAX] [info] Parallax v0.1.0 starting...
[18:54:57.362] [PARALLAX] [info] Window created: "Parallax" (1280x720) [Vulkan | resizable]
[18:54:57.362] [PARALLAX] [trace] SDL2 requires 2 Vulkan instance extension(s):
[18:54:57.362] [PARALLAX] [trace]   - VK_KHR_surface
[18:54:57.363] [PARALLAX] [trace]   - VK_KHR_win32_surface
[18:54:57.374] [PARALLAX] [info] Requesting 3 instance extension(s):
[18:54:57.374] [PARALLAX] [info]   - VK_KHR_surface
[18:54:57.374] [PARALLAX] [info]   - VK_KHR_win32_surface
[18:54:57.374] [PARALLAX] [info]   - VK_EXT_debug_utils
[18:54:57.374] [PARALLAX] [info] Validation layers enabled: VK_LAYER_KHRONOS_validation
[18:54:57.376] [PARALLAX] [trace] [Vulkan] windows_get_device_registry_files: GUID for 3 is not SoftwareComponent skipping
[18:54:57.381] [PARALLAX] [trace] [Vulkan] Searching for ICD drivers named .\nvoglv64.dll
[18:54:57.384] [PARALLAX] [trace] [Vulkan] Loading layer library C:\VulkanSDK\1.4.341.1\Bin\.\VkLayer_khronos_validation.dll
[18:54:57.386] [PARALLAX] [trace] [Vulkan] Loading layer library C:\ProgramData\obs-studio-hook\.\graphics-hook64.dll
[18:54:57.387] [PARALLAX] [trace] [Vulkan] Loading layer library C:\Windows\System32\DriverStore\FileRepository\nv_dispi.inf_amd64_adc55ecfca814224\.\nvoglv64.dll
[18:54:57.387] [PARALLAX] [trace] [Vulkan] Loading layer library C:\Windows\System32\DriverStore\FileRepository\nv_dispi.inf_amd64_adc55ecfca814224\.\nvoglv64.dll
[18:54:57.470] [PARALLAX] [info] Vulkan instance created (API 1.3)
[18:54:57.471] [PARALLAX] [info] Vulkan debug messenger created
[18:54:57.471] [PARALLAX] [info] Vulkan surface created
[18:54:57.473] [PARALLAX] [info] Found 1 Vulkan-capable GPU(s):
[18:54:57.473] [PARALLAX] [info]   - NVIDIA GeForce GTX 1660 (type: discrete)
[18:54:57.480] [PARALLAX] [info] Selected GPU: NVIDIA GeForce GTX 1660
[18:54:57.481] [PARALLAX] [info]   Driver version: 79.344.0
[18:54:57.482] [PARALLAX] [info]   Vulkan API: 1.4.325
[18:54:57.482] [PARALLAX] [info]   VRAM: 6180 MB
[18:54:57.483] [PARALLAX] [info]   Graphics queue family: 0
[18:54:57.484] [PARALLAX] [info]   Present queue family: 0
[18:54:57.555] [PARALLAX] [info] Vulkan logical device created
[18:54:57.559] [PARALLAX] [trace] Surface format: B8G8R8A8_SRGB + SRGB_NONLINEAR (preferred)
[18:54:57.560] [PARALLAX] [trace] Present mode: MAILBOX (triple buffering)
[18:54:57.670] [PARALLAX] [info] Swapchain created: 1280x720, 3 images, format 50, MAILBOX (triple buffer)
[18:54:57.671] [PARALLAX] [info] Shader directory: C:/Parallax-dev/Parallax/build/shaders
[18:54:57.672] [PARALLAX] [info] Render pass created
[18:54:57.673] [PARALLAX] [trace] Shader module loaded: test_star.vert.spv
[18:54:57.674] [PARALLAX] [trace] Shader module loaded: test_star.frag.spv
[18:54:57.675] [PARALLAX] [info] Graphics pipeline created (POINT_LIST, dynamic viewport/scissor)
[18:54:57.676] [PARALLAX] [info] Framebuffers created: 3 (1280x720)
[18:54:57.677] [PARALLAX] [trace] Sky background UBO created: 32 bytes
[18:54:57.679] [PARALLAX] [trace] Shader module loaded: sky_background.vert.spv
[18:54:57.680] [PARALLAX] [trace] Shader module loaded: sky_background.frag.spv
[18:54:57.682] [PARALLAX] [info] Sky background pipeline created (fullscreen triangle, UBO)
[18:54:57.683] [PARALLAX] [info] Sky background renderer initialized
[18:54:57.684] [PARALLAX] [trace] Starfield storage buffer created: 3200000 bytes (200000 stars)
[18:54:57.687] [PARALLAX] [trace] Shader module loaded: starfield.vert.spv
[18:54:57.688] [PARALLAX] [trace] Shader module loaded: starfield.frag.spv
[18:54:57.689] [PARALLAX] [info] Starfield pipeline created (POINT_LIST, additive blend, storage buffer)
[18:54:57.689] [PARALLAX] [info] Starfield renderer initialized (buffer capacity: 200000 stars)
[18:54:57.690] [PARALLAX] [error] CatalogLoader: Failed to open file: data/catalogs/hipparcos.csv
[18:54:57.691] [PARALLAX] [warning] Hipparcos catalog not found at data/catalogs/hipparcos.csv. Trying bright star fallback...
[18:54:57.691] [PARALLAX] [error] CatalogLoader: Failed to open file: data/catalogs/bright_stars.csv
[18:54:57.692] [PARALLAX] [warning] No catalog found. Rendering will show no stars.
[18:54:57.693] [PARALLAX] [info] Simulation start: JD 2461101.246501 (2026-03-01 17:54:57.7 UTC)
[18:54:57.694] [PARALLAX] [info] Observer: La Palma (28.76N, 17.89W)
[18:54:57.695] [PARALLAX] [info] Atmosphere initialized: k=0.2, Bortle 4
[18:54:57.695] [PARALLAX] [info] Command pool created
[18:54:57.696] [PARALLAX] [info] Command buffers allocated: 2
[18:54:57.696] [PARALLAX] [info] Sync objects created: 2 frames in flight, 3 image semaphores
[18:54:57.697] [PARALLAX] [info] Application initialized — all subsystems ready
[18:54:57.697] [PARALLAX] [info] Entering main loop...
[18:54:57.731] [PARALLAX] [trace] Stars: 0 total | 0 candidates (0%) | 0 visible | prefilter: 0 never-rises, 0 below-hz, 0 mag-cull
[18:54:57.750] [PARALLAX] [trace] Stars: 0 total | 0 candidates (0%) | 0 visible | prefilter: 0 never-rises, 0 below-hz, 0 mag-cull
[18:54:57.770] [PARALLAX] [trace] Stars: 0 total | 0 candidates (0%) | 0 visible | prefilter: 0 never-rises, 0 below-hz, 0 mag-cull
[18:54:57.789] [PARALLAX] [trace] Stars: 0 total | 0 candidates (0%) | 0 visible | prefilter: 0 never-rises, 0 below-hz, 0 mag-cull
[18:54:57.809] [PARALLAX] [trace] Stars: 0 total | 0 candidates (0%) | 0 visible | prefilter: 0 never-rises, 0 below-hz, 0 mag-cull
[18:54:57.829] [PARALLAX] [trace] Stars: 0 total | 0 candidates (0%) | 0 visible | prefilter: 0 never-rises, 0 below-hz, 0 mag-cull
[18:54:57.849] [PARALLAX] [trace] Stars: 0 total | 0 candidates (0%) | 0 visible | prefilter: 0 never-rises, 0 below-hz, 0 mag-cull
[18:54:57.868] [PARALLAX] [trace] Stars: 0 total | 0 candidates (0%) | 0 visible | prefilter: 0 never-rises, 0 below-hz, 0 mag-cull
[18:54:57.888] [PARALLAX] [trace] Stars: 0 total | 0 candidates (0%) | 0 visible | prefilter: 0 never-rises, 0 below-hz, 0 mag-cull
[18:54:57.908] [PARALLAX] [trace] Stars: 0 total | 0 candidates (0%) | 0 visible | prefilter: 0 never-rises, 0 below-hz, 0 mag-cull
[18:54:57.928] [PARALLAX] [trace] Stars: 0 total | 0 candidates (0%) | 0 visible | prefilter: 0 never-rises, 0 below-hz, 0 mag-cull
[18:54:57.948] [PARALLAX] [trace] Stars: 0 total | 0 candidates (0%) | 0 visible | prefilter: 0 never-rises, 0 below-hz, 0 mag-cull
[18:54:57.967] [PARALLAX] [trace] Stars: 0 total | 0 candidates (0%) | 0 visible | prefilter: 0 never-rises, 0 below-hz, 0 mag-cull
[18:54:57.985] [PARALLAX] [trace] Stars: 0 total | 0 candidates (0%) | 0 visible | prefilter: 0 never-rises, 0 below-hz, 0 mag-cull
[18:54:58.006] [PARALLAX] [trace] Stars: 0 total | 0 candidates (0%) | 0 visible | prefilter: 0 never-rises, 0 below-hz, 0 mag-cull
[18:54:58.024] [PARALLAX] [trace] Stars: 0 total | 0 candidates (0%) | 0 visible | prefilter: 0 never-rises, 0 below-hz, 0 mag-cull
[18:54:58.044] [PARALLAX] [trace] Stars: 0 total | 0 candidates (0%) | 0 visible | prefilter: 0 never-rises, 0 below-hz, 0 mag-cull
[18:54:58.065] [PARALLAX] [trace] Stars: 0 total | 0 candidates (0%) | 0 visible | prefilter: 0 never-rises, 0 below-hz, 0 mag-cull
[18:54:58.087] [PARALLAX] [trace] Stars: 0 total | 0 candidates (0%) | 0 visible | prefilter: 0 never-rises, 0 below-hz, 0 mag-cull
[18:54:58.106] [PARALLAX] [trace] Stars: 0 total | 0 candidates (0%) | 0 visible | prefilter: 0 never-rises, 0 below-hz, 0 mag-cull
[18:54:58.127] [PARALLAX] [trace] Stars: 0 total | 0 candidates (0%) | 0 visible | prefilter: 0 never-rises, 0 below-hz, 0 mag-cull
[18:54:58.146] [PARALLAX] [trace] Stars: 0 total | 0 candidates (0%) | 0 visible | prefilter: 0 never-rises, 0 below-hz, 0 mag-cull
[18:54:58.167] [PARALLAX] [trace] Stars: 0 total | 0 candidates (0%) | 0 visible | prefilter: 0 never-rises, 0 below-hz, 0 mag-cull
[18:54:58.185] [PARALLAX] [trace] Stars: 0 total | 0 candidates (0%) | 0 visible | prefilter: 0 never-rises, 0 below-hz, 0 mag-cull
[18:54:58.206] [PARALLAX] [trace] Stars: 0 total | 0 candidates (0%) | 0 visible | prefilter: 0 never-rises, 0 below-hz, 0 mag-cull
[18:54:58.226] [PARALLAX] [trace] Stars: 0 total | 0 candidates (0%) | 0 visible | prefilter: 0 never-rises, 0 below-hz, 0 mag-cull
[18:54:58.246] [PARALLAX] [trace] Stars: 0 total | 0 candidates (0%) | 0 visible | prefilter: 0 never-rises, 0 below-hz, 0 mag-cull
[18:54:58.267] [PARALLAX] [trace] Stars: 0 total | 0 candidates (0%) | 0 visible | prefilter: 0 never-rises, 0 below-hz, 0 mag-cull
[18:54:58.287] [PARALLAX] [trace] Stars: 0 total | 0 candidates (0%) | 0 visible | prefilter: 0 never-rises, 0 below-hz, 0 mag-cull
[18:54:58.304] [PARALLAX] [trace] Stars: 0 total | 0 candidates (0%) | 0 visible | prefilter: 0 never-rises, 0 below-hz, 0 mag-cull
[18:54:58.324] [PARALLAX] [trace] Stars: 0 total | 0 candidates (0%) | 0 visible | prefilter: 0 never-rises, 0 below-hz, 0 mag-cull
[18:54:58.342] [PARALLAX] [trace] Stars: 0 total | 0 candidates (0%) | 0 visible | prefilter: 0 never-rises, 0 below-hz, 0 mag-cull
[18:54:58.363] [PARALLAX] [trace] Stars: 0 total | 0 candidates (0%) | 0 visible | prefilter: 0 never-rises, 0 below-hz, 0 mag-cull
[18:54:58.384] [PARALLAX] [trace] Stars: 0 total | 0 candidates (0%) | 0 visible | prefilter: 0 never-rises, 0 below-hz, 0 mag-cull
[18:54:58.404] [PARALLAX] [trace] Stars: 0 total | 0 candidates (0%) | 0 visible | prefilter: 0 never-rises, 0 below-hz, 0 mag-cull
[18:54:58.423] [PARALLAX] [trace] Stars: 0 total | 0 candidates (0%) | 0 visible | prefilter: 0 never-rises, 0 below-hz, 0 mag-cull
[18:54:58.443] [PARALLAX] [trace] Stars: 0 total | 0 candidates (0%) | 0 visible | prefilter: 0 never-rises, 0 below-hz, 0 mag-cull
[18:54:58.464] [PARALLAX] [trace] Stars: 0 total | 0 candidates (0%) | 0 visible | prefilter: 0 never-rises, 0 below-hz, 0 mag-cull
[18:54:58.483] [PARALLAX] [trace] Stars: 0 total | 0 candidates (0%) | 0 visible | prefilter: 0 never-rises, 0 below-hz, 0 mag-cull
[18:54:58.502] [PARALLAX] [trace] Stars: 0 total | 0 candidates (0%) | 0 visible | prefilter: 0 never-rises, 0 below-hz, 0 mag-cull
[18:54:58.521] [PARALLAX] [trace] Stars: 0 total | 0 candidates (0%) | 0 visible | prefilter: 0 never-rises, 0 below-hz, 0 mag-cull
[18:54:58.540] [PARALLAX] [trace] Stars: 0 total | 0 candidates (0%) | 0 visible | prefilter: 0 never-rises, 0 below-hz, 0 mag-cull
[18:54:58.562] [PARALLAX] [trace] Stars: 0 total | 0 candidates (0%) | 0 visible | prefilter: 0 never-rises, 0 below-hz, 0 mag-cull
[18:54:58.581] [PARALLAX] [trace] Stars: 0 total | 0 candidates (0%) | 0 visible | prefilter: 0 never-rises, 0 below-hz, 0 mag-cull
[18:54:58.601] [PARALLAX] [trace] Stars: 0 total | 0 candidates (0%) | 0 visible | prefilter: 0 never-rises, 0 below-hz, 0 mag-cull
[18:54:58.620] [PARALLAX] [trace] Stars: 0 total | 0 candidates (0%) | 0 visible | prefilter: 0 never-rises, 0 below-hz, 0 mag-cull
[18:54:58.640] [PARALLAX] [trace] Stars: 0 total | 0 candidates (0%) | 0 visible | prefilter: 0 never-rises, 0 below-hz, 0 mag-cull
[18:54:58.658] [PARALLAX] [trace] Stars: 0 total | 0 candidates (0%) | 0 visible | prefilter: 0 never-rises, 0 below-hz, 0 mag-cull
[18:54:58.679] [PARALLAX] [trace] Stars: 0 total | 0 candidates (0%) | 0 visible | prefilter: 0 never-rises, 0 below-hz, 0 mag-cull
[18:54:58.698] [PARALLAX] [trace] Stars: 0 total | 0 candidates (0%) | 0 visible | prefilter: 0 never-rises, 0 below-hz, 0 mag-cull
[18:54:58.718] [PARALLAX] [trace] Stars: 0 total | 0 candidates (0%) | 0 visible | prefilter: 0 never-rises, 0 below-hz, 0 mag-cull
[18:54:58.738] [PARALLAX] [trace] Stars: 0 total | 0 candidates (0%) | 0 visible | prefilter: 0 never-rises, 0 below-hz, 0 mag-cull
[18:54:58.756] [PARALLAX] [trace] Stars: 0 total | 0 candidates (0%) | 0 visible | prefilter: 0 never-rises, 0 below-hz, 0 mag-cull
[18:54:58.777] [PARALLAX] [trace] Stars: 0 total | 0 candidates (0%) | 0 visible | prefilter: 0 never-rises, 0 below-hz, 0 mag-cull
[18:54:58.798] [PARALLAX] [trace] Stars: 0 total | 0 candidates (0%) | 0 visible | prefilter: 0 never-rises, 0 below-hz, 0 mag-cull
[18:54:58.818] [PARALLAX] [trace] Stars: 0 total | 0 candidates (0%) | 0 visible | prefilter: 0 never-rises, 0 below-hz, 0 mag-cull
[18:54:58.838] [PARALLAX] [trace] Stars: 0 total | 0 candidates (0%) | 0 visible | prefilter: 0 never-rises, 0 below-hz, 0 mag-cull
[18:54:58.857] [PARALLAX] [trace] Stars: 0 total | 0 candidates (0%) | 0 visible | prefilter: 0 never-rises, 0 below-hz, 0 mag-cull
[18:54:58.877] [PARALLAX] [trace] Stars: 0 total | 0 candidates (0%) | 0 visible | prefilter: 0 never-rises, 0 below-hz, 0 mag-cull
[18:54:58.896] [PARALLAX] [trace] Stars: 0 total | 0 candidates (0%) | 0 visible | prefilter: 0 never-rises, 0 below-hz, 0 mag-cull
[18:54:58.918] [PARALLAX] [trace] Stars: 0 total | 0 candidates (0%) | 0 visible | prefilter: 0 never-rises, 0 below-hz, 0 mag-cull
[18:54:58.937] [PARALLAX] [trace] Stars: 0 total | 0 candidates (0%) | 0 visible | prefilter: 0 never-rises, 0 below-hz, 0 mag-cull
[18:54:58.957] [PARALLAX] [trace] Stars: 0 total | 0 candidates (0%) | 0 visible | prefilter: 0 never-rises, 0 below-hz, 0 mag-cull
[18:54:58.978] [PARALLAX] [trace] Stars: 0 total | 0 candidates (0%) | 0 visible | prefilter: 0 never-rises, 0 below-hz, 0 mag-cull
[18:54:58.997] [PARALLAX] [trace] Stars: 0 total | 0 candidates (0%) | 0 visible | prefilter: 0 never-rises, 0 below-hz, 0 mag-cull
[18:54:59.017] [PARALLAX] [trace] Stars: 0 total | 0 candidates (0%) | 0 visible | prefilter: 0 never-rises, 0 below-hz, 0 mag-cull
[18:54:59.038] [PARALLAX] [trace] Stars: 0 total | 0 candidates (0%) | 0 visible | prefilter: 0 never-rises, 0 below-hz, 0 mag-cull
[18:54:59.062] [PARALLAX] [trace] Stars: 0 total | 0 candidates (0%) | 0 visible | prefilter: 0 never-rises, 0 below-hz, 0 mag-cull
[18:54:59.082] [PARALLAX] [trace] Stars: 0 total | 0 candidates (0%) | 0 visible | prefilter: 0 never-rises, 0 below-hz, 0 mag-cull
[18:54:59.103] [PARALLAX] [trace] Stars: 0 total | 0 candidates (0%) | 0 visible | prefilter: 0 never-rises, 0 below-hz, 0 mag-cull
[18:54:59.123] [PARALLAX] [trace] Stars: 0 total | 0 candidates (0%) | 0 visible | prefilter: 0 never-rises, 0 below-hz, 0 mag-cull
[18:54:59.144] [PARALLAX] [trace] Stars: 0 total | 0 candidates (0%) | 0 visible | prefilter: 0 never-rises, 0 below-hz, 0 mag-cull
[18:54:59.174] [PARALLAX] [trace] Stars: 0 total | 0 candidates (0%) | 0 visible | prefilter: 0 never-rises, 0 below-hz, 0 mag-cull
[18:54:59.203] [PARALLAX] [trace] Stars: 0 total | 0 candidates (0%) | 0 visible | prefilter: 0 never-rises, 0 below-hz, 0 mag-cull
[18:54:59.228] [PARALLAX] [trace] Stars: 0 total | 0 candidates (0%) | 0 visible | prefilter: 0 never-rises, 0 below-hz, 0 mag-cull
[18:54:59.249] [PARALLAX] [trace] Stars: 0 total | 0 candidates (0%) | 0 visible | prefilter: 0 never-rises, 0 below-hz, 0 mag-cull
[18:54:59.271] [PARALLAX] [trace] Stars: 0 total | 0 candidates (0%) | 0 visible | prefilter: 0 never-rises, 0 below-hz, 0 mag-cull
[18:54:59.291] [PARALLAX] [trace] Stars: 0 total | 0 candidates (0%) | 0 visible | prefilter: 0 never-rises, 0 below-hz, 0 mag-cull
[18:54:59.314] [PARALLAX] [trace] Stars: 0 total | 0 candidates (0%) | 0 visible | prefilter: 0 never-rises, 0 below-hz, 0 mag-cull
[18:54:59.341] [PARALLAX] [trace] Stars: 0 total | 0 candidates (0%) | 0 visible | prefilter: 0 never-rises, 0 below-hz, 0 mag-cull
[18:54:59.368] [PARALLAX] [trace] Stars: 0 total | 0 candidates (0%) | 0 visible | prefilter: 0 never-rises, 0 below-hz, 0 mag-cull
[18:54:59.397] [PARALLAX] [trace] Stars: 0 total | 0 candidates (0%) | 0 visible | prefilter: 0 never-rises, 0 below-hz, 0 mag-cull
[18:54:59.426] [PARALLAX] [trace] Stars: 0 total | 0 candidates (0%) | 0 visible | prefilter: 0 never-rises, 0 below-hz, 0 mag-cull
[18:54:59.454] [PARALLAX] [trace] Stars: 0 total | 0 candidates (0%) | 0 visible | prefilter: 0 never-rises, 0 below-hz, 0 mag-cull
[18:54:59.480] [PARALLAX] [trace] Stars: 0 total | 0 candidates (0%) | 0 visible | prefilter: 0 never-rises, 0 below-hz, 0 mag-cull
[18:54:59.504] [PARALLAX] [trace] Stars: 0 total | 0 candidates (0%) | 0 visible | prefilter: 0 never-rises, 0 below-hz, 0 mag-cull
[18:54:59.526] [PARALLAX] [trace] Stars: 0 total | 0 candidates (0%) | 0 visible | prefilter: 0 never-rises, 0 below-hz, 0 mag-cull
[18:54:59.549] [PARALLAX] [trace] Stars: 0 total | 0 candidates (0%) | 0 visible | prefilter: 0 never-rises, 0 below-hz, 0 mag-cull
[18:54:59.571] [PARALLAX] [trace] Stars: 0 total | 0 candidates (0%) | 0 visible | prefilter: 0 never-rises, 0 below-hz, 0 mag-cull
[18:54:59.593] [PARALLAX] [trace] Stars: 0 total | 0 candidates (0%) | 0 visible | prefilter: 0 never-rises, 0 below-hz, 0 mag-cull
[18:54:59.617] [PARALLAX] [trace] Stars: 0 total | 0 candidates (0%) | 0 visible | prefilter: 0 never-rises, 0 below-hz, 0 mag-cull
[18:54:59.641] [PARALLAX] [trace] Stars: 0 total | 0 candidates (0%) | 0 visible | prefilter: 0 never-rises, 0 below-hz, 0 mag-cull
[18:54:59.664] [PARALLAX] [trace] Stars: 0 total | 0 candidates (0%) | 0 visible | prefilter: 0 never-rises, 0 below-hz, 0 mag-cull
[18:54:59.685] [PARALLAX] [trace] Stars: 0 total | 0 candidates (0%) | 0 visible | prefilter: 0 never-rises, 0 below-hz, 0 mag-cull
[18:54:59.706] [PARALLAX] [trace] Stars: 0 total | 0 candidates (0%) | 0 visible | prefilter: 0 never-rises, 0 below-hz, 0 mag-cull
[18:54:59.726] [PARALLAX] [trace] Stars: 0 total | 0 candidates (0%) | 0 visible | prefilter: 0 never-rises, 0 below-hz, 0 mag-cull
[18:54:59.749] [PARALLAX] [trace] Stars: 0 total | 0 candidates (0%) | 0 visible | prefilter: 0 never-rises, 0 below-hz, 0 mag-cull
[18:54:59.768] [PARALLAX] [trace] Stars: 0 total | 0 candidates (0%) | 0 visible | prefilter: 0 never-rises, 0 below-hz, 0 mag-cull
[18:54:59.787] [PARALLAX] [trace] Stars: 0 total | 0 candidates (0%) | 0 visible | prefilter: 0 never-rises, 0 below-hz, 0 mag-cull
[18:54:59.806] [PARALLAX] [trace] Stars: 0 total | 0 candidates (0%) | 0 visible | prefilter: 0 never-rises, 0 below-hz, 0 mag-cull
[18:54:59.825] [PARALLAX] [trace] Stars: 0 total | 0 candidates (0%) | 0 visible | prefilter: 0 never-rises, 0 below-hz, 0 mag-cull
[18:54:59.844] [PARALLAX] [trace] Stars: 0 total | 0 candidates (0%) | 0 visible | prefilter: 0 never-rises, 0 below-hz, 0 mag-cull
[18:54:59.863] [PARALLAX] [trace] Stars: 0 total | 0 candidates (0%) | 0 visible | prefilter: 0 never-rises, 0 below-hz, 0 mag-cull
[18:54:59.884] [PARALLAX] [trace] Stars: 0 total | 0 candidates (0%) | 0 visible | prefilter: 0 never-rises, 0 below-hz, 0 mag-cull
[18:54:59.905] [PARALLAX] [trace] Stars: 0 total | 0 candidates (0%) | 0 visible | prefilter: 0 never-rises, 0 below-hz, 0 mag-cull
[18:54:59.932] [PARALLAX] [trace] Stars: 0 total | 0 candidates (0%) | 0 visible | prefilter: 0 never-rises, 0 below-hz, 0 mag-cull
[18:54:59.958] [PARALLAX] [trace] Stars: 0 total | 0 candidates (0%) | 0 visible | prefilter: 0 never-rises, 0 below-hz, 0 mag-cull
[18:54:59.986] [PARALLAX] [trace] Stars: 0 total | 0 candidates (0%) | 0 visible | prefilter: 0 never-rises, 0 below-hz, 0 mag-cull
[18:55:00.013] [PARALLAX] [trace] Stars: 0 total | 0 candidates (0%) | 0 visible | prefilter: 0 never-rises, 0 below-hz, 0 mag-cull
[18:55:00.055] [PARALLAX] [trace] Stars: 0 total | 0 candidates (0%) | 0 visible | prefilter: 0 never-rises, 0 below-hz, 0 mag-cull
[18:55:00.085] [PARALLAX] [trace] Stars: 0 total | 0 candidates (0%) | 0 visible | prefilter: 0 never-rises, 0 below-hz, 0 mag-cull
[18:55:00.108] [PARALLAX] [trace] Stars: 0 total | 0 candidates (0%) | 0 visible | prefilter: 0 never-rises, 0 below-hz, 0 mag-cull
[18:55:00.129] [PARALLAX] [trace] Stars: 0 total | 0 candidates (0%) | 0 visible | prefilter: 0 never-rises, 0 below-hz, 0 mag-cull
[18:55:00.149] [PARALLAX] [trace] Stars: 0 total | 0 candidates (0%) | 0 visible | prefilter: 0 never-rises, 0 below-hz, 0 mag-cull
[18:55:00.172] [PARALLAX] [trace] Stars: 0 total | 0 candidates (0%) | 0 visible | prefilter: 0 never-rises, 0 below-hz, 0 mag-cull
[18:55:00.196] [PARALLAX] [trace] Stars: 0 total | 0 candidates (0%) | 0 visible | prefilter: 0 never-rises, 0 below-hz, 0 mag-cull
[18:55:00.220] [PARALLAX] [trace] Stars: 0 total | 0 candidates (0%) | 0 visible | prefilter: 0 never-rises, 0 below-hz, 0 mag-cull
[18:55:00.243] [PARALLAX] [trace] Stars: 0 total | 0 candidates (0%) | 0 visible | prefilter: 0 never-rises, 0 below-hz, 0 mag-cull
[18:55:00.269] [PARALLAX] [trace] Stars: 0 total | 0 candidates (0%) | 0 visible | prefilter: 0 never-rises, 0 below-hz, 0 mag-cull
[18:55:00.294] [PARALLAX] [trace] Stars: 0 total | 0 candidates (0%) | 0 visible | prefilter: 0 never-rises, 0 below-hz, 0 mag-cull
[18:55:00.319] [PARALLAX] [trace] Stars: 0 total | 0 candidates (0%) | 0 visible | prefilter: 0 never-rises, 0 below-hz, 0 mag-cull
[18:55:00.342] [PARALLAX] [trace] Stars: 0 total | 0 candidates (0%) | 0 visible | prefilter: 0 never-rises, 0 below-hz, 0 mag-cull
[18:55:00.366] [PARALLAX] [trace] Stars: 0 total | 0 candidates (0%) | 0 visible | prefilter: 0 never-rises, 0 below-hz, 0 mag-cull
[18:55:00.385] [PARALLAX] [trace] Stars: 0 total | 0 candidates (0%) | 0 visible | prefilter: 0 never-rises, 0 below-hz, 0 mag-cull
[18:55:00.404] [PARALLAX] [trace] Stars: 0 total | 0 candidates (0%) | 0 visible | prefilter: 0 never-rises, 0 below-hz, 0 mag-cull
[18:55:00.425] [PARALLAX] [trace] Stars: 0 total | 0 candidates (0%) | 0 visible | prefilter: 0 never-rises, 0 below-hz, 0 mag-cull
[18:55:00.445] [PARALLAX] [trace] Stars: 0 total | 0 candidates (0%) | 0 visible | prefilter: 0 never-rises, 0 below-hz, 0 mag-cull
[18:55:00.466] [PARALLAX] [trace] Stars: 0 total | 0 candidates (0%) | 0 visible | prefilter: 0 never-rises, 0 below-hz, 0 mag-cull
[18:55:00.487] [PARALLAX] [trace] Stars: 0 total | 0 candidates (0%) | 0 visible | prefilter: 0 never-rises, 0 below-hz, 0 mag-cull
[18:55:00.508] [PARALLAX] [trace] Stars: 0 total | 0 candidates (0%) | 0 visible | prefilter: 0 never-rises, 0 below-hz, 0 mag-cull
[18:55:00.534] [PARALLAX] [trace] Stars: 0 total | 0 candidates (0%) | 0 visible | prefilter: 0 never-rises, 0 below-hz, 0 mag-cull
[18:55:00.563] [PARALLAX] [trace] Stars: 0 total | 0 candidates (0%) | 0 visible | prefilter: 0 never-rises, 0 below-hz, 0 mag-cull
[18:55:00.590] [PARALLAX] [trace] Stars: 0 total | 0 candidates (0%) | 0 visible | prefilter: 0 never-rises, 0 below-hz, 0 mag-cull
[18:55:02.113] [PARALLAX] [trace] Stars: 0 total | 0 candidates (0%) | 0 visible | prefilter: 0 never-rises, 0 below-hz, 0 mag-cull
[18:55:02.159] [PARALLAX] [trace] Stars: 0 total | 0 candidates (0%) | 0 visible | prefilter: 0 never-rises, 0 below-hz, 0 mag-cull
[18:55:02.190] [PARALLAX] [trace] Stars: 0 total | 0 candidates (0%) | 0 visible | prefilter: 0 never-rises, 0 below-hz, 0 mag-cull
[18:55:02.222] [PARALLAX] [trace] Stars: 0 total | 0 candidates (0%) | 0 visible | prefilter: 0 never-rises, 0 below-hz, 0 mag-cull
[18:55:02.252] [PARALLAX] [trace] Stars: 0 total | 0 candidates (0%) | 0 visible | prefilter: 0 never-rises, 0 below-hz, 0 mag-cull
[18:55:02.281] [PARALLAX] [trace] Stars: 0 total | 0 candidates (0%) | 0 visible | prefilter: 0 never-rises, 0 below-hz, 0 mag-cull
[18:55:02.309] [PARALLAX] [trace] Stars: 0 total | 0 candidates (0%) | 0 visible | prefilter: 0 never-rises, 0 below-hz, 0 mag-cull
[18:55:02.332] [PARALLAX] [trace] Stars: 0 total | 0 candidates (0%) | 0 visible | prefilter: 0 never-rises, 0 below-hz, 0 mag-cull
[18:55:02.356] [PARALLAX] [trace] Stars: 0 total | 0 candidates (0%) | 0 visible | prefilter: 0 never-rises, 0 below-hz, 0 mag-cull
[18:55:02.382] [PARALLAX] [trace] Stars: 0 total | 0 candidates (0%) | 0 visible | prefilter: 0 never-rises, 0 below-hz, 0 mag-cull
[18:55:02.406] [PARALLAX] [trace] Stars: 0 total | 0 candidates (0%) | 0 visible | prefilter: 0 never-rises, 0 below-hz, 0 mag-cull
[18:55:02.432] [PARALLAX] [trace] Stars: 0 total | 0 candidates (0%) | 0 visible | prefilter: 0 never-rises, 0 below-hz, 0 mag-cull
[18:55:02.458] [PARALLAX] [trace] Stars: 0 total | 0 candidates (0%) | 0 visible | prefilter: 0 never-rises, 0 below-hz, 0 mag-cull
[18:55:02.485] [PARALLAX] [trace] Stars: 0 total | 0 candidates (0%) | 0 visible | prefilter: 0 never-rises, 0 below-hz, 0 mag-cull
[18:55:02.512] [PARALLAX] [trace] Stars: 0 total | 0 candidates (0%) | 0 visible | prefilter: 0 never-rises, 0 below-hz, 0 mag-cull
[18:55:02.539] [PARALLAX] [trace] Stars: 0 total | 0 candidates (0%) | 0 visible | prefilter: 0 never-rises, 0 below-hz, 0 mag-cull
[18:55:02.564] [PARALLAX] [trace] Stars: 0 total | 0 candidates (0%) | 0 visible | prefilter: 0 never-rises, 0 below-hz, 0 mag-cull
[18:55:02.589] [PARALLAX] [trace] Stars: 0 total | 0 candidates (0%) | 0 visible | prefilter: 0 never-rises, 0 below-hz, 0 mag-cull
[18:55:02.614] [PARALLAX] [trace] Stars: 0 total | 0 candidates (0%) | 0 visible | prefilter: 0 never-rises, 0 below-hz, 0 mag-cull
[18:55:02.636] [PARALLAX] [trace] Stars: 0 total | 0 candidates (0%) | 0 visible | prefilter: 0 never-rises, 0 below-hz, 0 mag-cull
[18:55:02.657] [PARALLAX] [trace] Stars: 0 total | 0 candidates (0%) | 0 visible | prefilter: 0 never-rises, 0 below-hz, 0 mag-cull
[18:55:02.680] [PARALLAX] [trace] Stars: 0 total | 0 candidates (0%) | 0 visible | prefilter: 0 never-rises, 0 below-hz, 0 mag-cull
[18:55:02.703] [PARALLAX] [trace] Stars: 0 total | 0 candidates (0%) | 0 visible | prefilter: 0 never-rises, 0 below-hz, 0 mag-cull
[18:55:02.728] [PARALLAX] [trace] Stars: 0 total | 0 candidates (0%) | 0 visible | prefilter: 0 never-rises, 0 below-hz, 0 mag-cull
[18:55:02.758] [PARALLAX] [trace] Stars: 0 total | 0 candidates (0%) | 0 visible | prefilter: 0 never-rises, 0 below-hz, 0 mag-cull
[18:55:02.792] [PARALLAX] [trace] Stars: 0 total | 0 candidates (0%) | 0 visible | prefilter: 0 never-rises, 0 below-hz, 0 mag-cull
[18:55:02.826] [PARALLAX] [trace] Stars: 0 total | 0 candidates (0%) | 0 visible | prefilter: 0 never-rises, 0 below-hz, 0 mag-cull
[18:55:02.855] [PARALLAX] [trace] Stars: 0 total | 0 candidates (0%) | 0 visible | prefilter: 0 never-rises, 0 below-hz, 0 mag-cull
[18:55:02.877] [PARALLAX] [trace] Stars: 0 total | 0 candidates (0%) | 0 visible | prefilter: 0 never-rises, 0 below-hz, 0 mag-cull
[18:55:02.899] [PARALLAX] [trace] Stars: 0 total | 0 candidates (0%) | 0 visible | prefilter: 0 never-rises, 0 below-hz, 0 mag-cull
[18:55:02.921] [PARALLAX] [trace] Stars: 0 total | 0 candidates (0%) | 0 visible | prefilter: 0 never-rises, 0 below-hz, 0 mag-cull
[18:55:02.942] [PARALLAX] [trace] Stars: 0 total | 0 candidates (0%) | 0 visible | prefilter: 0 never-rises, 0 below-hz, 0 mag-cull
[18:55:02.964] [PARALLAX] [trace] Stars: 0 total | 0 candidates (0%) | 0 visible | prefilter: 0 never-rises, 0 below-hz, 0 mag-cull
[18:55:02.986] [PARALLAX] [trace] Stars: 0 total | 0 candidates (0%) | 0 visible | prefilter: 0 never-rises, 0 below-hz, 0 mag-cull
[18:55:03.007] [PARALLAX] [trace] Stars: 0 total | 0 candidates (0%) | 0 visible | prefilter: 0 never-rises, 0 below-hz, 0 mag-cull
[18:55:03.032] [PARALLAX] [trace] Stars: 0 total | 0 candidates (0%) | 0 visible | prefilter: 0 never-rises, 0 below-hz, 0 mag-cull
[18:55:03.057] [PARALLAX] [trace] Stars: 0 total | 0 candidates (0%) | 0 visible | prefilter: 0 never-rises, 0 below-hz, 0 mag-cull
[18:55:03.081] [PARALLAX] [trace] Stars: 0 total | 0 candidates (0%) | 0 visible | prefilter: 0 never-rises, 0 below-hz, 0 mag-cull
[18:55:03.105] [PARALLAX] [trace] Stars: 0 total | 0 candidates (0%) | 0 visible | prefilter: 0 never-rises, 0 below-hz, 0 mag-cull
[18:55:03.128] [PARALLAX] [trace] Stars: 0 total | 0 candidates (0%) | 0 visible | prefilter: 0 never-rises, 0 below-hz, 0 mag-cull
[18:55:03.152] [PARALLAX] [trace] Stars: 0 total | 0 candidates (0%) | 0 visible | prefilter: 0 never-rises, 0 below-hz, 0 mag-cull
[18:55:03.174] [PARALLAX] [trace] Stars: 0 total | 0 candidates (0%) | 0 visible | prefilter: 0 never-rises, 0 below-hz, 0 mag-cull
[18:55:03.197] [PARALLAX] [trace] Stars: 0 total | 0 candidates (0%) | 0 visible | prefilter: 0 never-rises, 0 below-hz, 0 mag-cull
[18:55:03.218] [PARALLAX] [trace] Stars: 0 total | 0 candidates (0%) | 0 visible | prefilter: 0 never-rises, 0 below-hz, 0 mag-cull
[18:55:03.239] [PARALLAX] [trace] Stars: 0 total | 0 candidates (0%) | 0 visible | prefilter: 0 never-rises, 0 below-hz, 0 mag-cull
[18:55:03.265] [PARALLAX] [trace] Stars: 0 total | 0 candidates (0%) | 0 visible | prefilter: 0 never-rises, 0 below-hz, 0 mag-cull
[18:55:03.292] [PARALLAX] [trace] Stars: 0 total | 0 candidates (0%) | 0 visible | prefilter: 0 never-rises, 0 below-hz, 0 mag-cull
[18:55:03.320] [PARALLAX] [trace] Stars: 0 total | 0 candidates (0%) | 0 visible | prefilter: 0 never-rises, 0 below-hz, 0 mag-cull
[18:55:03.347] [PARALLAX] [trace] Stars: 0 total | 0 candidates (0%) | 0 visible | prefilter: 0 never-rises, 0 below-hz, 0 mag-cull
[18:55:03.373] [PARALLAX] [trace] Stars: 0 total | 0 candidates (0%) | 0 visible | prefilter: 0 never-rises, 0 below-hz, 0 mag-cull
[18:55:03.399] [PARALLAX] [trace] Stars: 0 total | 0 candidates (0%) | 0 visible | prefilter: 0 never-rises, 0 below-hz, 0 mag-cull
[18:55:03.421] [PARALLAX] [trace] Stars: 0 total | 0 candidates (0%) | 0 visible | prefilter: 0 never-rises, 0 below-hz, 0 mag-cull
[18:55:03.444] [PARALLAX] [trace] Stars: 0 total | 0 candidates (0%) | 0 visible | prefilter: 0 never-rises, 0 below-hz, 0 mag-cull
[18:55:03.467] [PARALLAX] [trace] Stars: 0 total | 0 candidates (0%) | 0 visible | prefilter: 0 never-rises, 0 below-hz, 0 mag-cull
[18:55:03.489] [PARALLAX] [trace] Stars: 0 total | 0 candidates (0%) | 0 visible | prefilter: 0 never-rises, 0 below-hz, 0 mag-cull
[18:55:03.509] [PARALLAX] [trace] Stars: 0 total | 0 candidates (0%) | 0 visible | prefilter: 0 never-rises, 0 below-hz, 0 mag-cull
[18:55:03.531] [PARALLAX] [trace] Stars: 0 total | 0 candidates (0%) | 0 visible | prefilter: 0 never-rises, 0 below-hz, 0 mag-cull
[18:55:03.552] [PARALLAX] [trace] Stars: 0 total | 0 candidates (0%) | 0 visible | prefilter: 0 never-rises, 0 below-hz, 0 mag-cull
[18:55:04.084] [PARALLAX] [trace] Stars: 0 total | 0 candidates (0%) | 0 visible | prefilter: 0 never-rises, 0 below-hz, 0 mag-cull
[18:55:04.123] [PARALLAX] [trace] Stars: 0 total | 0 candidates (0%) | 0 visible | prefilter: 0 never-rises, 0 below-hz, 0 mag-cull
[18:55:04.158] [PARALLAX] [trace] Stars: 0 total | 0 candidates (0%) | 0 visible | prefilter: 0 never-rises, 0 below-hz, 0 mag-cull
[18:55:04.196] [PARALLAX] [trace] Stars: 0 total | 0 candidates (0%) | 0 visible | prefilter: 0 never-rises, 0 below-hz, 0 mag-cull
[18:55:04.227] [PARALLAX] [trace] Stars: 0 total | 0 candidates (0%) | 0 visible | prefilter: 0 never-rises, 0 below-hz, 0 mag-cull
[18:55:04.258] [PARALLAX] [trace] Stars: 0 total | 0 candidates (0%) | 0 visible | prefilter: 0 never-rises, 0 below-hz, 0 mag-cull
[18:55:04.288] [PARALLAX] [trace] Stars: 0 total | 0 candidates (0%) | 0 visible | prefilter: 0 never-rises, 0 below-hz, 0 mag-cull
[18:55:04.317] [PARALLAX] [trace] Stars: 0 total | 0 candidates (0%) | 0 visible | prefilter: 0 never-rises, 0 below-hz, 0 mag-cull
[18:55:04.342] [PARALLAX] [trace] Stars: 0 total | 0 candidates (0%) | 0 visible | prefilter: 0 never-rises, 0 below-hz, 0 mag-cull
[18:55:04.368] [PARALLAX] [trace] Stars: 0 total | 0 candidates (0%) | 0 visible | prefilter: 0 never-rises, 0 below-hz, 0 mag-cull
[18:55:04.396] [PARALLAX] [trace] Stars: 0 total | 0 candidates (0%) | 0 visible | prefilter: 0 never-rises, 0 below-hz, 0 mag-cull
[18:55:04.423] [PARALLAX] [trace] Stars: 0 total | 0 candidates (0%) | 0 visible | prefilter: 0 never-rises, 0 below-hz, 0 mag-cull
[18:55:04.449] [PARALLAX] [trace] Stars: 0 total | 0 candidates (0%) | 0 visible | prefilter: 0 never-rises, 0 below-hz, 0 mag-cull
[18:55:04.473] [PARALLAX] [trace] Stars: 0 total | 0 candidates (0%) | 0 visible | prefilter: 0 never-rises, 0 below-hz, 0 mag-cull
[18:55:04.498] [PARALLAX] [trace] Stars: 0 total | 0 candidates (0%) | 0 visible | prefilter: 0 never-rises, 0 below-hz, 0 mag-cull
[18:55:04.522] [PARALLAX] [trace] Stars: 0 total | 0 candidates (0%) | 0 visible | prefilter: 0 never-rises, 0 below-hz, 0 mag-cull
[18:55:04.541] [PARALLAX] [trace] Stars: 0 total | 0 candidates (0%) | 0 visible | prefilter: 0 never-rises, 0 below-hz, 0 mag-cull
[18:55:04.560] [PARALLAX] [trace] Stars: 0 total | 0 candidates (0%) | 0 visible | prefilter: 0 never-rises, 0 below-hz, 0 mag-cull
[18:55:04.580] [PARALLAX] [trace] Stars: 0 total | 0 candidates (0%) | 0 visible | prefilter: 0 never-rises, 0 below-hz, 0 mag-cull
[18:55:04.600] [PARALLAX] [trace] Stars: 0 total | 0 candidates (0%) | 0 visible | prefilter: 0 never-rises, 0 below-hz, 0 mag-cull
[18:55:04.620] [PARALLAX] [trace] Stars: 0 total | 0 candidates (0%) | 0 visible | prefilter: 0 never-rises, 0 below-hz, 0 mag-cull
[18:55:04.641] [PARALLAX] [trace] Stars: 0 total | 0 candidates (0%) | 0 visible | prefilter: 0 never-rises, 0 below-hz, 0 mag-cull
[18:55:04.659] [PARALLAX] [trace] Stars: 0 total | 0 candidates (0%) | 0 visible | prefilter: 0 never-rises, 0 below-hz, 0 mag-cull
[18:55:04.680] [PARALLAX] [trace] Stars: 0 total | 0 candidates (0%) | 0 visible | prefilter: 0 never-rises, 0 below-hz, 0 mag-cull
[18:55:04.700] [PARALLAX] [trace] Stars: 0 total | 0 candidates (0%) | 0 visible | prefilter: 0 never-rises, 0 below-hz, 0 mag-cull
[18:55:04.720] [PARALLAX] [trace] Stars: 0 total | 0 candidates (0%) | 0 visible | prefilter: 0 never-rises, 0 below-hz, 0 mag-cull
[18:55:04.740] [PARALLAX] [trace] Stars: 0 total | 0 candidates (0%) | 0 visible | prefilter: 0 never-rises, 0 below-hz, 0 mag-cull
[18:55:04.770] [PARALLAX] [trace] Stars: 0 total | 0 candidates (0%) | 0 visible | prefilter: 0 never-rises, 0 below-hz, 0 mag-cull
[18:55:04.830] [PARALLAX] [trace] Stars: 0 total | 0 candidates (0%) | 0 visible | prefilter: 0 never-rises, 0 below-hz, 0 mag-cull
[18:55:04.856] [PARALLAX] [trace] Stars: 0 total | 0 candidates (0%) | 0 visible | prefilter: 0 never-rises, 0 below-hz, 0 mag-cull
[18:55:04.875] [PARALLAX] [trace] Stars: 0 total | 0 candidates (0%) | 0 visible | prefilter: 0 never-rises, 0 below-hz, 0 mag-cull
[18:55:04.896] [PARALLAX] [trace] Stars: 0 total | 0 candidates (0%) | 0 visible | prefilter: 0 never-rises, 0 below-hz, 0 mag-cull
[18:55:04.918] [PARALLAX] [trace] Stars: 0 total | 0 candidates (0%) | 0 visible | prefilter: 0 never-rises, 0 below-hz, 0 mag-cull
[18:55:04.938] [PARALLAX] [trace] Stars: 0 total | 0 candidates (0%) | 0 visible | prefilter: 0 never-rises, 0 below-hz, 0 mag-cull
[18:55:04.958] [PARALLAX] [trace] Stars: 0 total | 0 candidates (0%) | 0 visible | prefilter: 0 never-rises, 0 below-hz, 0 mag-cull
[18:55:04.978] [PARALLAX] [trace] Stars: 0 total | 0 candidates (0%) | 0 visible | prefilter: 0 never-rises, 0 below-hz, 0 mag-cull
[18:55:05.002] [PARALLAX] [trace] Stars: 0 total | 0 candidates (0%) | 0 visible | prefilter: 0 never-rises, 0 below-hz, 0 mag-cull
[18:55:05.027] [PARALLAX] [trace] Stars: 0 total | 0 candidates (0%) | 0 visible | prefilter: 0 never-rises, 0 below-hz, 0 mag-cull
[18:55:05.047] [PARALLAX] [trace] Stars: 0 total | 0 candidates (0%) | 0 visible | prefilter: 0 never-rises, 0 below-hz, 0 mag-cull
[18:55:05.067] [PARALLAX] [trace] Stars: 0 total | 0 candidates (0%) | 0 visible | prefilter: 0 never-rises, 0 below-hz, 0 mag-cull
[18:55:05.086] [PARALLAX] [trace] Stars: 0 total | 0 candidates (0%) | 0 visible | prefilter: 0 never-rises, 0 below-hz, 0 mag-cull
[18:55:05.105] [PARALLAX] [trace] Stars: 0 total | 0 candidates (0%) | 0 visible | prefilter: 0 never-rises, 0 below-hz, 0 mag-cull
[18:55:05.125] [PARALLAX] [trace] Stars: 0 total | 0 candidates (0%) | 0 visible | prefilter: 0 never-rises, 0 below-hz, 0 mag-cull
[18:55:05.151] [PARALLAX] [trace] Stars: 0 total | 0 candidates (0%) | 0 visible | prefilter: 0 never-rises, 0 below-hz, 0 mag-cull
[18:55:05.178] [PARALLAX] [trace] Stars: 0 total | 0 candidates (0%) | 0 visible | prefilter: 0 never-rises, 0 below-hz, 0 mag-cull
[18:55:05.206] [PARALLAX] [trace] Stars: 0 total | 0 candidates (0%) | 0 visible | prefilter: 0 never-rises, 0 below-hz, 0 mag-cull
[18:55:05.236] [PARALLAX] [trace] Stars: 0 total | 0 candidates (0%) | 0 visible | prefilter: 0 never-rises, 0 below-hz, 0 mag-cull
[18:55:05.261] [PARALLAX] [trace] Stars: 0 total | 0 candidates (0%) | 0 visible | prefilter: 0 never-rises, 0 below-hz, 0 mag-cull
[18:55:05.283] [PARALLAX] [trace] Stars: 0 total | 0 candidates (0%) | 0 visible | prefilter: 0 never-rises, 0 below-hz, 0 mag-cull
[18:55:05.303] [PARALLAX] [trace] Stars: 0 total | 0 candidates (0%) | 0 visible | prefilter: 0 never-rises, 0 below-hz, 0 mag-cull
[18:55:05.324] [PARALLAX] [trace] Stars: 0 total | 0 candidates (0%) | 0 visible | prefilter: 0 never-rises, 0 below-hz, 0 mag-cull
[18:55:05.350] [PARALLAX] [trace] Stars: 0 total | 0 candidates (0%) | 0 visible | prefilter: 0 never-rises, 0 below-hz, 0 mag-cull
[18:55:05.375] [PARALLAX] [trace] Stars: 0 total | 0 candidates (0%) | 0 visible | prefilter: 0 never-rises, 0 below-hz, 0 mag-cull
[18:55:05.400] [PARALLAX] [trace] Stars: 0 total | 0 candidates (0%) | 0 visible | prefilter: 0 never-rises, 0 below-hz, 0 mag-cull
[18:55:05.426] [PARALLAX] [trace] Stars: 0 total | 0 candidates (0%) | 0 visible | prefilter: 0 never-rises, 0 below-hz, 0 mag-cull
[18:55:05.452] [PARALLAX] [trace] Stars: 0 total | 0 candidates (0%) | 0 visible | prefilter: 0 never-rises, 0 below-hz, 0 mag-cull
[18:55:05.481] [PARALLAX] [trace] Stars: 0 total | 0 candidates (0%) | 0 visible | prefilter: 0 never-rises, 0 below-hz, 0 mag-cull
[18:55:05.505] [PARALLAX] [trace] Stars: 0 total | 0 candidates (0%) | 0 visible | prefilter: 0 never-rises, 0 below-hz, 0 mag-cull
[18:55:05.529] [PARALLAX] [trace] Stars: 0 total | 0 candidates (0%) | 0 visible | prefilter: 0 never-rises, 0 below-hz, 0 mag-cull
[18:55:05.550] [PARALLAX] [trace] Stars: 0 total | 0 candidates (0%) | 0 visible | prefilter: 0 never-rises, 0 below-hz, 0 mag-cull
[18:55:05.573] [PARALLAX] [trace] Stars: 0 total | 0 candidates (0%) | 0 visible | prefilter: 0 never-rises, 0 below-hz, 0 mag-cull
[18:55:05.602] [PARALLAX] [trace] Stars: 0 total | 0 candidates (0%) | 0 visible | prefilter: 0 never-rises, 0 below-hz, 0 mag-cull
[18:55:05.634] [PARALLAX] [trace] Stars: 0 total | 0 candidates (0%) | 0 visible | prefilter: 0 never-rises, 0 below-hz, 0 mag-cull
[18:55:05.664] [PARALLAX] [trace] Stars: 0 total | 0 candidates (0%) | 0 visible | prefilter: 0 never-rises, 0 below-hz, 0 mag-cull
[18:55:05.695] [PARALLAX] [trace] Stars: 0 total | 0 candidates (0%) | 0 visible | prefilter: 0 never-rises, 0 below-hz, 0 mag-cull
[18:55:05.725] [PARALLAX] [trace] Stars: 0 total | 0 candidates (0%) | 0 visible | prefilter: 0 never-rises, 0 below-hz, 0 mag-cull
[18:55:05.754] [PARALLAX] [trace] Stars: 0 total | 0 candidates (0%) | 0 visible | prefilter: 0 never-rises, 0 below-hz, 0 mag-cull
[18:55:05.781] [PARALLAX] [trace] Stars: 0 total | 0 candidates (0%) | 0 visible | prefilter: 0 never-rises, 0 below-hz, 0 mag-cull
[18:55:05.803] [PARALLAX] [trace] Stars: 0 total | 0 candidates (0%) | 0 visible | prefilter: 0 never-rises, 0 below-hz, 0 mag-cull
[18:55:05.824] [PARALLAX] [trace] Stars: 0 total | 0 candidates (0%) | 0 visible | prefilter: 0 never-rises, 0 below-hz, 0 mag-cull
[18:55:05.849] [PARALLAX] [trace] Stars: 0 total | 0 candidates (0%) | 0 visible | prefilter: 0 never-rises, 0 below-hz, 0 mag-cull
[18:55:05.874] [PARALLAX] [trace] Stars: 0 total | 0 candidates (0%) | 0 visible | prefilter: 0 never-rises, 0 below-hz, 0 mag-cull
[18:55:05.900] [PARALLAX] [trace] Stars: 0 total | 0 candidates (0%) | 0 visible | prefilter: 0 never-rises, 0 below-hz, 0 mag-cull
[18:55:05.926] [PARALLAX] [trace] Stars: 0 total | 0 candidates (0%) | 0 visible | prefilter: 0 never-rises, 0 below-hz, 0 mag-cull
[18:55:05.953] [PARALLAX] [trace] Stars: 0 total | 0 candidates (0%) | 0 visible | prefilter: 0 never-rises, 0 below-hz, 0 mag-cull
[18:55:05.978] [PARALLAX] [trace] Stars: 0 total | 0 candidates (0%) | 0 visible | prefilter: 0 never-rises, 0 below-hz, 0 mag-cull
[18:55:06.003] [PARALLAX] [trace] Stars: 0 total | 0 candidates (0%) | 0 visible | prefilter: 0 never-rises, 0 below-hz, 0 mag-cull
[18:55:06.026] [PARALLAX] [trace] Stars: 0 total | 0 candidates (0%) | 0 visible | prefilter: 0 never-rises, 0 below-hz, 0 mag-cull
[18:55:06.050] [PARALLAX] [trace] Stars: 0 total | 0 candidates (0%) | 0 visible | prefilter: 0 never-rises, 0 below-hz, 0 mag-cull
[18:55:06.072] [PARALLAX] [trace] Stars: 0 total | 0 candidates (0%) | 0 visible | prefilter: 0 never-rises, 0 below-hz, 0 mag-cull
[18:55:06.092] [PARALLAX] [trace] Stars: 0 total | 0 candidates (0%) | 0 visible | prefilter: 0 never-rises, 0 below-hz, 0 mag-cull
[18:55:06.113] [PARALLAX] [trace] Stars: 0 total | 0 candidates (0%) | 0 visible | prefilter: 0 never-rises, 0 below-hz, 0 mag-cull
[18:55:06.133] [PARALLAX] [trace] Stars: 0 total | 0 candidates (0%) | 0 visible | prefilter: 0 never-rises, 0 below-hz, 0 mag-cull
[18:55:06.155] [PARALLAX] [trace] Stars: 0 total | 0 candidates (0%) | 0 visible | prefilter: 0 never-rises, 0 below-hz, 0 mag-cull
[18:55:06.183] [PARALLAX] [trace] Stars: 0 total | 0 candidates (0%) | 0 visible | prefilter: 0 never-rises, 0 below-hz, 0 mag-cull
[18:55:06.212] [PARALLAX] [trace] Stars: 0 total | 0 candidates (0%) | 0 visible | prefilter: 0 never-rises, 0 below-hz, 0 mag-cull
[18:55:06.241] [PARALLAX] [trace] Stars: 0 total | 0 candidates (0%) | 0 visible | prefilter: 0 never-rises, 0 below-hz, 0 mag-cull
[18:55:06.270] [PARALLAX] [trace] Stars: 0 total | 0 candidates (0%) | 0 visible | prefilter: 0 never-rises, 0 below-hz, 0 mag-cull
[18:55:06.296] [PARALLAX] [trace] Stars: 0 total | 0 candidates (0%) | 0 visible | prefilter: 0 never-rises, 0 below-hz, 0 mag-cull
[18:55:06.319] [PARALLAX] [trace] Stars: 0 total | 0 candidates (0%) | 0 visible | prefilter: 0 never-rises, 0 below-hz, 0 mag-cull
[18:55:06.342] [PARALLAX] [trace] Stars: 0 total | 0 candidates (0%) | 0 visible | prefilter: 0 never-rises, 0 below-hz, 0 mag-cull
[18:55:06.366] [PARALLAX] [trace] Stars: 0 total | 0 candidates (0%) | 0 visible | prefilter: 0 never-rises, 0 below-hz, 0 mag-cull
[18:55:06.391] [PARALLAX] [trace] Stars: 0 total | 0 candidates (0%) | 0 visible | prefilter: 0 never-rises, 0 below-hz, 0 mag-cull
[18:55:06.418] [PARALLAX] [trace] Stars: 0 total | 0 candidates (0%) | 0 visible | prefilter: 0 never-rises, 0 below-hz, 0 mag-cull
[18:55:06.446] [PARALLAX] [trace] Stars: 0 total | 0 candidates (0%) | 0 visible | prefilter: 0 never-rises, 0 below-hz, 0 mag-cull
[18:55:06.472] [PARALLAX] [trace] Stars: 0 total | 0 candidates (0%) | 0 visible | prefilter: 0 never-rises, 0 below-hz, 0 mag-cull
[18:55:06.499] [PARALLAX] [trace] Stars: 0 total | 0 candidates (0%) | 0 visible | prefilter: 0 never-rises, 0 below-hz, 0 mag-cull
[18:55:06.525] [PARALLAX] [trace] Stars: 0 total | 0 candidates (0%) | 0 visible | prefilter: 0 never-rises, 0 below-hz, 0 mag-cull
[18:55:06.551] [PARALLAX] [trace] Stars: 0 total | 0 candidates (0%) | 0 visible | prefilter: 0 never-rises, 0 below-hz, 0 mag-cull
[18:55:06.574] [PARALLAX] [trace] Stars: 0 total | 0 candidates (0%) | 0 visible | prefilter: 0 never-rises, 0 below-hz, 0 mag-cull
[18:55:06.598] [PARALLAX] [trace] Stars: 0 total | 0 candidates (0%) | 0 visible | prefilter: 0 never-rises, 0 below-hz, 0 mag-cull
[18:55:06.618] [PARALLAX] [trace] Stars: 0 total | 0 candidates (0%) | 0 visible | prefilter: 0 never-rises, 0 below-hz, 0 mag-cull
[18:55:06.641] [PARALLAX] [trace] Stars: 0 total | 0 candidates (0%) | 0 visible | prefilter: 0 never-rises, 0 below-hz, 0 mag-cull
[18:55:06.704] [PARALLAX] [trace] Stars: 0 total | 0 candidates (0%) | 0 visible | prefilter: 0 never-rises, 0 below-hz, 0 mag-cull
[18:55:06.727] [PARALLAX] [trace] Stars: 0 total | 0 candidates (0%) | 0 visible | prefilter: 0 never-rises, 0 below-hz, 0 mag-cull
[18:55:06.749] [PARALLAX] [trace] Stars: 0 total | 0 candidates (0%) | 0 visible | prefilter: 0 never-rises, 0 below-hz, 0 mag-cull
[18:55:06.774] [PARALLAX] [trace] Stars: 0 total | 0 candidates (0%) | 0 visible | prefilter: 0 never-rises, 0 below-hz, 0 mag-cull
[18:55:06.800] [PARALLAX] [trace] Stars: 0 total | 0 candidates (0%) | 0 visible | prefilter: 0 never-rises, 0 below-hz, 0 mag-cull
[18:55:06.824] [PARALLAX] [trace] Stars: 0 total | 0 candidates (0%) | 0 visible | prefilter: 0 never-rises, 0 below-hz, 0 mag-cull
[18:55:06.855] [PARALLAX] [trace] Stars: 0 total | 0 candidates (0%) | 0 visible | prefilter: 0 never-rises, 0 below-hz, 0 mag-cull
[18:55:06.881] [PARALLAX] [trace] Stars: 0 total | 0 candidates (0%) | 0 visible | prefilter: 0 never-rises, 0 below-hz, 0 mag-cull
[18:55:06.909] [PARALLAX] [trace] Stars: 0 total | 0 candidates (0%) | 0 visible | prefilter: 0 never-rises, 0 below-hz, 0 mag-cull
[18:55:06.935] [PARALLAX] [trace] Stars: 0 total | 0 candidates (0%) | 0 visible | prefilter: 0 never-rises, 0 below-hz, 0 mag-cull
[18:55:06.959] [PARALLAX] [trace] Stars: 0 total | 0 candidates (0%) | 0 visible | prefilter: 0 never-rises, 0 below-hz, 0 mag-cull
[18:55:06.984] [PARALLAX] [trace] Stars: 0 total | 0 candidates (0%) | 0 visible | prefilter: 0 never-rises, 0 below-hz, 0 mag-cull
[18:55:07.006] [PARALLAX] [trace] Stars: 0 total | 0 candidates (0%) | 0 visible | prefilter: 0 never-rises, 0 below-hz, 0 mag-cull
[18:55:07.027] [PARALLAX] [trace] Stars: 0 total | 0 candidates (0%) | 0 visible | prefilter: 0 never-rises, 0 below-hz, 0 mag-cull
[18:55:07.050] [PARALLAX] [trace] Stars: 0 total | 0 candidates (0%) | 0 visible | prefilter: 0 never-rises, 0 below-hz, 0 mag-cull
[18:55:07.069] [PARALLAX] [trace] Stars: 0 total | 0 candidates (0%) | 0 visible | prefilter: 0 never-rises, 0 below-hz, 0 mag-cull
[18:55:07.089] [PARALLAX] [trace] Stars: 0 total | 0 candidates (0%) | 0 visible | prefilter: 0 never-rises, 0 below-hz, 0 mag-cull
[18:55:07.109] [PARALLAX] [trace] Stars: 0 total | 0 candidates (0%) | 0 visible | prefilter: 0 never-rises, 0 below-hz, 0 mag-cull
[18:55:07.130] [PARALLAX] [trace] Stars: 0 total | 0 candidates (0%) | 0 visible | prefilter: 0 never-rises, 0 below-hz, 0 mag-cull
[18:55:07.151] [PARALLAX] [trace] Stars: 0 total | 0 candidates (0%) | 0 visible | prefilter: 0 never-rises, 0 below-hz, 0 mag-cull
[18:55:07.171] [PARALLAX] [trace] Stars: 0 total | 0 candidates (0%) | 0 visible | prefilter: 0 never-rises, 0 below-hz, 0 mag-cull
[18:55:07.191] [PARALLAX] [trace] Stars: 0 total | 0 candidates (0%) | 0 visible | prefilter: 0 never-rises, 0 below-hz, 0 mag-cull
[18:55:07.212] [PARALLAX] [trace] Stars: 0 total | 0 candidates (0%) | 0 visible | prefilter: 0 never-rises, 0 below-hz, 0 mag-cull
[18:55:07.234] [PARALLAX] [trace] Stars: 0 total | 0 candidates (0%) | 0 visible | prefilter: 0 never-rises, 0 below-hz, 0 mag-cull
[18:55:07.256] [PARALLAX] [trace] Stars: 0 total | 0 candidates (0%) | 0 visible | prefilter: 0 never-rises, 0 below-hz, 0 mag-cull
[18:55:07.278] [PARALLAX] [trace] Stars: 0 total | 0 candidates (0%) | 0 visible | prefilter: 0 never-rises, 0 below-hz, 0 mag-cull
[18:55:07.304] [PARALLAX] [trace] Stars: 0 total | 0 candidates (0%) | 0 visible | prefilter: 0 never-rises, 0 below-hz, 0 mag-cull
[18:55:07.327] [PARALLAX] [trace] Stars: 0 total | 0 candidates (0%) | 0 visible | prefilter: 0 never-rises, 0 below-hz, 0 mag-cull
[18:55:07.350] [PARALLAX] [trace] Stars: 0 total | 0 candidates (0%) | 0 visible | prefilter: 0 never-rises, 0 below-hz, 0 mag-cull
[18:55:07.374] [PARALLAX] [trace] Stars: 0 total | 0 candidates (0%) | 0 visible | prefilter: 0 never-rises, 0 below-hz, 0 mag-cull
[18:55:07.397] [PARALLAX] [trace] Stars: 0 total | 0 candidates (0%) | 0 visible | prefilter: 0 never-rises, 0 below-hz, 0 mag-cull
[18:55:07.420] [PARALLAX] [trace] Stars: 0 total | 0 candidates (0%) | 0 visible | prefilter: 0 never-rises, 0 below-hz, 0 mag-cull
[18:55:07.441] [PARALLAX] [trace] Stars: 0 total | 0 candidates (0%) | 0 visible | prefilter: 0 never-rises, 0 below-hz, 0 mag-cull
[18:55:07.463] [PARALLAX] [trace] Stars: 0 total | 0 candidates (0%) | 0 visible | prefilter: 0 never-rises, 0 below-hz, 0 mag-cull
[18:55:07.483] [PARALLAX] [trace] Stars: 0 total | 0 candidates (0%) | 0 visible | prefilter: 0 never-rises, 0 below-hz, 0 mag-cull
[18:55:07.504] [PARALLAX] [trace] Stars: 0 total | 0 candidates (0%) | 0 visible | prefilter: 0 never-rises, 0 below-hz, 0 mag-cull
[18:55:07.522] [PARALLAX] [trace] Stars: 0 total | 0 candidates (0%) | 0 visible | prefilter: 0 never-rises, 0 below-hz, 0 mag-cull
[18:55:07.541] [PARALLAX] [trace] Stars: 0 total | 0 candidates (0%) | 0 visible | prefilter: 0 never-rises, 0 below-hz, 0 mag-cull
[18:55:07.563] [PARALLAX] [trace] Stars: 0 total | 0 candidates (0%) | 0 visible | prefilter: 0 never-rises, 0 below-hz, 0 mag-cull
[18:55:07.583] [PARALLAX] [trace] Stars: 0 total | 0 candidates (0%) | 0 visible | prefilter: 0 never-rises, 0 below-hz, 0 mag-cull
[18:55:07.602] [PARALLAX] [trace] Stars: 0 total | 0 candidates (0%) | 0 visible | prefilter: 0 never-rises, 0 below-hz, 0 mag-cull
[18:55:07.623] [PARALLAX] [trace] Stars: 0 total | 0 candidates (0%) | 0 visible | prefilter: 0 never-rises, 0 below-hz, 0 mag-cull
[18:55:07.646] [PARALLAX] [trace] Stars: 0 total | 0 candidates (0%) | 0 visible | prefilter: 0 never-rises, 0 below-hz, 0 mag-cull
[18:55:07.666] [PARALLAX] [trace] Stars: 0 total | 0 candidates (0%) | 0 visible | prefilter: 0 never-rises, 0 below-hz, 0 mag-cull
[18:55:07.687] [PARALLAX] [trace] Stars: 0 total | 0 candidates (0%) | 0 visible | prefilter: 0 never-rises, 0 below-hz, 0 mag-cull
[18:55:07.708] [PARALLAX] [trace] Stars: 0 total | 0 candidates (0%) | 0 visible | prefilter: 0 never-rises, 0 below-hz, 0 mag-cull
[18:55:07.730] [PARALLAX] [trace] Stars: 0 total | 0 candidates (0%) | 0 visible | prefilter: 0 never-rises, 0 below-hz, 0 mag-cull
[18:55:07.750] [PARALLAX] [trace] Stars: 0 total | 0 candidates (0%) | 0 visible | prefilter: 0 never-rises, 0 below-hz, 0 mag-cull
[18:55:08.172] [PARALLAX] [trace] Stars: 0 total | 0 candidates (0%) | 0 visible | prefilter: 0 never-rises, 0 below-hz, 0 mag-cull
[18:55:08.212] [PARALLAX] [trace] Stars: 0 total | 0 candidates (0%) | 0 visible | prefilter: 0 never-rises, 0 below-hz, 0 mag-cull
[18:55:08.249] [PARALLAX] [trace] Stars: 0 total | 0 candidates (0%) | 0 visible | prefilter: 0 never-rises, 0 below-hz, 0 mag-cull
[18:55:08.284] [PARALLAX] [trace] Stars: 0 total | 0 candidates (0%) | 0 visible | prefilter: 0 never-rises, 0 below-hz, 0 mag-cull
[18:55:08.317] [PARALLAX] [trace] Stars: 0 total | 0 candidates (0%) | 0 visible | prefilter: 0 never-rises, 0 below-hz, 0 mag-cull
[18:55:08.352] [PARALLAX] [trace] Stars: 0 total | 0 candidates (0%) | 0 visible | prefilter: 0 never-rises, 0 below-hz, 0 mag-cull
[18:55:08.388] [PARALLAX] [trace] Stars: 0 total | 0 candidates (0%) | 0 visible | prefilter: 0 never-rises, 0 below-hz, 0 mag-cull
[18:55:08.423] [PARALLAX] [trace] Stars: 0 total | 0 candidates (0%) | 0 visible | prefilter: 0 never-rises, 0 below-hz, 0 mag-cull
[18:55:08.459] [PARALLAX] [trace] Stars: 0 total | 0 candidates (0%) | 0 visible | prefilter: 0 never-rises, 0 below-hz, 0 mag-cull
[18:55:08.496] [PARALLAX] [trace] Stars: 0 total | 0 candidates (0%) | 0 visible | prefilter: 0 never-rises, 0 below-hz, 0 mag-cull
[18:55:08.527] [PARALLAX] [trace] Stars: 0 total | 0 candidates (0%) | 0 visible | prefilter: 0 never-rises, 0 below-hz, 0 mag-cull
[18:55:08.552] [PARALLAX] [trace] Stars: 0 total | 0 candidates (0%) | 0 visible | prefilter: 0 never-rises, 0 below-hz, 0 mag-cull
[18:55:08.574] [PARALLAX] [trace] Stars: 0 total | 0 candidates (0%) | 0 visible | prefilter: 0 never-rises, 0 below-hz, 0 mag-cull
[18:55:08.601] [PARALLAX] [trace] Stars: 0 total | 0 candidates (0%) | 0 visible | prefilter: 0 never-rises, 0 below-hz, 0 mag-cull
[18:55:08.632] [PARALLAX] [trace] Stars: 0 total | 0 candidates (0%) | 0 visible | prefilter: 0 never-rises, 0 below-hz, 0 mag-cull
[18:55:08.662] [PARALLAX] [trace] Stars: 0 total | 0 candidates (0%) | 0 visible | prefilter: 0 never-rises, 0 below-hz, 0 mag-cull
[18:55:08.689] [PARALLAX] [trace] Stars: 0 total | 0 candidates (0%) | 0 visible | prefilter: 0 never-rises, 0 below-hz, 0 mag-cull
[18:55:08.717] [PARALLAX] [trace] Stars: 0 total | 0 candidates (0%) | 0 visible | prefilter: 0 never-rises, 0 below-hz, 0 mag-cull
[18:55:08.742] [PARALLAX] [trace] Stars: 0 total | 0 candidates (0%) | 0 visible | prefilter: 0 never-rises, 0 below-hz, 0 mag-cull
[18:55:08.767] [PARALLAX] [trace] Stars: 0 total | 0 candidates (0%) | 0 visible | prefilter: 0 never-rises, 0 below-hz, 0 mag-cull
[18:55:08.791] [PARALLAX] [trace] Stars: 0 total | 0 candidates (0%) | 0 visible | prefilter: 0 never-rises, 0 below-hz, 0 mag-cull
[18:55:08.815] [PARALLAX] [trace] Stars: 0 total | 0 candidates (0%) | 0 visible | prefilter: 0 never-rises, 0 below-hz, 0 mag-cull
[18:55:08.838] [PARALLAX] [trace] Stars: 0 total | 0 candidates (0%) | 0 visible | prefilter: 0 never-rises, 0 below-hz, 0 mag-cull
[18:55:08.861] [PARALLAX] [trace] Stars: 0 total | 0 candidates (0%) | 0 visible | prefilter: 0 never-rises, 0 below-hz, 0 mag-cull
[18:55:08.883] [PARALLAX] [trace] Stars: 0 total | 0 candidates (0%) | 0 visible | prefilter: 0 never-rises, 0 below-hz, 0 mag-cull
[18:55:08.904] [PARALLAX] [trace] Stars: 0 total | 0 candidates (0%) | 0 visible | prefilter: 0 never-rises, 0 below-hz, 0 mag-cull
[18:55:08.924] [PARALLAX] [trace] Stars: 0 total | 0 candidates (0%) | 0 visible | prefilter: 0 never-rises, 0 below-hz, 0 mag-cull
[18:55:08.943] [PARALLAX] [trace] Stars: 0 total | 0 candidates (0%) | 0 visible | prefilter: 0 never-rises, 0 below-hz, 0 mag-cull
[18:55:08.962] [PARALLAX] [trace] Stars: 0 total | 0 candidates (0%) | 0 visible | prefilter: 0 never-rises, 0 below-hz, 0 mag-cull
[18:55:08.983] [PARALLAX] [trace] Stars: 0 total | 0 candidates (0%) | 0 visible | prefilter: 0 never-rises, 0 below-hz, 0 mag-cull
[18:55:09.003] [PARALLAX] [trace] Stars: 0 total | 0 candidates (0%) | 0 visible | prefilter: 0 never-rises, 0 below-hz, 0 mag-cull
[18:55:09.025] [PARALLAX] [trace] Stars: 0 total | 0 candidates (0%) | 0 visible | prefilter: 0 never-rises, 0 below-hz, 0 mag-cull
[18:55:09.049] [PARALLAX] [trace] Stars: 0 total | 0 candidates (0%) | 0 visible | prefilter: 0 never-rises, 0 below-hz, 0 mag-cull
[18:55:09.073] [PARALLAX] [trace] Stars: 0 total | 0 candidates (0%) | 0 visible | prefilter: 0 never-rises, 0 below-hz, 0 mag-cull
[18:55:09.097] [PARALLAX] [trace] Stars: 0 total | 0 candidates (0%) | 0 visible | prefilter: 0 never-rises, 0 below-hz, 0 mag-cull
[18:55:09.121] [PARALLAX] [trace] Stars: 0 total | 0 candidates (0%) | 0 visible | prefilter: 0 never-rises, 0 below-hz, 0 mag-cull
[18:55:09.146] [PARALLAX] [trace] Stars: 0 total | 0 candidates (0%) | 0 visible | prefilter: 0 never-rises, 0 below-hz, 0 mag-cull
[18:55:09.171] [PARALLAX] [trace] Stars: 0 total | 0 candidates (0%) | 0 visible | prefilter: 0 never-rises, 0 below-hz, 0 mag-cull
[18:55:09.196] [PARALLAX] [trace] Stars: 0 total | 0 candidates (0%) | 0 visible | prefilter: 0 never-rises, 0 below-hz, 0 mag-cull
[18:55:09.222] [PARALLAX] [trace] Stars: 0 total | 0 candidates (0%) | 0 visible | prefilter: 0 never-rises, 0 below-hz, 0 mag-cull
[18:55:09.247] [PARALLAX] [trace] Stars: 0 total | 0 candidates (0%) | 0 visible | prefilter: 0 never-rises, 0 below-hz, 0 mag-cull
[18:55:09.272] [PARALLAX] [trace] Stars: 0 total | 0 candidates (0%) | 0 visible | prefilter: 0 never-rises, 0 below-hz, 0 mag-cull
[18:55:09.295] [PARALLAX] [trace] Stars: 0 total | 0 candidates (0%) | 0 visible | prefilter: 0 never-rises, 0 below-hz, 0 mag-cull
[18:55:09.323] [PARALLAX] [trace] Stars: 0 total | 0 candidates (0%) | 0 visible | prefilter: 0 never-rises, 0 below-hz, 0 mag-cull
[18:55:09.359] [PARALLAX] [trace] Stars: 0 total | 0 candidates (0%) | 0 visible | prefilter: 0 never-rises, 0 below-hz, 0 mag-cull
[18:55:09.390] [PARALLAX] [trace] Stars: 0 total | 0 candidates (0%) | 0 visible | prefilter: 0 never-rises, 0 below-hz, 0 mag-cull
[18:55:09.421] [PARALLAX] [trace] Stars: 0 total | 0 candidates (0%) | 0 visible | prefilter: 0 never-rises, 0 below-hz, 0 mag-cull
[18:55:09.448] [PARALLAX] [trace] Stars: 0 total | 0 candidates (0%) | 0 visible | prefilter: 0 never-rises, 0 below-hz, 0 mag-cull
[18:55:09.470] [PARALLAX] [trace] Stars: 0 total | 0 candidates (0%) | 0 visible | prefilter: 0 never-rises, 0 below-hz, 0 mag-cull
[18:55:09.490] [PARALLAX] [trace] Stars: 0 total | 0 candidates (0%) | 0 visible | prefilter: 0 never-rises, 0 below-hz, 0 mag-cull
[18:55:09.514] [PARALLAX] [trace] Stars: 0 total | 0 candidates (0%) | 0 visible | prefilter: 0 never-rises, 0 below-hz, 0 mag-cull
[18:55:09.539] [PARALLAX] [trace] Stars: 0 total | 0 candidates (0%) | 0 visible | prefilter: 0 never-rises, 0 below-hz, 0 mag-cull
[18:55:09.568] [PARALLAX] [trace] Stars: 0 total | 0 candidates (0%) | 0 visible | prefilter: 0 never-rises, 0 below-hz, 0 mag-cull
[18:55:09.591] [PARALLAX] [trace] Stars: 0 total | 0 candidates (0%) | 0 visible | prefilter: 0 never-rises, 0 below-hz, 0 mag-cull
[18:55:09.617] [PARALLAX] [trace] Stars: 0 total | 0 candidates (0%) | 0 visible | prefilter: 0 never-rises, 0 below-hz, 0 mag-cull
[18:55:09.640] [PARALLAX] [trace] Stars: 0 total | 0 candidates (0%) | 0 visible | prefilter: 0 never-rises, 0 below-hz, 0 mag-cull
[18:55:09.669] [PARALLAX] [trace] Stars: 0 total | 0 candidates (0%) | 0 visible | prefilter: 0 never-rises, 0 below-hz, 0 mag-cull
[18:55:09.692] [PARALLAX] [trace] Stars: 0 total | 0 candidates (0%) | 0 visible | prefilter: 0 never-rises, 0 below-hz, 0 mag-cull
[18:55:09.714] [PARALLAX] [trace] Stars: 0 total | 0 candidates (0%) | 0 visible | prefilter: 0 never-rises, 0 below-hz, 0 mag-cull
[18:55:09.740] [PARALLAX] [trace] Stars: 0 total | 0 candidates (0%) | 0 visible | prefilter: 0 never-rises, 0 below-hz, 0 mag-cull
[18:55:09.767] [PARALLAX] [trace] Stars: 0 total | 0 candidates (0%) | 0 visible | prefilter: 0 never-rises, 0 below-hz, 0 mag-cull
[18:55:09.796] [PARALLAX] [trace] Stars: 0 total | 0 candidates (0%) | 0 visible | prefilter: 0 never-rises, 0 below-hz, 0 mag-cull
[18:55:09.827] [PARALLAX] [trace] Stars: 0 total | 0 candidates (0%) | 0 visible | prefilter: 0 never-rises, 0 below-hz, 0 mag-cull
[18:55:09.857] [PARALLAX] [trace] Stars: 0 total | 0 candidates (0%) | 0 visible | prefilter: 0 never-rises, 0 below-hz, 0 mag-cull
[18:55:09.887] [PARALLAX] [trace] Stars: 0 total | 0 candidates (0%) | 0 visible | prefilter: 0 never-rises, 0 below-hz, 0 mag-cull
[18:55:09.917] [PARALLAX] [trace] Stars: 0 total | 0 candidates (0%) | 0 visible | prefilter: 0 never-rises, 0 below-hz, 0 mag-cull
[18:55:09.939] [PARALLAX] [trace] Stars: 0 total | 0 candidates (0%) | 0 visible | prefilter: 0 never-rises, 0 below-hz, 0 mag-cull
[18:55:09.959] [PARALLAX] [trace] Stars: 0 total | 0 candidates (0%) | 0 visible | prefilter: 0 never-rises, 0 below-hz, 0 mag-cull
[18:55:09.981] [PARALLAX] [trace] Stars: 0 total | 0 candidates (0%) | 0 visible | prefilter: 0 never-rises, 0 below-hz, 0 mag-cull
[18:55:10.004] [PARALLAX] [trace] Stars: 0 total | 0 candidates (0%) | 0 visible | prefilter: 0 never-rises, 0 below-hz, 0 mag-cull
[18:55:10.030] [PARALLAX] [trace] Stars: 0 total | 0 candidates (0%) | 0 visible | prefilter: 0 never-rises, 0 below-hz, 0 mag-cull
[18:55:10.055] [PARALLAX] [trace] Stars: 0 total | 0 candidates (0%) | 0 visible | prefilter: 0 never-rises, 0 below-hz, 0 mag-cull
[18:55:10.077] [PARALLAX] [trace] Stars: 0 total | 0 candidates (0%) | 0 visible | prefilter: 0 never-rises, 0 below-hz, 0 mag-cull
[18:55:10.102] [PARALLAX] [trace] Stars: 0 total | 0 candidates (0%) | 0 visible | prefilter: 0 never-rises, 0 below-hz, 0 mag-cull
[18:55:10.126] [PARALLAX] [trace] Stars: 0 total | 0 candidates (0%) | 0 visible | prefilter: 0 never-rises, 0 below-hz, 0 mag-cull
[18:55:10.154] [PARALLAX] [trace] Stars: 0 total | 0 candidates (0%) | 0 visible | prefilter: 0 never-rises, 0 below-hz, 0 mag-cull
[18:55:10.175] [PARALLAX] [trace] Stars: 0 total | 0 candidates (0%) | 0 visible | prefilter: 0 never-rises, 0 below-hz, 0 mag-cull
[18:55:10.198] [PARALLAX] [trace] Stars: 0 total | 0 candidates (0%) | 0 visible | prefilter: 0 never-rises, 0 below-hz, 0 mag-cull
[18:55:10.225] [PARALLAX] [trace] Stars: 0 total | 0 candidates (0%) | 0 visible | prefilter: 0 never-rises, 0 below-hz, 0 mag-cull
[18:55:10.256] [PARALLAX] [trace] Stars: 0 total | 0 candidates (0%) | 0 visible | prefilter: 0 never-rises, 0 below-hz, 0 mag-cull
[18:55:10.286] [PARALLAX] [trace] Stars: 0 total | 0 candidates (0%) | 0 visible | prefilter: 0 never-rises, 0 below-hz, 0 mag-cull
[18:55:10.316] [PARALLAX] [trace] Stars: 0 total | 0 candidates (0%) | 0 visible | prefilter: 0 never-rises, 0 below-hz, 0 mag-cull
[18:55:10.346] [PARALLAX] [trace] Stars: 0 total | 0 candidates (0%) | 0 visible | prefilter: 0 never-rises, 0 below-hz, 0 mag-cull
[18:55:10.367] [PARALLAX] [trace] Stars: 0 total | 0 candidates (0%) | 0 visible | prefilter: 0 never-rises, 0 below-hz, 0 mag-cull
[18:55:10.395] [PARALLAX] [trace] Stars: 0 total | 0 candidates (0%) | 0 visible | prefilter: 0 never-rises, 0 below-hz, 0 mag-cull
[18:55:10.425] [PARALLAX] [trace] Stars: 0 total | 0 candidates (0%) | 0 visible | prefilter: 0 never-rises, 0 below-hz, 0 mag-cull
[18:55:10.450] [PARALLAX] [trace] Stars: 0 total | 0 candidates (0%) | 0 visible | prefilter: 0 never-rises, 0 below-hz, 0 mag-cull
[18:55:10.474] [PARALLAX] [trace] Stars: 0 total | 0 candidates (0%) | 0 visible | prefilter: 0 never-rises, 0 below-hz, 0 mag-cull
[18:55:10.500] [PARALLAX] [trace] Stars: 0 total | 0 candidates (0%) | 0 visible | prefilter: 0 never-rises, 0 below-hz, 0 mag-cull
[18:55:10.524] [PARALLAX] [trace] Stars: 0 total | 0 candidates (0%) | 0 visible | prefilter: 0 never-rises, 0 below-hz, 0 mag-cull
[18:55:10.548] [PARALLAX] [trace] Stars: 0 total | 0 candidates (0%) | 0 visible | prefilter: 0 never-rises, 0 below-hz, 0 mag-cull
[18:55:10.575] [PARALLAX] [trace] Stars: 0 total | 0 candidates (0%) | 0 visible | prefilter: 0 never-rises, 0 below-hz, 0 mag-cull
[18:55:10.605] [PARALLAX] [trace] Stars: 0 total | 0 candidates (0%) | 0 visible | prefilter: 0 never-rises, 0 below-hz, 0 mag-cull
[18:55:10.637] [PARALLAX] [trace] Stars: 0 total | 0 candidates (0%) | 0 visible | prefilter: 0 never-rises, 0 below-hz, 0 mag-cull
[18:55:10.670] [PARALLAX] [trace] Stars: 0 total | 0 candidates (0%) | 0 visible | prefilter: 0 never-rises, 0 below-hz, 0 mag-cull
[18:55:10.701] [PARALLAX] [trace] Stars: 0 total | 0 candidates (0%) | 0 visible | prefilter: 0 never-rises, 0 below-hz, 0 mag-cull
[18:55:10.720] [PARALLAX] [trace] Stars: 0 total | 0 candidates (0%) | 0 visible | prefilter: 0 never-rises, 0 below-hz, 0 mag-cull
[18:55:10.742] [PARALLAX] [trace] Stars: 0 total | 0 candidates (0%) | 0 visible | prefilter: 0 never-rises, 0 below-hz, 0 mag-cull
[18:55:10.768] [PARALLAX] [trace] Stars: 0 total | 0 candidates (0%) | 0 visible | prefilter: 0 never-rises, 0 below-hz, 0 mag-cull
[18:55:10.792] [PARALLAX] [trace] Stars: 0 total | 0 candidates (0%) | 0 visible | prefilter: 0 never-rises, 0 below-hz, 0 mag-cull
[18:55:10.818] [PARALLAX] [trace] Stars: 0 total | 0 candidates (0%) | 0 visible | prefilter: 0 never-rises, 0 below-hz, 0 mag-cull
[18:55:10.843] [PARALLAX] [trace] Stars: 0 total | 0 candidates (0%) | 0 visible | prefilter: 0 never-rises, 0 below-hz, 0 mag-cull
[18:55:10.868] [PARALLAX] [trace] Stars: 0 total | 0 candidates (0%) | 0 visible | prefilter: 0 never-rises, 0 below-hz, 0 mag-cull
[18:55:10.892] [PARALLAX] [trace] Stars: 0 total | 0 candidates (0%) | 0 visible | prefilter: 0 never-rises, 0 below-hz, 0 mag-cull
[18:55:10.917] [PARALLAX] [trace] Stars: 0 total | 0 candidates (0%) | 0 visible | prefilter: 0 never-rises, 0 below-hz, 0 mag-cull
[18:55:10.943] [PARALLAX] [trace] Stars: 0 total | 0 candidates (0%) | 0 visible | prefilter: 0 never-rises, 0 below-hz, 0 mag-cull
[18:55:10.972] [PARALLAX] [trace] Stars: 0 total | 0 candidates (0%) | 0 visible | prefilter: 0 never-rises, 0 below-hz, 0 mag-cull
[18:55:11.002] [PARALLAX] [trace] Stars: 0 total | 0 candidates (0%) | 0 visible | prefilter: 0 never-rises, 0 below-hz, 0 mag-cull
[18:55:11.032] [PARALLAX] [trace] Stars: 0 total | 0 candidates (0%) | 0 visible | prefilter: 0 never-rises, 0 below-hz, 0 mag-cull
[18:55:11.061] [PARALLAX] [trace] Stars: 0 total | 0 candidates (0%) | 0 visible | prefilter: 0 never-rises, 0 below-hz, 0 mag-cull
[18:55:11.085] [PARALLAX] [trace] Stars: 0 total | 0 candidates (0%) | 0 visible | prefilter: 0 never-rises, 0 below-hz, 0 mag-cull
[18:55:11.107] [PARALLAX] [trace] Stars: 0 total | 0 candidates (0%) | 0 visible | prefilter: 0 never-rises, 0 below-hz, 0 mag-cull
[18:55:11.133] [PARALLAX] [trace] Stars: 0 total | 0 candidates (0%) | 0 visible | prefilter: 0 never-rises, 0 below-hz, 0 mag-cull
[18:55:11.158] [PARALLAX] [trace] Stars: 0 total | 0 candidates (0%) | 0 visible | prefilter: 0 never-rises, 0 below-hz, 0 mag-cull
[18:55:11.184] [PARALLAX] [trace] Stars: 0 total | 0 candidates (0%) | 0 visible | prefilter: 0 never-rises, 0 below-hz, 0 mag-cull
[18:55:11.209] [PARALLAX] [trace] Stars: 0 total | 0 candidates (0%) | 0 visible | prefilter: 0 never-rises, 0 below-hz, 0 mag-cull
[18:55:11.236] [PARALLAX] [trace] Stars: 0 total | 0 candidates (0%) | 0 visible | prefilter: 0 never-rises, 0 below-hz, 0 mag-cull
[18:55:11.262] [PARALLAX] [trace] Stars: 0 total | 0 candidates (0%) | 0 visible | prefilter: 0 never-rises, 0 below-hz, 0 mag-cull
[18:55:11.286] [PARALLAX] [trace] Stars: 0 total | 0 candidates (0%) | 0 visible | prefilter: 0 never-rises, 0 below-hz, 0 mag-cull
[18:55:11.310] [PARALLAX] [trace] Stars: 0 total | 0 candidates (0%) | 0 visible | prefilter: 0 never-rises, 0 below-hz, 0 mag-cull
[18:55:11.340] [PARALLAX] [trace] Stars: 0 total | 0 candidates (0%) | 0 visible | prefilter: 0 never-rises, 0 below-hz, 0 mag-cull
[18:55:11.369] [PARALLAX] [trace] Stars: 0 total | 0 candidates (0%) | 0 visible | prefilter: 0 never-rises, 0 below-hz, 0 mag-cull
[18:55:11.400] [PARALLAX] [trace] Stars: 0 total | 0 candidates (0%) | 0 visible | prefilter: 0 never-rises, 0 below-hz, 0 mag-cull
[18:55:11.430] [PARALLAX] [trace] Stars: 0 total | 0 candidates (0%) | 0 visible | prefilter: 0 never-rises, 0 below-hz, 0 mag-cull
[18:55:11.456] [PARALLAX] [trace] Stars: 0 total | 0 candidates (0%) | 0 visible | prefilter: 0 never-rises, 0 below-hz, 0 mag-cull
[18:55:11.478] [PARALLAX] [trace] Stars: 0 total | 0 candidates (0%) | 0 visible | prefilter: 0 never-rises, 0 below-hz, 0 mag-cull
[18:55:11.503] [PARALLAX] [trace] Stars: 0 total | 0 candidates (0%) | 0 visible | prefilter: 0 never-rises, 0 below-hz, 0 mag-cull
[18:55:11.527] [PARALLAX] [trace] Stars: 0 total | 0 candidates (0%) | 0 visible | prefilter: 0 never-rises, 0 below-hz, 0 mag-cull
[18:55:11.552] [PARALLAX] [trace] Stars: 0 total | 0 candidates (0%) | 0 visible | prefilter: 0 never-rises, 0 below-hz, 0 mag-cull
[18:55:11.579] [PARALLAX] [trace] Stars: 0 total | 0 candidates (0%) | 0 visible | prefilter: 0 never-rises, 0 below-hz, 0 mag-cull
[18:55:11.603] [PARALLAX] [trace] Stars: 0 total | 0 candidates (0%) | 0 visible | prefilter: 0 never-rises, 0 below-hz, 0 mag-cull
[18:55:11.628] [PARALLAX] [trace] Stars: 0 total | 0 candidates (0%) | 0 visible | prefilter: 0 never-rises, 0 below-hz, 0 mag-cull
[18:55:11.654] [PARALLAX] [trace] Stars: 0 total | 0 candidates (0%) | 0 visible | prefilter: 0 never-rises, 0 below-hz, 0 mag-cull
[18:55:11.685] [PARALLAX] [trace] Stars: 0 total | 0 candidates (0%) | 0 visible | prefilter: 0 never-rises, 0 below-hz, 0 mag-cull
[18:55:11.716] [PARALLAX] [trace] Stars: 0 total | 0 candidates (0%) | 0 visible | prefilter: 0 never-rises, 0 below-hz, 0 mag-cull
[18:55:11.748] [PARALLAX] [trace] Stars: 0 total | 0 candidates (0%) | 0 visible | prefilter: 0 never-rises, 0 below-hz, 0 mag-cull
[18:55:11.780] [PARALLAX] [trace] Stars: 0 total | 0 candidates (0%) | 0 visible | prefilter: 0 never-rises, 0 below-hz, 0 mag-cull
[18:55:11.808] [PARALLAX] [trace] Stars: 0 total | 0 candidates (0%) | 0 visible | prefilter: 0 never-rises, 0 below-hz, 0 mag-cull
[18:55:11.831] [PARALLAX] [trace] Stars: 0 total | 0 candidates (0%) | 0 visible | prefilter: 0 never-rises, 0 below-hz, 0 mag-cull
[18:55:11.855] [PARALLAX] [trace] Stars: 0 total | 0 candidates (0%) | 0 visible | prefilter: 0 never-rises, 0 below-hz, 0 mag-cull
[18:55:11.880] [PARALLAX] [trace] Stars: 0 total | 0 candidates (0%) | 0 visible | prefilter: 0 never-rises, 0 below-hz, 0 mag-cull
[18:55:11.906] [PARALLAX] [trace] Stars: 0 total | 0 candidates (0%) | 0 visible | prefilter: 0 never-rises, 0 below-hz, 0 mag-cull
[18:55:11.933] [PARALLAX] [trace] Stars: 0 total | 0 candidates (0%) | 0 visible | prefilter: 0 never-rises, 0 below-hz, 0 mag-cull
[18:55:11.957] [PARALLAX] [trace] Stars: 0 total | 0 candidates (0%) | 0 visible | prefilter: 0 never-rises, 0 below-hz, 0 mag-cull
[18:55:11.982] [PARALLAX] [trace] Stars: 0 total | 0 candidates (0%) | 0 visible | prefilter: 0 never-rises, 0 below-hz, 0 mag-cull
[18:55:12.007] [PARALLAX] [trace] Stars: 0 total | 0 candidates (0%) | 0 visible | prefilter: 0 never-rises, 0 below-hz, 0 mag-cull
[18:55:12.030] [PARALLAX] [trace] Stars: 0 total | 0 candidates (0%) | 0 visible | prefilter: 0 never-rises, 0 below-hz, 0 mag-cull
[18:55:12.059] [PARALLAX] [trace] Stars: 0 total | 0 candidates (0%) | 0 visible | prefilter: 0 never-rises, 0 below-hz, 0 mag-cull
[18:55:12.090] [PARALLAX] [trace] Stars: 0 total | 0 candidates (0%) | 0 visible | prefilter: 0 never-rises, 0 below-hz, 0 mag-cull
[18:55:12.120] [PARALLAX] [trace] Stars: 0 total | 0 candidates (0%) | 0 visible | prefilter: 0 never-rises, 0 below-hz, 0 mag-cull
[18:55:12.150] [PARALLAX] [trace] Stars: 0 total | 0 candidates (0%) | 0 visible | prefilter: 0 never-rises, 0 below-hz, 0 mag-cull
[18:55:12.176] [PARALLAX] [trace] Stars: 0 total | 0 candidates (0%) | 0 visible | prefilter: 0 never-rises, 0 below-hz, 0 mag-cull
[18:55:12.198] [PARALLAX] [trace] Stars: 0 total | 0 candidates (0%) | 0 visible | prefilter: 0 never-rises, 0 below-hz, 0 mag-cull
[18:55:12.223] [PARALLAX] [trace] Stars: 0 total | 0 candidates (0%) | 0 visible | prefilter: 0 never-rises, 0 below-hz, 0 mag-cull
[18:55:12.249] [PARALLAX] [trace] Stars: 0 total | 0 candidates (0%) | 0 visible | prefilter: 0 never-rises, 0 below-hz, 0 mag-cull
[18:55:12.274] [PARALLAX] [trace] Stars: 0 total | 0 candidates (0%) | 0 visible | prefilter: 0 never-rises, 0 below-hz, 0 mag-cull
[18:55:12.300] [PARALLAX] [trace] Stars: 0 total | 0 candidates (0%) | 0 visible | prefilter: 0 never-rises, 0 below-hz, 0 mag-cull
[18:55:12.324] [PARALLAX] [trace] Stars: 0 total | 0 candidates (0%) | 0 visible | prefilter: 0 never-rises, 0 below-hz, 0 mag-cull
[18:55:12.350] [PARALLAX] [trace] Stars: 0 total | 0 candidates (0%) | 0 visible | prefilter: 0 never-rises, 0 below-hz, 0 mag-cull
[18:55:12.375] [PARALLAX] [trace] Stars: 0 total | 0 candidates (0%) | 0 visible | prefilter: 0 never-rises, 0 below-hz, 0 mag-cull
[18:55:12.396] [PARALLAX] [trace] Stars: 0 total | 0 candidates (0%) | 0 visible | prefilter: 0 never-rises, 0 below-hz, 0 mag-cull
[18:55:12.425] [PARALLAX] [trace] Stars: 0 total | 0 candidates (0%) | 0 visible | prefilter: 0 never-rises, 0 below-hz, 0 mag-cull
[18:55:12.454] [PARALLAX] [trace] Stars: 0 total | 0 candidates (0%) | 0 visible | prefilter: 0 never-rises, 0 below-hz, 0 mag-cull
[18:55:12.484] [PARALLAX] [trace] Stars: 0 total | 0 candidates (0%) | 0 visible | prefilter: 0 never-rises, 0 below-hz, 0 mag-cull
[18:55:12.513] [PARALLAX] [trace] Stars: 0 total | 0 candidates (0%) | 0 visible | prefilter: 0 never-rises, 0 below-hz, 0 mag-cull
[18:55:12.543] [PARALLAX] [trace] Stars: 0 total | 0 candidates (0%) | 0 visible | prefilter: 0 never-rises, 0 below-hz, 0 mag-cull
[18:55:12.568] [PARALLAX] [trace] Stars: 0 total | 0 candidates (0%) | 0 visible | prefilter: 0 never-rises, 0 below-hz, 0 mag-cull
[18:55:12.592] [PARALLAX] [trace] Stars: 0 total | 0 candidates (0%) | 0 visible | prefilter: 0 never-rises, 0 below-hz, 0 mag-cull
[18:55:12.619] [PARALLAX] [trace] Stars: 0 total | 0 candidates (0%) | 0 visible | prefilter: 0 never-rises, 0 below-hz, 0 mag-cull
[18:55:12.648] [PARALLAX] [trace] Stars: 0 total | 0 candidates (0%) | 0 visible | prefilter: 0 never-rises, 0 below-hz, 0 mag-cull
[18:55:12.674] [PARALLAX] [trace] Stars: 0 total | 0 candidates (0%) | 0 visible | prefilter: 0 never-rises, 0 below-hz, 0 mag-cull
[18:55:12.701] [PARALLAX] [trace] Stars: 0 total | 0 candidates (0%) | 0 visible | prefilter: 0 never-rises, 0 below-hz, 0 mag-cull
[18:55:12.727] [PARALLAX] [trace] Stars: 0 total | 0 candidates (0%) | 0 visible | prefilter: 0 never-rises, 0 below-hz, 0 mag-cull
[18:55:12.754] [PARALLAX] [trace] Stars: 0 total | 0 candidates (0%) | 0 visible | prefilter: 0 never-rises, 0 below-hz, 0 mag-cull
[18:55:12.776] [PARALLAX] [trace] Stars: 0 total | 0 candidates (0%) | 0 visible | prefilter: 0 never-rises, 0 below-hz, 0 mag-cull
[18:55:12.803] [PARALLAX] [trace] Stars: 0 total | 0 candidates (0%) | 0 visible | prefilter: 0 never-rises, 0 below-hz, 0 mag-cull
[18:55:12.833] [PARALLAX] [trace] Stars: 0 total | 0 candidates (0%) | 0 visible | prefilter: 0 never-rises, 0 below-hz, 0 mag-cull
[18:55:12.863] [PARALLAX] [trace] Stars: 0 total | 0 candidates (0%) | 0 visible | prefilter: 0 never-rises, 0 below-hz, 0 mag-cull
[18:55:12.892] [PARALLAX] [trace] Stars: 0 total | 0 candidates (0%) | 0 visible | prefilter: 0 never-rises, 0 below-hz, 0 mag-cull
[18:55:12.924] [PARALLAX] [trace] Stars: 0 total | 0 candidates (0%) | 0 visible | prefilter: 0 never-rises, 0 below-hz, 0 mag-cull
[18:55:12.947] [PARALLAX] [trace] Stars: 0 total | 0 candidates (0%) | 0 visible | prefilter: 0 never-rises, 0 below-hz, 0 mag-cull
[18:55:12.971] [PARALLAX] [trace] Stars: 0 total | 0 candidates (0%) | 0 visible | prefilter: 0 never-rises, 0 below-hz, 0 mag-cull
[18:55:12.997] [PARALLAX] [trace] Stars: 0 total | 0 candidates (0%) | 0 visible | prefilter: 0 never-rises, 0 below-hz, 0 mag-cull
[18:55:13.021] [PARALLAX] [trace] Stars: 0 total | 0 candidates (0%) | 0 visible | prefilter: 0 never-rises, 0 below-hz, 0 mag-cull
[18:55:13.046] [PARALLAX] [trace] Stars: 0 total | 0 candidates (0%) | 0 visible | prefilter: 0 never-rises, 0 below-hz, 0 mag-cull
[18:55:13.072] [PARALLAX] [trace] Stars: 0 total | 0 candidates (0%) | 0 visible | prefilter: 0 never-rises, 0 below-hz, 0 mag-cull
[18:55:13.098] [PARALLAX] [trace] Stars: 0 total | 0 candidates (0%) | 0 visible | prefilter: 0 never-rises, 0 below-hz, 0 mag-cull
[18:55:13.123] [PARALLAX] [trace] Stars: 0 total | 0 candidates (0%) | 0 visible | prefilter: 0 never-rises, 0 below-hz, 0 mag-cull
[18:55:13.147] [PARALLAX] [trace] Stars: 0 total | 0 candidates (0%) | 0 visible | prefilter: 0 never-rises, 0 below-hz, 0 mag-cull
[18:55:13.174] [PARALLAX] [trace] Stars: 0 total | 0 candidates (0%) | 0 visible | prefilter: 0 never-rises, 0 below-hz, 0 mag-cull
[18:55:13.200] [PARALLAX] [trace] Stars: 0 total | 0 candidates (0%) | 0 visible | prefilter: 0 never-rises, 0 below-hz, 0 mag-cull
[18:55:13.222] [PARALLAX] [trace] Stars: 0 total | 0 candidates (0%) | 0 visible | prefilter: 0 never-rises, 0 below-hz, 0 mag-cull
[18:55:13.243] [PARALLAX] [trace] Stars: 0 total | 0 candidates (0%) | 0 visible | prefilter: 0 never-rises, 0 below-hz, 0 mag-cull
[18:55:13.272] [PARALLAX] [trace] Stars: 0 total | 0 candidates (0%) | 0 visible | prefilter: 0 never-rises, 0 below-hz, 0 mag-cull
[18:55:13.302] [PARALLAX] [trace] Stars: 0 total | 0 candidates (0%) | 0 visible | prefilter: 0 never-rises, 0 below-hz, 0 mag-cull
[18:55:13.332] [PARALLAX] [trace] Stars: 0 total | 0 candidates (0%) | 0 visible | prefilter: 0 never-rises, 0 below-hz, 0 mag-cull
[18:55:13.362] [PARALLAX] [trace] Stars: 0 total | 0 candidates (0%) | 0 visible | prefilter: 0 never-rises, 0 below-hz, 0 mag-cull
[18:55:13.392] [PARALLAX] [trace] Stars: 0 total | 0 candidates (0%) | 0 visible | prefilter: 0 never-rises, 0 below-hz, 0 mag-cull
[18:55:13.417] [PARALLAX] [trace] Stars: 0 total | 0 candidates (0%) | 0 visible | prefilter: 0 never-rises, 0 below-hz, 0 mag-cull
[18:55:13.440] [PARALLAX] [trace] Stars: 0 total | 0 candidates (0%) | 0 visible | prefilter: 0 never-rises, 0 below-hz, 0 mag-cull
[18:55:13.465] [PARALLAX] [trace] Stars: 0 total | 0 candidates (0%) | 0 visible | prefilter: 0 never-rises, 0 below-hz, 0 mag-cull
[18:55:13.489] [PARALLAX] [trace] Stars: 0 total | 0 candidates (0%) | 0 visible | prefilter: 0 never-rises, 0 below-hz, 0 mag-cull
[18:55:13.516] [PARALLAX] [trace] Stars: 0 total | 0 candidates (0%) | 0 visible | prefilter: 0 never-rises, 0 below-hz, 0 mag-cull
[18:55:13.541] [PARALLAX] [trace] Stars: 0 total | 0 candidates (0%) | 0 visible | prefilter: 0 never-rises, 0 below-hz, 0 mag-cull
[18:55:13.566] [PARALLAX] [trace] Stars: 0 total | 0 candidates (0%) | 0 visible | prefilter: 0 never-rises, 0 below-hz, 0 mag-cull
[18:55:13.591] [PARALLAX] [trace] Stars: 0 total | 0 candidates (0%) | 0 visible | prefilter: 0 never-rises, 0 below-hz, 0 mag-cull
[18:55:13.618] [PARALLAX] [trace] Stars: 0 total | 0 candidates (0%) | 0 visible | prefilter: 0 never-rises, 0 below-hz, 0 mag-cull
[18:55:13.641] [PARALLAX] [trace] Stars: 0 total | 0 candidates (0%) | 0 visible | prefilter: 0 never-rises, 0 below-hz, 0 mag-cull
[18:55:13.672] [PARALLAX] [trace] Stars: 0 total | 0 candidates (0%) | 0 visible | prefilter: 0 never-rises, 0 below-hz, 0 mag-cull
[18:55:13.702] [PARALLAX] [trace] Stars: 0 total | 0 candidates (0%) | 0 visible | prefilter: 0 never-rises, 0 below-hz, 0 mag-cull
[18:55:13.732] [PARALLAX] [trace] Stars: 0 total | 0 candidates (0%) | 0 visible | prefilter: 0 never-rises, 0 below-hz, 0 mag-cull
[18:55:13.761] [PARALLAX] [trace] Stars: 0 total | 0 candidates (0%) | 0 visible | prefilter: 0 never-rises, 0 below-hz, 0 mag-cull
[18:55:13.792] [PARALLAX] [trace] Stars: 0 total | 0 candidates (0%) | 0 visible | prefilter: 0 never-rises, 0 below-hz, 0 mag-cull
[18:55:13.819] [PARALLAX] [trace] Stars: 0 total | 0 candidates (0%) | 0 visible | prefilter: 0 never-rises, 0 below-hz, 0 mag-cull
[18:55:13.841] [PARALLAX] [trace] Stars: 0 total | 0 candidates (0%) | 0 visible | prefilter: 0 never-rises, 0 below-hz, 0 mag-cull
[18:55:13.864] [PARALLAX] [trace] Stars: 0 total | 0 candidates (0%) | 0 visible | prefilter: 0 never-rises, 0 below-hz, 0 mag-cull
[18:55:13.889] [PARALLAX] [trace] Stars: 0 total | 0 candidates (0%) | 0 visible | prefilter: 0 never-rises, 0 below-hz, 0 mag-cull
[18:55:13.916] [PARALLAX] [trace] Stars: 0 total | 0 candidates (0%) | 0 visible | prefilter: 0 never-rises, 0 below-hz, 0 mag-cull
[18:55:13.941] [PARALLAX] [trace] Stars: 0 total | 0 candidates (0%) | 0 visible | prefilter: 0 never-rises, 0 below-hz, 0 mag-cull
[18:55:13.965] [PARALLAX] [trace] Stars: 0 total | 0 candidates (0%) | 0 visible | prefilter: 0 never-rises, 0 below-hz, 0 mag-cull
[18:55:13.990] [PARALLAX] [trace] Stars: 0 total | 0 candidates (0%) | 0 visible | prefilter: 0 never-rises, 0 below-hz, 0 mag-cull
[18:55:14.016] [PARALLAX] [trace] Stars: 0 total | 0 candidates (0%) | 0 visible | prefilter: 0 never-rises, 0 below-hz, 0 mag-cull
[18:55:14.041] [PARALLAX] [trace] Stars: 0 total | 0 candidates (0%) | 0 visible | prefilter: 0 never-rises, 0 below-hz, 0 mag-cull
[18:55:14.067] [PARALLAX] [trace] Stars: 0 total | 0 candidates (0%) | 0 visible | prefilter: 0 never-rises, 0 below-hz, 0 mag-cull
[18:55:14.091] [PARALLAX] [trace] Stars: 0 total | 0 candidates (0%) | 0 visible | prefilter: 0 never-rises, 0 below-hz, 0 mag-cull
[18:55:14.113] [PARALLAX] [trace] Stars: 0 total | 0 candidates (0%) | 0 visible | prefilter: 0 never-rises, 0 below-hz, 0 mag-cull
[18:55:14.136] [PARALLAX] [trace] Stars: 0 total | 0 candidates (0%) | 0 visible | prefilter: 0 never-rises, 0 below-hz, 0 mag-cull
[18:55:14.157] [PARALLAX] [trace] Stars: 0 total | 0 candidates (0%) | 0 visible | prefilter: 0 never-rises, 0 below-hz, 0 mag-cull
[18:55:14.183] [PARALLAX] [trace] Stars: 0 total | 0 candidates (0%) | 0 visible | prefilter: 0 never-rises, 0 below-hz, 0 mag-cull
[18:55:14.207] [PARALLAX] [trace] Stars: 0 total | 0 candidates (0%) | 0 visible | prefilter: 0 never-rises, 0 below-hz, 0 mag-cull
[18:55:14.237] [PARALLAX] [trace] Stars: 0 total | 0 candidates (0%) | 0 visible | prefilter: 0 never-rises, 0 below-hz, 0 mag-cull
[18:55:14.263] [PARALLAX] [trace] Stars: 0 total | 0 candidates (0%) | 0 visible | prefilter: 0 never-rises, 0 below-hz, 0 mag-cull
[18:55:14.292] [PARALLAX] [trace] Stars: 0 total | 0 candidates (0%) | 0 visible | prefilter: 0 never-rises, 0 below-hz, 0 mag-cull
[18:55:14.320] [PARALLAX] [trace] Stars: 0 total | 0 candidates (0%) | 0 visible | prefilter: 0 never-rises, 0 below-hz, 0 mag-cull
[18:55:14.347] [PARALLAX] [trace] Stars: 0 total | 0 candidates (0%) | 0 visible | prefilter: 0 never-rises, 0 below-hz, 0 mag-cull
[18:55:14.372] [PARALLAX] [trace] Stars: 0 total | 0 candidates (0%) | 0 visible | prefilter: 0 never-rises, 0 below-hz, 0 mag-cull
[18:55:14.395] [PARALLAX] [trace] Stars: 0 total | 0 candidates (0%) | 0 visible | prefilter: 0 never-rises, 0 below-hz, 0 mag-cull
[18:55:14.418] [PARALLAX] [trace] Stars: 0 total | 0 candidates (0%) | 0 visible | prefilter: 0 never-rises, 0 below-hz, 0 mag-cull
[18:55:14.439] [PARALLAX] [trace] Stars: 0 total | 0 candidates (0%) | 0 visible | prefilter: 0 never-rises, 0 below-hz, 0 mag-cull
[18:55:14.461] [PARALLAX] [trace] Stars: 0 total | 0 candidates (0%) | 0 visible | prefilter: 0 never-rises, 0 below-hz, 0 mag-cull
[18:55:14.484] [PARALLAX] [trace] Stars: 0 total | 0 candidates (0%) | 0 visible | prefilter: 0 never-rises, 0 below-hz, 0 mag-cull
[18:55:14.504] [PARALLAX] [trace] Stars: 0 total | 0 candidates (0%) | 0 visible | prefilter: 0 never-rises, 0 below-hz, 0 mag-cull
[18:55:14.522] [PARALLAX] [trace] Stars: 0 total | 0 candidates (0%) | 0 visible | prefilter: 0 never-rises, 0 below-hz, 0 mag-cull
[18:55:14.542] [PARALLAX] [trace] Stars: 0 total | 0 candidates (0%) | 0 visible | prefilter: 0 never-rises, 0 below-hz, 0 mag-cull
[18:55:14.565] [PARALLAX] [trace] Stars: 0 total | 0 candidates (0%) | 0 visible | prefilter: 0 never-rises, 0 below-hz, 0 mag-cull
[18:55:14.588] [PARALLAX] [trace] Stars: 0 total | 0 candidates (0%) | 0 visible | prefilter: 0 never-rises, 0 below-hz, 0 mag-cull
[18:55:14.611] [PARALLAX] [trace] Stars: 0 total | 0 candidates (0%) | 0 visible | prefilter: 0 never-rises, 0 below-hz, 0 mag-cull
[18:55:14.636] [PARALLAX] [trace] Stars: 0 total | 0 candidates (0%) | 0 visible | prefilter: 0 never-rises, 0 below-hz, 0 mag-cull
[18:55:14.663] [PARALLAX] [trace] Stars: 0 total | 0 candidates (0%) | 0 visible | prefilter: 0 never-rises, 0 below-hz, 0 mag-cull
[18:55:14.690] [PARALLAX] [trace] Stars: 0 total | 0 candidates (0%) | 0 visible | prefilter: 0 never-rises, 0 below-hz, 0 mag-cull
[18:55:14.716] [PARALLAX] [trace] Stars: 0 total | 0 candidates (0%) | 0 visible | prefilter: 0 never-rises, 0 below-hz, 0 mag-cull
[18:55:14.741] [PARALLAX] [trace] Stars: 0 total | 0 candidates (0%) | 0 visible | prefilter: 0 never-rises, 0 below-hz, 0 mag-cull
[18:55:14.768] [PARALLAX] [trace] Stars: 0 total | 0 candidates (0%) | 0 visible | prefilter: 0 never-rises, 0 below-hz, 0 mag-cull
[18:55:14.792] [PARALLAX] [trace] Stars: 0 total | 0 candidates (0%) | 0 visible | prefilter: 0 never-rises, 0 below-hz, 0 mag-cull
[18:55:14.817] [PARALLAX] [trace] Stars: 0 total | 0 candidates (0%) | 0 visible | prefilter: 0 never-rises, 0 below-hz, 0 mag-cull
[18:55:14.840] [PARALLAX] [trace] Stars: 0 total | 0 candidates (0%) | 0 visible | prefilter: 0 never-rises, 0 below-hz, 0 mag-cull
[18:55:14.864] [PARALLAX] [trace] Stars: 0 total | 0 candidates (0%) | 0 visible | prefilter: 0 never-rises, 0 below-hz, 0 mag-cull
[18:55:14.887] [PARALLAX] [trace] Stars: 0 total | 0 candidates (0%) | 0 visible | prefilter: 0 never-rises, 0 below-hz, 0 mag-cull
[18:55:14.910] [PARALLAX] [trace] Stars: 0 total | 0 candidates (0%) | 0 visible | prefilter: 0 never-rises, 0 below-hz, 0 mag-cull
[18:55:14.933] [PARALLAX] [trace] Stars: 0 total | 0 candidates (0%) | 0 visible | prefilter: 0 never-rises, 0 below-hz, 0 mag-cull
[18:55:14.955] [PARALLAX] [trace] Stars: 0 total | 0 candidates (0%) | 0 visible | prefilter: 0 never-rises, 0 below-hz, 0 mag-cull
[18:55:14.977] [PARALLAX] [trace] Stars: 0 total | 0 candidates (0%) | 0 visible | prefilter: 0 never-rises, 0 below-hz, 0 mag-cull
[18:55:14.998] [PARALLAX] [trace] Stars: 0 total | 0 candidates (0%) | 0 visible | prefilter: 0 never-rises, 0 below-hz, 0 mag-cull
[18:55:15.018] [PARALLAX] [trace] Stars: 0 total | 0 candidates (0%) | 0 visible | prefilter: 0 never-rises, 0 below-hz, 0 mag-cull
[18:55:15.040] [PARALLAX] [trace] Stars: 0 total | 0 candidates (0%) | 0 visible | prefilter: 0 never-rises, 0 below-hz, 0 mag-cull
[18:55:15.064] [PARALLAX] [trace] Stars: 0 total | 0 candidates (0%) | 0 visible | prefilter: 0 never-rises, 0 below-hz, 0 mag-cull
[18:55:15.089] [PARALLAX] [trace] Stars: 0 total | 0 candidates (0%) | 0 visible | prefilter: 0 never-rises, 0 below-hz, 0 mag-cull
[18:55:15.116] [PARALLAX] [trace] Stars: 0 total | 0 candidates (0%) | 0 visible | prefilter: 0 never-rises, 0 below-hz, 0 mag-cull
[18:55:15.142] [PARALLAX] [trace] Stars: 0 total | 0 candidates (0%) | 0 visible | prefilter: 0 never-rises, 0 below-hz, 0 mag-cull
[18:55:15.172] [PARALLAX] [trace] Stars: 0 total | 0 candidates (0%) | 0 visible | prefilter: 0 never-rises, 0 below-hz, 0 mag-cull
[18:55:15.203] [PARALLAX] [trace] Stars: 0 total | 0 candidates (0%) | 0 visible | prefilter: 0 never-rises, 0 below-hz, 0 mag-cull
[18:55:15.266] [PARALLAX] [trace] Stars: 0 total | 0 candidates (0%) | 0 visible | prefilter: 0 never-rises, 0 below-hz, 0 mag-cull
[18:55:15.300] [PARALLAX] [trace] Stars: 0 total | 0 candidates (0%) | 0 visible | prefilter: 0 never-rises, 0 below-hz, 0 mag-cull
[18:55:15.322] [PARALLAX] [trace] Stars: 0 total | 0 candidates (0%) | 0 visible | prefilter: 0 never-rises, 0 below-hz, 0 mag-cull
[18:55:15.344] [PARALLAX] [trace] Stars: 0 total | 0 candidates (0%) | 0 visible | prefilter: 0 never-rises, 0 below-hz, 0 mag-cull
[18:55:15.365] [PARALLAX] [trace] Stars: 0 total | 0 candidates (0%) | 0 visible | prefilter: 0 never-rises, 0 below-hz, 0 mag-cull
[18:55:15.387] [PARALLAX] [trace] Stars: 0 total | 0 candidates (0%) | 0 visible | prefilter: 0 never-rises, 0 below-hz, 0 mag-cull
[18:55:15.408] [PARALLAX] [trace] Stars: 0 total | 0 candidates (0%) | 0 visible | prefilter: 0 never-rises, 0 below-hz, 0 mag-cull
[18:55:15.428] [PARALLAX] [trace] Stars: 0 total | 0 candidates (0%) | 0 visible | prefilter: 0 never-rises, 0 below-hz, 0 mag-cull
[18:55:15.448] [PARALLAX] [trace] Stars: 0 total | 0 candidates (0%) | 0 visible | prefilter: 0 never-rises, 0 below-hz, 0 mag-cull
[18:55:15.471] [PARALLAX] [trace] Stars: 0 total | 0 candidates (0%) | 0 visible | prefilter: 0 never-rises, 0 below-hz, 0 mag-cull
[18:55:15.492] [PARALLAX] [trace] Stars: 0 total | 0 candidates (0%) | 0 visible | prefilter: 0 never-rises, 0 below-hz, 0 mag-cull
[18:55:15.514] [PARALLAX] [trace] Stars: 0 total | 0 candidates (0%) | 0 visible | prefilter: 0 never-rises, 0 below-hz, 0 mag-cull
[18:55:15.537] [PARALLAX] [trace] Stars: 0 total | 0 candidates (0%) | 0 visible | prefilter: 0 never-rises, 0 below-hz, 0 mag-cull
[18:55:15.557] [PARALLAX] [trace] Stars: 0 total | 0 candidates (0%) | 0 visible | prefilter: 0 never-rises, 0 below-hz, 0 mag-cull
[18:55:15.579] [PARALLAX] [trace] Stars: 0 total | 0 candidates (0%) | 0 visible | prefilter: 0 never-rises, 0 below-hz, 0 mag-cull
[18:55:15.598] [PARALLAX] [trace] Stars: 0 total | 0 candidates (0%) | 0 visible | prefilter: 0 never-rises, 0 below-hz, 0 mag-cull
[18:55:15.620] [PARALLAX] [trace] Stars: 0 total | 0 candidates (0%) | 0 visible | prefilter: 0 never-rises, 0 below-hz, 0 mag-cull
[18:55:15.640] [PARALLAX] [trace] Stars: 0 total | 0 candidates (0%) | 0 visible | prefilter: 0 never-rises, 0 below-hz, 0 mag-cull
[18:55:15.665] [PARALLAX] [trace] Stars: 0 total | 0 candidates (0%) | 0 visible | prefilter: 0 never-rises, 0 below-hz, 0 mag-cull
[18:55:15.684] [PARALLAX] [trace] Stars: 0 total | 0 candidates (0%) | 0 visible | prefilter: 0 never-rises, 0 below-hz, 0 mag-cull
[18:55:15.704] [PARALLAX] [trace] Stars: 0 total | 0 candidates (0%) | 0 visible | prefilter: 0 never-rises, 0 below-hz, 0 mag-cull
[18:55:15.724] [PARALLAX] [trace] Stars: 0 total | 0 candidates (0%) | 0 visible | prefilter: 0 never-rises, 0 below-hz, 0 mag-cull
[18:55:15.746] [PARALLAX] [trace] Stars: 0 total | 0 candidates (0%) | 0 visible | prefilter: 0 never-rises, 0 below-hz, 0 mag-cull
[18:55:15.767] [PARALLAX] [trace] Stars: 0 total | 0 candidates (0%) | 0 visible | prefilter: 0 never-rises, 0 below-hz, 0 mag-cull
[18:55:15.787] [PARALLAX] [trace] Stars: 0 total | 0 candidates (0%) | 0 visible | prefilter: 0 never-rises, 0 below-hz, 0 mag-cull
[18:55:15.809] [PARALLAX] [trace] Stars: 0 total | 0 candidates (0%) | 0 visible | prefilter: 0 never-rises, 0 below-hz, 0 mag-cull
[18:55:15.832] [PARALLAX] [trace] Stars: 0 total | 0 candidates (0%) | 0 visible | prefilter: 0 never-rises, 0 below-hz, 0 mag-cull
[18:55:15.852] [PARALLAX] [trace] Stars: 0 total | 0 candidates (0%) | 0 visible | prefilter: 0 never-rises, 0 below-hz, 0 mag-cull
[18:55:15.874] [PARALLAX] [trace] Stars: 0 total | 0 candidates (0%) | 0 visible | prefilter: 0 never-rises, 0 below-hz, 0 mag-cull
[18:55:15.896] [PARALLAX] [trace] Stars: 0 total | 0 candidates (0%) | 0 visible | prefilter: 0 never-rises, 0 below-hz, 0 mag-cull
[18:55:15.918] [PARALLAX] [trace] Stars: 0 total | 0 candidates (0%) | 0 visible | prefilter: 0 never-rises, 0 below-hz, 0 mag-cull
[18:55:15.939] [PARALLAX] [trace] Stars: 0 total | 0 candidates (0%) | 0 visible | prefilter: 0 never-rises, 0 below-hz, 0 mag-cull
[18:55:15.959] [PARALLAX] [trace] Stars: 0 total | 0 candidates (0%) | 0 visible | prefilter: 0 never-rises, 0 below-hz, 0 mag-cull
[18:55:15.983] [PARALLAX] [trace] Stars: 0 total | 0 candidates (0%) | 0 visible | prefilter: 0 never-rises, 0 below-hz, 0 mag-cull
[18:55:16.003] [PARALLAX] [trace] Stars: 0 total | 0 candidates (0%) | 0 visible | prefilter: 0 never-rises, 0 below-hz, 0 mag-cull
[18:55:16.026] [PARALLAX] [trace] Stars: 0 total | 0 candidates (0%) | 0 visible | prefilter: 0 never-rises, 0 below-hz, 0 mag-cull
[18:55:16.050] [PARALLAX] [trace] Stars: 0 total | 0 candidates (0%) | 0 visible | prefilter: 0 never-rises, 0 below-hz, 0 mag-cull
[18:55:16.072] [PARALLAX] [trace] Stars: 0 total | 0 candidates (0%) | 0 visible | prefilter: 0 never-rises, 0 below-hz, 0 mag-cull
[18:55:16.093] [PARALLAX] [trace] Stars: 0 total | 0 candidates (0%) | 0 visible | prefilter: 0 never-rises, 0 below-hz, 0 mag-cull
[18:55:16.116] [PARALLAX] [trace] Stars: 0 total | 0 candidates (0%) | 0 visible | prefilter: 0 never-rises, 0 below-hz, 0 mag-cull
[18:55:16.137] [PARALLAX] [trace] Stars: 0 total | 0 candidates (0%) | 0 visible | prefilter: 0 never-rises, 0 below-hz, 0 mag-cull
[18:55:16.160] [PARALLAX] [trace] Stars: 0 total | 0 candidates (0%) | 0 visible | prefilter: 0 never-rises, 0 below-hz, 0 mag-cull
[18:55:16.184] [PARALLAX] [trace] Stars: 0 total | 0 candidates (0%) | 0 visible | prefilter: 0 never-rises, 0 below-hz, 0 mag-cull
[18:55:16.208] [PARALLAX] [trace] Stars: 0 total | 0 candidates (0%) | 0 visible | prefilter: 0 never-rises, 0 below-hz, 0 mag-cull
[18:55:16.234] [PARALLAX] [trace] Stars: 0 total | 0 candidates (0%) | 0 visible | prefilter: 0 never-rises, 0 below-hz, 0 mag-cull
[18:55:16.259] [PARALLAX] [trace] Stars: 0 total | 0 candidates (0%) | 0 visible | prefilter: 0 never-rises, 0 below-hz, 0 mag-cull
[18:55:16.287] [PARALLAX] [trace] Stars: 0 total | 0 candidates (0%) | 0 visible | prefilter: 0 never-rises, 0 below-hz, 0 mag-cull
[18:55:16.315] [PARALLAX] [trace] Stars: 0 total | 0 candidates (0%) | 0 visible | prefilter: 0 never-rises, 0 below-hz, 0 mag-cull
[18:55:16.340] [PARALLAX] [trace] Stars: 0 total | 0 candidates (0%) | 0 visible | prefilter: 0 never-rises, 0 below-hz, 0 mag-cull
[18:55:16.365] [PARALLAX] [trace] Stars: 0 total | 0 candidates (0%) | 0 visible | prefilter: 0 never-rises, 0 below-hz, 0 mag-cull
[18:55:16.390] [PARALLAX] [trace] Stars: 0 total | 0 candidates (0%) | 0 visible | prefilter: 0 never-rises, 0 below-hz, 0 mag-cull
[18:55:16.414] [PARALLAX] [trace] Stars: 0 total | 0 candidates (0%) | 0 visible | prefilter: 0 never-rises, 0 below-hz, 0 mag-cull
[18:55:16.439] [PARALLAX] [trace] Stars: 0 total | 0 candidates (0%) | 0 visible | prefilter: 0 never-rises, 0 below-hz, 0 mag-cull
[18:55:16.462] [PARALLAX] [trace] Stars: 0 total | 0 candidates (0%) | 0 visible | prefilter: 0 never-rises, 0 below-hz, 0 mag-cull
[18:55:16.484] [PARALLAX] [trace] Stars: 0 total | 0 candidates (0%) | 0 visible | prefilter: 0 never-rises, 0 below-hz, 0 mag-cull
[18:55:16.504] [PARALLAX] [trace] Stars: 0 total | 0 candidates (0%) | 0 visible | prefilter: 0 never-rises, 0 below-hz, 0 mag-cull
[18:55:16.523] [PARALLAX] [trace] Stars: 0 total | 0 candidates (0%) | 0 visible | prefilter: 0 never-rises, 0 below-hz, 0 mag-cull
[18:55:16.543] [PARALLAX] [trace] Stars: 0 total | 0 candidates (0%) | 0 visible | prefilter: 0 never-rises, 0 below-hz, 0 mag-cull
[18:55:16.565] [PARALLAX] [trace] Stars: 0 total | 0 candidates (0%) | 0 visible | prefilter: 0 never-rises, 0 below-hz, 0 mag-cull
[18:55:16.590] [PARALLAX] [trace] Stars: 0 total | 0 candidates (0%) | 0 visible | prefilter: 0 never-rises, 0 below-hz, 0 mag-cull
[18:55:16.614] [PARALLAX] [trace] Stars: 0 total | 0 candidates (0%) | 0 visible | prefilter: 0 never-rises, 0 below-hz, 0 mag-cull
[18:55:16.637] [PARALLAX] [trace] Stars: 0 total | 0 candidates (0%) | 0 visible | prefilter: 0 never-rises, 0 below-hz, 0 mag-cull
[18:55:16.663] [PARALLAX] [trace] Stars: 0 total | 0 candidates (0%) | 0 visible | prefilter: 0 never-rises, 0 below-hz, 0 mag-cull
[18:55:16.686] [PARALLAX] [trace] Stars: 0 total | 0 candidates (0%) | 0 visible | prefilter: 0 never-rises, 0 below-hz, 0 mag-cull
[18:55:16.707] [PARALLAX] [trace] Stars: 0 total | 0 candidates (0%) | 0 visible | prefilter: 0 never-rises, 0 below-hz, 0 mag-cull
[18:55:16.728] [PARALLAX] [trace] Stars: 0 total | 0 candidates (0%) | 0 visible | prefilter: 0 never-rises, 0 below-hz, 0 mag-cull
[18:55:16.747] [PARALLAX] [trace] Stars: 0 total | 0 candidates (0%) | 0 visible | prefilter: 0 never-rises, 0 below-hz, 0 mag-cull
[18:55:16.768] [PARALLAX] [trace] Stars: 0 total | 0 candidates (0%) | 0 visible | prefilter: 0 never-rises, 0 below-hz, 0 mag-cull
[18:55:16.787] [PARALLAX] [trace] Stars: 0 total | 0 candidates (0%) | 0 visible | prefilter: 0 never-rises, 0 below-hz, 0 mag-cull
[18:55:16.807] [PARALLAX] [trace] Stars: 0 total | 0 candidates (0%) | 0 visible | prefilter: 0 never-rises, 0 below-hz, 0 mag-cull
[18:55:16.835] [PARALLAX] [trace] Stars: 0 total | 0 candidates (0%) | 0 visible | prefilter: 0 never-rises, 0 below-hz, 0 mag-cull
[18:55:16.864] [PARALLAX] [trace] Stars: 0 total | 0 candidates (0%) | 0 visible | prefilter: 0 never-rises, 0 below-hz, 0 mag-cull
[18:55:16.894] [PARALLAX] [trace] Stars: 0 total | 0 candidates (0%) | 0 visible | prefilter: 0 never-rises, 0 below-hz, 0 mag-cull
[18:55:16.924] [PARALLAX] [trace] Stars: 0 total | 0 candidates (0%) | 0 visible | prefilter: 0 never-rises, 0 below-hz, 0 mag-cull
[18:55:16.954] [PARALLAX] [trace] Stars: 0 total | 0 candidates (0%) | 0 visible | prefilter: 0 never-rises, 0 below-hz, 0 mag-cull
[18:55:16.984] [PARALLAX] [trace] Stars: 0 total | 0 candidates (0%) | 0 visible | prefilter: 0 never-rises, 0 below-hz, 0 mag-cull
[18:55:17.013] [PARALLAX] [trace] Stars: 0 total | 0 candidates (0%) | 0 visible | prefilter: 0 never-rises, 0 below-hz, 0 mag-cull
[18:55:17.040] [PARALLAX] [trace] Stars: 0 total | 0 candidates (0%) | 0 visible | prefilter: 0 never-rises, 0 below-hz, 0 mag-cull
[18:55:17.066] [PARALLAX] [trace] Stars: 0 total | 0 candidates (0%) | 0 visible | prefilter: 0 never-rises, 0 below-hz, 0 mag-cull
[18:55:17.091] [PARALLAX] [trace] Stars: 0 total | 0 candidates (0%) | 0 visible | prefilter: 0 never-rises, 0 below-hz, 0 mag-cull
[18:55:17.116] [PARALLAX] [trace] Stars: 0 total | 0 candidates (0%) | 0 visible | prefilter: 0 never-rises, 0 below-hz, 0 mag-cull
[18:55:17.141] [PARALLAX] [trace] Stars: 0 total | 0 candidates (0%) | 0 visible | prefilter: 0 never-rises, 0 below-hz, 0 mag-cull
[18:55:17.163] [PARALLAX] [trace] Stars: 0 total | 0 candidates (0%) | 0 visible | prefilter: 0 never-rises, 0 below-hz, 0 mag-cull
[18:55:17.188] [PARALLAX] [trace] Stars: 0 total | 0 candidates (0%) | 0 visible | prefilter: 0 never-rises, 0 below-hz, 0 mag-cull
[18:55:17.213] [PARALLAX] [trace] Stars: 0 total | 0 candidates (0%) | 0 visible | prefilter: 0 never-rises, 0 below-hz, 0 mag-cull
[18:55:17.242] [PARALLAX] [trace] Stars: 0 total | 0 candidates (0%) | 0 visible | prefilter: 0 never-rises, 0 below-hz, 0 mag-cull
[18:55:17.269] [PARALLAX] [trace] Stars: 0 total | 0 candidates (0%) | 0 visible | prefilter: 0 never-rises, 0 below-hz, 0 mag-cull
[18:55:17.295] [PARALLAX] [trace] Stars: 0 total | 0 candidates (0%) | 0 visible | prefilter: 0 never-rises, 0 below-hz, 0 mag-cull
[18:55:17.323] [PARALLAX] [trace] Stars: 0 total | 0 candidates (0%) | 0 visible | prefilter: 0 never-rises, 0 below-hz, 0 mag-cull
[18:55:17.350] [PARALLAX] [trace] Stars: 0 total | 0 candidates (0%) | 0 visible | prefilter: 0 never-rises, 0 below-hz, 0 mag-cull
[18:55:17.375] [PARALLAX] [trace] Stars: 0 total | 0 candidates (0%) | 0 visible | prefilter: 0 never-rises, 0 below-hz, 0 mag-cull
[18:55:17.401] [PARALLAX] [trace] Stars: 0 total | 0 candidates (0%) | 0 visible | prefilter: 0 never-rises, 0 below-hz, 0 mag-cull
[18:55:17.424] [PARALLAX] [trace] Stars: 0 total | 0 candidates (0%) | 0 visible | prefilter: 0 never-rises, 0 below-hz, 0 mag-cull
[18:55:17.447] [PARALLAX] [trace] Stars: 0 total | 0 candidates (0%) | 0 visible | prefilter: 0 never-rises, 0 below-hz, 0 mag-cull
[18:55:17.469] [PARALLAX] [trace] Stars: 0 total | 0 candidates (0%) | 0 visible | prefilter: 0 never-rises, 0 below-hz, 0 mag-cull
[18:55:17.493] [PARALLAX] [trace] Stars: 0 total | 0 candidates (0%) | 0 visible | prefilter: 0 never-rises, 0 below-hz, 0 mag-cull
[18:55:17.517] [PARALLAX] [trace] Stars: 0 total | 0 candidates (0%) | 0 visible | prefilter: 0 never-rises, 0 below-hz, 0 mag-cull
[18:55:17.540] [PARALLAX] [trace] Stars: 0 total | 0 candidates (0%) | 0 visible | prefilter: 0 never-rises, 0 below-hz, 0 mag-cull
[18:55:17.563] [PARALLAX] [trace] Stars: 0 total | 0 candidates (0%) | 0 visible | prefilter: 0 never-rises, 0 below-hz, 0 mag-cull
[18:55:17.587] [PARALLAX] [trace] Stars: 0 total | 0 candidates (0%) | 0 visible | prefilter: 0 never-rises, 0 below-hz, 0 mag-cull
[18:55:17.609] [PARALLAX] [trace] Stars: 0 total | 0 candidates (0%) | 0 visible | prefilter: 0 never-rises, 0 below-hz, 0 mag-cull
[18:55:17.631] [PARALLAX] [trace] Stars: 0 total | 0 candidates (0%) | 0 visible | prefilter: 0 never-rises, 0 below-hz, 0 mag-cull
[18:55:17.653] [PARALLAX] [trace] Stars: 0 total | 0 candidates (0%) | 0 visible | prefilter: 0 never-rises, 0 below-hz, 0 mag-cull
[18:55:17.673] [PARALLAX] [trace] Stars: 0 total | 0 candidates (0%) | 0 visible | prefilter: 0 never-rises, 0 below-hz, 0 mag-cull
[18:55:17.692] [PARALLAX] [trace] Stars: 0 total | 0 candidates (0%) | 0 visible | prefilter: 0 never-rises, 0 below-hz, 0 mag-cull
[18:55:17.715] [PARALLAX] [trace] Stars: 0 total | 0 candidates (0%) | 0 visible | prefilter: 0 never-rises, 0 below-hz, 0 mag-cull
[18:55:17.744] [PARALLAX] [trace] Stars: 0 total | 0 candidates (0%) | 0 visible | prefilter: 0 never-rises, 0 below-hz, 0 mag-cull
[18:55:17.772] [PARALLAX] [trace] Stars: 0 total | 0 candidates (0%) | 0 visible | prefilter: 0 never-rises, 0 below-hz, 0 mag-cull
[18:55:17.799] [PARALLAX] [trace] Stars: 0 total | 0 candidates (0%) | 0 visible | prefilter: 0 never-rises, 0 below-hz, 0 mag-cull
[18:55:17.830] [PARALLAX] [trace] Stars: 0 total | 0 candidates (0%) | 0 visible | prefilter: 0 never-rises, 0 below-hz, 0 mag-cull
[18:55:17.860] [PARALLAX] [trace] Stars: 0 total | 0 candidates (0%) | 0 visible | prefilter: 0 never-rises, 0 below-hz, 0 mag-cull
[18:55:17.887] [PARALLAX] [trace] Stars: 0 total | 0 candidates (0%) | 0 visible | prefilter: 0 never-rises, 0 below-hz, 0 mag-cull
[18:55:17.909] [PARALLAX] [trace] Stars: 0 total | 0 candidates (0%) | 0 visible | prefilter: 0 never-rises, 0 below-hz, 0 mag-cull
[18:55:17.932] [PARALLAX] [trace] Stars: 0 total | 0 candidates (0%) | 0 visible | prefilter: 0 never-rises, 0 below-hz, 0 mag-cull
[18:55:17.956] [PARALLAX] [trace] Stars: 0 total | 0 candidates (0%) | 0 visible | prefilter: 0 never-rises, 0 below-hz, 0 mag-cull
[18:55:17.981] [PARALLAX] [trace] Stars: 0 total | 0 candidates (0%) | 0 visible | prefilter: 0 never-rises, 0 below-hz, 0 mag-cull
[18:55:18.006] [PARALLAX] [trace] Stars: 0 total | 0 candidates (0%) | 0 visible | prefilter: 0 never-rises, 0 below-hz, 0 mag-cull
[18:55:18.032] [PARALLAX] [trace] Stars: 0 total | 0 candidates (0%) | 0 visible | prefilter: 0 never-rises, 0 below-hz, 0 mag-cull
[18:55:18.056] [PARALLAX] [trace] Stars: 0 total | 0 candidates (0%) | 0 visible | prefilter: 0 never-rises, 0 below-hz, 0 mag-cull
[18:55:18.082] [PARALLAX] [trace] Stars: 0 total | 0 candidates (0%) | 0 visible | prefilter: 0 never-rises, 0 below-hz, 0 mag-cull
[18:55:18.104] [PARALLAX] [trace] Stars: 0 total | 0 candidates (0%) | 0 visible | prefilter: 0 never-rises, 0 below-hz, 0 mag-cull
[18:55:18.125] [PARALLAX] [trace] Stars: 0 total | 0 candidates (0%) | 0 visible | prefilter: 0 never-rises, 0 below-hz, 0 mag-cull
[18:55:18.151] [PARALLAX] [trace] Stars: 0 total | 0 candidates (0%) | 0 visible | prefilter: 0 never-rises, 0 below-hz, 0 mag-cull
[18:55:18.182] [PARALLAX] [trace] Stars: 0 total | 0 candidates (0%) | 0 visible | prefilter: 0 never-rises, 0 below-hz, 0 mag-cull
[18:55:18.210] [PARALLAX] [trace] Stars: 0 total | 0 candidates (0%) | 0 visible | prefilter: 0 never-rises, 0 below-hz, 0 mag-cull
[18:55:18.240] [PARALLAX] [trace] Stars: 0 total | 0 candidates (0%) | 0 visible | prefilter: 0 never-rises, 0 below-hz, 0 mag-cull
[18:55:18.270] [PARALLAX] [trace] Stars: 0 total | 0 candidates (0%) | 0 visible | prefilter: 0 never-rises, 0 below-hz, 0 mag-cull
[18:55:18.295] [PARALLAX] [trace] Stars: 0 total | 0 candidates (0%) | 0 visible | prefilter: 0 never-rises, 0 below-hz, 0 mag-cull
[18:55:18.317] [PARALLAX] [trace] Stars: 0 total | 0 candidates (0%) | 0 visible | prefilter: 0 never-rises, 0 below-hz, 0 mag-cull
[18:55:18.340] [PARALLAX] [trace] Stars: 0 total | 0 candidates (0%) | 0 visible | prefilter: 0 never-rises, 0 below-hz, 0 mag-cull
[18:55:18.366] [PARALLAX] [trace] Stars: 0 total | 0 candidates (0%) | 0 visible | prefilter: 0 never-rises, 0 below-hz, 0 mag-cull
[18:55:18.391] [PARALLAX] [trace] Stars: 0 total | 0 candidates (0%) | 0 visible | prefilter: 0 never-rises, 0 below-hz, 0 mag-cull
[18:55:18.417] [PARALLAX] [trace] Stars: 0 total | 0 candidates (0%) | 0 visible | prefilter: 0 never-rises, 0 below-hz, 0 mag-cull
[18:55:18.442] [PARALLAX] [trace] Stars: 0 total | 0 candidates (0%) | 0 visible | prefilter: 0 never-rises, 0 below-hz, 0 mag-cull
[18:55:18.468] [PARALLAX] [trace] Stars: 0 total | 0 candidates (0%) | 0 visible | prefilter: 0 never-rises, 0 below-hz, 0 mag-cull
[18:55:18.493] [PARALLAX] [trace] Stars: 0 total | 0 candidates (0%) | 0 visible | prefilter: 0 never-rises, 0 below-hz, 0 mag-cull
[18:55:18.518] [PARALLAX] [trace] Stars: 0 total | 0 candidates (0%) | 0 visible | prefilter: 0 never-rises, 0 below-hz, 0 mag-cull
[18:55:18.541] [PARALLAX] [trace] Stars: 0 total | 0 candidates (0%) | 0 visible | prefilter: 0 never-rises, 0 below-hz, 0 mag-cull
[18:55:18.564] [PARALLAX] [trace] Stars: 0 total | 0 candidates (0%) | 0 visible | prefilter: 0 never-rises, 0 below-hz, 0 mag-cull
[18:55:18.586] [PARALLAX] [trace] Stars: 0 total | 0 candidates (0%) | 0 visible | prefilter: 0 never-rises, 0 below-hz, 0 mag-cull
[18:55:18.608] [PARALLAX] [trace] Stars: 0 total | 0 candidates (0%) | 0 visible | prefilter: 0 never-rises, 0 below-hz, 0 mag-cull
[18:55:18.636] [PARALLAX] [trace] Stars: 0 total | 0 candidates (0%) | 0 visible | prefilter: 0 never-rises, 0 below-hz, 0 mag-cull
[18:55:18.668] [PARALLAX] [trace] Stars: 0 total | 0 candidates (0%) | 0 visible | prefilter: 0 never-rises, 0 below-hz, 0 mag-cull
[18:55:18.699] [PARALLAX] [trace] Stars: 0 total | 0 candidates (0%) | 0 visible | prefilter: 0 never-rises, 0 below-hz, 0 mag-cull
[18:55:18.728] [PARALLAX] [trace] Stars: 0 total | 0 candidates (0%) | 0 visible | prefilter: 0 never-rises, 0 below-hz, 0 mag-cull
[18:55:18.759] [PARALLAX] [trace] Stars: 0 total | 0 candidates (0%) | 0 visible | prefilter: 0 never-rises, 0 below-hz, 0 mag-cull
[18:55:18.788] [PARALLAX] [trace] Stars: 0 total | 0 candidates (0%) | 0 visible | prefilter: 0 never-rises, 0 below-hz, 0 mag-cull
[18:55:18.811] [PARALLAX] [trace] Stars: 0 total | 0 candidates (0%) | 0 visible | prefilter: 0 never-rises, 0 below-hz, 0 mag-cull
[18:55:18.833] [PARALLAX] [trace] Stars: 0 total | 0 candidates (0%) | 0 visible | prefilter: 0 never-rises, 0 below-hz, 0 mag-cull
[18:55:18.856] [PARALLAX] [trace] Stars: 0 total | 0 candidates (0%) | 0 visible | prefilter: 0 never-rises, 0 below-hz, 0 mag-cull
[18:55:18.882] [PARALLAX] [trace] Stars: 0 total | 0 candidates (0%) | 0 visible | prefilter: 0 never-rises, 0 below-hz, 0 mag-cull
[18:55:18.907] [PARALLAX] [trace] Stars: 0 total | 0 candidates (0%) | 0 visible | prefilter: 0 never-rises, 0 below-hz, 0 mag-cull
[18:55:18.933] [PARALLAX] [trace] Stars: 0 total | 0 candidates (0%) | 0 visible | prefilter: 0 never-rises, 0 below-hz, 0 mag-cull
[18:55:18.958] [PARALLAX] [trace] Stars: 0 total | 0 candidates (0%) | 0 visible | prefilter: 0 never-rises, 0 below-hz, 0 mag-cull
[18:55:18.983] [PARALLAX] [trace] Stars: 0 total | 0 candidates (0%) | 0 visible | prefilter: 0 never-rises, 0 below-hz, 0 mag-cull
[18:55:19.008] [PARALLAX] [trace] Stars: 0 total | 0 candidates (0%) | 0 visible | prefilter: 0 never-rises, 0 below-hz, 0 mag-cull
[18:55:19.032] [PARALLAX] [trace] Stars: 0 total | 0 candidates (0%) | 0 visible | prefilter: 0 never-rises, 0 below-hz, 0 mag-cull
[18:55:19.055] [PARALLAX] [trace] Stars: 0 total | 0 candidates (0%) | 0 visible | prefilter: 0 never-rises, 0 below-hz, 0 mag-cull
[18:55:19.076] [PARALLAX] [trace] Stars: 0 total | 0 candidates (0%) | 0 visible | prefilter: 0 never-rises, 0 below-hz, 0 mag-cull
[18:55:19.097] [PARALLAX] [trace] Stars: 0 total | 0 candidates (0%) | 0 visible | prefilter: 0 never-rises, 0 below-hz, 0 mag-cull
[18:55:19.124] [PARALLAX] [trace] Stars: 0 total | 0 candidates (0%) | 0 visible | prefilter: 0 never-rises, 0 below-hz, 0 mag-cull
[18:55:19.153] [PARALLAX] [trace] Stars: 0 total | 0 candidates (0%) | 0 visible | prefilter: 0 never-rises, 0 below-hz, 0 mag-cull
[18:55:19.183] [PARALLAX] [trace] Stars: 0 total | 0 candidates (0%) | 0 visible | prefilter: 0 never-rises, 0 below-hz, 0 mag-cull
[18:55:19.210] [PARALLAX] [trace] Stars: 0 total | 0 candidates (0%) | 0 visible | prefilter: 0 never-rises, 0 below-hz, 0 mag-cull
[18:55:19.238] [PARALLAX] [trace] Stars: 0 total | 0 candidates (0%) | 0 visible | prefilter: 0 never-rises, 0 below-hz, 0 mag-cull
[18:55:19.265] [PARALLAX] [trace] Stars: 0 total | 0 candidates (0%) | 0 visible | prefilter: 0 never-rises, 0 below-hz, 0 mag-cull
[18:55:19.289] [PARALLAX] [trace] Stars: 0 total | 0 candidates (0%) | 0 visible | prefilter: 0 never-rises, 0 below-hz, 0 mag-cull
[18:55:19.309] [PARALLAX] [trace] Stars: 0 total | 0 candidates (0%) | 0 visible | prefilter: 0 never-rises, 0 below-hz, 0 mag-cull
[18:55:19.329] [PARALLAX] [trace] Stars: 0 total | 0 candidates (0%) | 0 visible | prefilter: 0 never-rises, 0 below-hz, 0 mag-cull
[18:55:19.351] [PARALLAX] [trace] Stars: 0 total | 0 candidates (0%) | 0 visible | prefilter: 0 never-rises, 0 below-hz, 0 mag-cull
[18:55:19.376] [PARALLAX] [trace] Stars: 0 total | 0 candidates (0%) | 0 visible | prefilter: 0 never-rises, 0 below-hz, 0 mag-cull
[18:55:19.402] [PARALLAX] [trace] Stars: 0 total | 0 candidates (0%) | 0 visible | prefilter: 0 never-rises, 0 below-hz, 0 mag-cull
[18:55:19.426] [PARALLAX] [trace] Stars: 0 total | 0 candidates (0%) | 0 visible | prefilter: 0 never-rises, 0 below-hz, 0 mag-cull
[18:55:19.453] [PARALLAX] [trace] Stars: 0 total | 0 candidates (0%) | 0 visible | prefilter: 0 never-rises, 0 below-hz, 0 mag-cull
[18:55:19.478] [PARALLAX] [trace] Stars: 0 total | 0 candidates (0%) | 0 visible | prefilter: 0 never-rises, 0 below-hz, 0 mag-cull
[18:55:19.504] [PARALLAX] [trace] Stars: 0 total | 0 candidates (0%) | 0 visible | prefilter: 0 never-rises, 0 below-hz, 0 mag-cull
[18:55:19.529] [PARALLAX] [trace] Stars: 0 total | 0 candidates (0%) | 0 visible | prefilter: 0 never-rises, 0 below-hz, 0 mag-cull
[18:55:19.553] [PARALLAX] [trace] Stars: 0 total | 0 candidates (0%) | 0 visible | prefilter: 0 never-rises, 0 below-hz, 0 mag-cull
[18:55:19.579] [PARALLAX] [trace] Stars: 0 total | 0 candidates (0%) | 0 visible | prefilter: 0 never-rises, 0 below-hz, 0 mag-cull
[18:55:19.608] [PARALLAX] [trace] Stars: 0 total | 0 candidates (0%) | 0 visible | prefilter: 0 never-rises, 0 below-hz, 0 mag-cull
[18:55:19.631] [PARALLAX] [trace] Stars: 0 total | 0 candidates (0%) | 0 visible | prefilter: 0 never-rises, 0 below-hz, 0 mag-cull
[18:55:19.666] [PARALLAX] [trace] Stars: 0 total | 0 candidates (0%) | 0 visible | prefilter: 0 never-rises, 0 below-hz, 0 mag-cull
[18:55:19.700] [PARALLAX] [trace] Stars: 0 total | 0 candidates (0%) | 0 visible | prefilter: 0 never-rises, 0 below-hz, 0 mag-cull
[18:55:19.734] [PARALLAX] [trace] Stars: 0 total | 0 candidates (0%) | 0 visible | prefilter: 0 never-rises, 0 below-hz, 0 mag-cull
[18:55:19.767] [PARALLAX] [trace] Stars: 0 total | 0 candidates (0%) | 0 visible | prefilter: 0 never-rises, 0 below-hz, 0 mag-cull
[18:55:19.796] [PARALLAX] [trace] Stars: 0 total | 0 candidates (0%) | 0 visible | prefilter: 0 never-rises, 0 below-hz, 0 mag-cull
[18:55:19.821] [PARALLAX] [trace] Stars: 0 total | 0 candidates (0%) | 0 visible | prefilter: 0 never-rises, 0 below-hz, 0 mag-cull
[18:55:19.852] [PARALLAX] [trace] Stars: 0 total | 0 candidates (0%) | 0 visible | prefilter: 0 never-rises, 0 below-hz, 0 mag-cull
[18:55:19.882] [PARALLAX] [trace] Stars: 0 total | 0 candidates (0%) | 0 visible | prefilter: 0 never-rises, 0 below-hz, 0 mag-cull
[18:55:19.911] [PARALLAX] [trace] Stars: 0 total | 0 candidates (0%) | 0 visible | prefilter: 0 never-rises, 0 below-hz, 0 mag-cull
[18:55:19.939] [PARALLAX] [trace] Stars: 0 total | 0 candidates (0%) | 0 visible | prefilter: 0 never-rises, 0 below-hz, 0 mag-cull
[18:55:19.968] [PARALLAX] [trace] Stars: 0 total | 0 candidates (0%) | 0 visible | prefilter: 0 never-rises, 0 below-hz, 0 mag-cull
[18:55:19.996] [PARALLAX] [trace] Stars: 0 total | 0 candidates (0%) | 0 visible | prefilter: 0 never-rises, 0 below-hz, 0 mag-cull
[18:55:20.026] [PARALLAX] [trace] Stars: 0 total | 0 candidates (0%) | 0 visible | prefilter: 0 never-rises, 0 below-hz, 0 mag-cull
[18:55:20.059] [PARALLAX] [trace] Stars: 0 total | 0 candidates (0%) | 0 visible | prefilter: 0 never-rises, 0 below-hz, 0 mag-cull
[18:55:20.082] [PARALLAX] [trace] Stars: 0 total | 0 candidates (0%) | 0 visible | prefilter: 0 never-rises, 0 below-hz, 0 mag-cull
[18:55:20.105] [PARALLAX] [trace] Stars: 0 total | 0 candidates (0%) | 0 visible | prefilter: 0 never-rises, 0 below-hz, 0 mag-cull
[18:55:20.125] [PARALLAX] [trace] Stars: 0 total | 0 candidates (0%) | 0 visible | prefilter: 0 never-rises, 0 below-hz, 0 mag-cull
[18:55:20.147] [PARALLAX] [trace] Stars: 0 total | 0 candidates (0%) | 0 visible | prefilter: 0 never-rises, 0 below-hz, 0 mag-cull
[18:55:20.175] [PARALLAX] [trace] Stars: 0 total | 0 candidates (0%) | 0 visible | prefilter: 0 never-rises, 0 below-hz, 0 mag-cull
[18:55:20.200] [PARALLAX] [trace] Stars: 0 total | 0 candidates (0%) | 0 visible | prefilter: 0 never-rises, 0 below-hz, 0 mag-cull
[18:55:20.232] [PARALLAX] [trace] Stars: 0 total | 0 candidates (0%) | 0 visible | prefilter: 0 never-rises, 0 below-hz, 0 mag-cull
[18:55:20.256] [PARALLAX] [trace] Stars: 0 total | 0 candidates (0%) | 0 visible | prefilter: 0 never-rises, 0 below-hz, 0 mag-cull
[18:55:20.282] [PARALLAX] [trace] Stars: 0 total | 0 candidates (0%) | 0 visible | prefilter: 0 never-rises, 0 below-hz, 0 mag-cull
[18:55:20.307] [PARALLAX] [trace] Stars: 0 total | 0 candidates (0%) | 0 visible | prefilter: 0 never-rises, 0 below-hz, 0 mag-cull
[18:55:20.333] [PARALLAX] [trace] Stars: 0 total | 0 candidates (0%) | 0 visible | prefilter: 0 never-rises, 0 below-hz, 0 mag-cull
[18:55:20.361] [PARALLAX] [trace] Stars: 0 total | 0 candidates (0%) | 0 visible | prefilter: 0 never-rises, 0 below-hz, 0 mag-cull
[18:55:20.386] [PARALLAX] [trace] Stars: 0 total | 0 candidates (0%) | 0 visible | prefilter: 0 never-rises, 0 below-hz, 0 mag-cull
[18:55:20.411] [PARALLAX] [trace] Stars: 0 total | 0 candidates (0%) | 0 visible | prefilter: 0 never-rises, 0 below-hz, 0 mag-cull
[18:55:20.435] [PARALLAX] [trace] Stars: 0 total | 0 candidates (0%) | 0 visible | prefilter: 0 never-rises, 0 below-hz, 0 mag-cull
[18:55:20.466] [PARALLAX] [trace] Stars: 0 total | 0 candidates (0%) | 0 visible | prefilter: 0 never-rises, 0 below-hz, 0 mag-cull
[18:55:20.494] [PARALLAX] [trace] Stars: 0 total | 0 candidates (0%) | 0 visible | prefilter: 0 never-rises, 0 below-hz, 0 mag-cull
[18:55:20.519] [PARALLAX] [trace] Stars: 0 total | 0 candidates (0%) | 0 visible | prefilter: 0 never-rises, 0 below-hz, 0 mag-cull
[18:55:20.541] [PARALLAX] [trace] Stars: 0 total | 0 candidates (0%) | 0 visible | prefilter: 0 never-rises, 0 below-hz, 0 mag-cull
[18:55:20.564] [PARALLAX] [trace] Stars: 0 total | 0 candidates (0%) | 0 visible | prefilter: 0 never-rises, 0 below-hz, 0 mag-cull
[18:55:20.587] [PARALLAX] [trace] Stars: 0 total | 0 candidates (0%) | 0 visible | prefilter: 0 never-rises, 0 below-hz, 0 mag-cull
[18:55:20.613] [PARALLAX] [trace] Stars: 0 total | 0 candidates (0%) | 0 visible | prefilter: 0 never-rises, 0 below-hz, 0 mag-cull
[18:55:20.638] [PARALLAX] [trace] Stars: 0 total | 0 candidates (0%) | 0 visible | prefilter: 0 never-rises, 0 below-hz, 0 mag-cull
[18:55:20.669] [PARALLAX] [trace] Stars: 0 total | 0 candidates (0%) | 0 visible | prefilter: 0 never-rises, 0 below-hz, 0 mag-cull
[18:55:20.698] [PARALLAX] [trace] Stars: 0 total | 0 candidates (0%) | 0 visible | prefilter: 0 never-rises, 0 below-hz, 0 mag-cull
[18:55:20.721] [PARALLAX] [trace] Stars: 0 total | 0 candidates (0%) | 0 visible | prefilter: 0 never-rises, 0 below-hz, 0 mag-cull
[18:55:20.744] [PARALLAX] [trace] Stars: 0 total | 0 candidates (0%) | 0 visible | prefilter: 0 never-rises, 0 below-hz, 0 mag-cull
[18:55:20.766] [PARALLAX] [trace] Stars: 0 total | 0 candidates (0%) | 0 visible | prefilter: 0 never-rises, 0 below-hz, 0 mag-cull
[18:55:20.789] [PARALLAX] [trace] Stars: 0 total | 0 candidates (0%) | 0 visible | prefilter: 0 never-rises, 0 below-hz, 0 mag-cull
[18:55:20.812] [PARALLAX] [trace] Stars: 0 total | 0 candidates (0%) | 0 visible | prefilter: 0 never-rises, 0 below-hz, 0 mag-cull
[18:55:20.835] [PARALLAX] [trace] Stars: 0 total | 0 candidates (0%) | 0 visible | prefilter: 0 never-rises, 0 below-hz, 0 mag-cull
[18:55:20.857] [PARALLAX] [trace] Stars: 0 total | 0 candidates (0%) | 0 visible | prefilter: 0 never-rises, 0 below-hz, 0 mag-cull
[18:55:20.880] [PARALLAX] [trace] Stars: 0 total | 0 candidates (0%) | 0 visible | prefilter: 0 never-rises, 0 below-hz, 0 mag-cull
[18:55:20.903] [PARALLAX] [trace] Stars: 0 total | 0 candidates (0%) | 0 visible | prefilter: 0 never-rises, 0 below-hz, 0 mag-cull
[18:55:20.926] [PARALLAX] [trace] Stars: 0 total | 0 candidates (0%) | 0 visible | prefilter: 0 never-rises, 0 below-hz, 0 mag-cull
[18:55:20.951] [PARALLAX] [trace] Stars: 0 total | 0 candidates (0%) | 0 visible | prefilter: 0 never-rises, 0 below-hz, 0 mag-cull
[18:55:20.977] [PARALLAX] [trace] Stars: 0 total | 0 candidates (0%) | 0 visible | prefilter: 0 never-rises, 0 below-hz, 0 mag-cull
[18:55:21.006] [PARALLAX] [trace] Stars: 0 total | 0 candidates (0%) | 0 visible | prefilter: 0 never-rises, 0 below-hz, 0 mag-cull
[18:55:21.034] [PARALLAX] [trace] Stars: 0 total | 0 candidates (0%) | 0 visible | prefilter: 0 never-rises, 0 below-hz, 0 mag-cull
[18:55:21.061] [PARALLAX] [trace] Stars: 0 total | 0 candidates (0%) | 0 visible | prefilter: 0 never-rises, 0 below-hz, 0 mag-cull
[18:55:21.088] [PARALLAX] [trace] Stars: 0 total | 0 candidates (0%) | 0 visible | prefilter: 0 never-rises, 0 below-hz, 0 mag-cull
[18:55:21.114] [PARALLAX] [trace] Stars: 0 total | 0 candidates (0%) | 0 visible | prefilter: 0 never-rises, 0 below-hz, 0 mag-cull
[18:55:21.138] [PARALLAX] [trace] Stars: 0 total | 0 candidates (0%) | 0 visible | prefilter: 0 never-rises, 0 below-hz, 0 mag-cull
[18:55:21.159] [PARALLAX] [trace] Stars: 0 total | 0 candidates (0%) | 0 visible | prefilter: 0 never-rises, 0 below-hz, 0 mag-cull
[18:55:21.180] [PARALLAX] [trace] Stars: 0 total | 0 candidates (0%) | 0 visible | prefilter: 0 never-rises, 0 below-hz, 0 mag-cull
[18:55:21.202] [PARALLAX] [trace] Stars: 0 total | 0 candidates (0%) | 0 visible | prefilter: 0 never-rises, 0 below-hz, 0 mag-cull
[18:55:21.228] [PARALLAX] [trace] Stars: 0 total | 0 candidates (0%) | 0 visible | prefilter: 0 never-rises, 0 below-hz, 0 mag-cull
[18:55:21.255] [PARALLAX] [trace] Stars: 0 total | 0 candidates (0%) | 0 visible | prefilter: 0 never-rises, 0 below-hz, 0 mag-cull
[18:55:21.281] [PARALLAX] [trace] Stars: 0 total | 0 candidates (0%) | 0 visible | prefilter: 0 never-rises, 0 below-hz, 0 mag-cull
[18:55:21.305] [PARALLAX] [trace] Stars: 0 total | 0 candidates (0%) | 0 visible | prefilter: 0 never-rises, 0 below-hz, 0 mag-cull
[18:55:21.329] [PARALLAX] [trace] Stars: 0 total | 0 candidates (0%) | 0 visible | prefilter: 0 never-rises, 0 below-hz, 0 mag-cull
[18:55:21.352] [PARALLAX] [trace] Stars: 0 total | 0 candidates (0%) | 0 visible | prefilter: 0 never-rises, 0 below-hz, 0 mag-cull
[18:55:21.376] [PARALLAX] [trace] Stars: 0 total | 0 candidates (0%) | 0 visible | prefilter: 0 never-rises, 0 below-hz, 0 mag-cull
[18:55:21.397] [PARALLAX] [trace] Stars: 0 total | 0 candidates (0%) | 0 visible | prefilter: 0 never-rises, 0 below-hz, 0 mag-cull
[18:55:21.419] [PARALLAX] [trace] Stars: 0 total | 0 candidates (0%) | 0 visible | prefilter: 0 never-rises, 0 below-hz, 0 mag-cull
[18:55:21.440] [PARALLAX] [trace] Stars: 0 total | 0 candidates (0%) | 0 visible | prefilter: 0 never-rises, 0 below-hz, 0 mag-cull
[18:55:21.469] [PARALLAX] [trace] Stars: 0 total | 0 candidates (0%) | 0 visible | prefilter: 0 never-rises, 0 below-hz, 0 mag-cull
[18:55:21.498] [PARALLAX] [trace] Stars: 0 total | 0 candidates (0%) | 0 visible | prefilter: 0 never-rises, 0 below-hz, 0 mag-cull
[18:55:21.526] [PARALLAX] [trace] Stars: 0 total | 0 candidates (0%) | 0 visible | prefilter: 0 never-rises, 0 below-hz, 0 mag-cull
[18:55:21.555] [PARALLAX] [trace] Stars: 0 total | 0 candidates (0%) | 0 visible | prefilter: 0 never-rises, 0 below-hz, 0 mag-cull
[18:55:21.584] [PARALLAX] [trace] Stars: 0 total | 0 candidates (0%) | 0 visible | prefilter: 0 never-rises, 0 below-hz, 0 mag-cull
[18:55:21.610] [PARALLAX] [trace] Stars: 0 total | 0 candidates (0%) | 0 visible | prefilter: 0 never-rises, 0 below-hz, 0 mag-cull
[18:55:21.635] [PARALLAX] [trace] Stars: 0 total | 0 candidates (0%) | 0 visible | prefilter: 0 never-rises, 0 below-hz, 0 mag-cull
[18:55:21.660] [PARALLAX] [trace] Stars: 0 total | 0 candidates (0%) | 0 visible | prefilter: 0 never-rises, 0 below-hz, 0 mag-cull
[18:55:21.682] [PARALLAX] [trace] Stars: 0 total | 0 candidates (0%) | 0 visible | prefilter: 0 never-rises, 0 below-hz, 0 mag-cull
[18:55:21.703] [PARALLAX] [trace] Stars: 0 total | 0 candidates (0%) | 0 visible | prefilter: 0 never-rises, 0 below-hz, 0 mag-cull
[18:55:21.725] [PARALLAX] [trace] Stars: 0 total | 0 candidates (0%) | 0 visible | prefilter: 0 never-rises, 0 below-hz, 0 mag-cull
[18:55:21.749] [PARALLAX] [trace] Stars: 0 total | 0 candidates (0%) | 0 visible | prefilter: 0 never-rises, 0 below-hz, 0 mag-cull
[18:55:21.771] [PARALLAX] [trace] Stars: 0 total | 0 candidates (0%) | 0 visible | prefilter: 0 never-rises, 0 below-hz, 0 mag-cull
[18:55:21.795] [PARALLAX] [trace] Stars: 0 total | 0 candidates (0%) | 0 visible | prefilter: 0 never-rises, 0 below-hz, 0 mag-cull
[18:55:21.817] [PARALLAX] [trace] Stars: 0 total | 0 candidates (0%) | 0 visible | prefilter: 0 never-rises, 0 below-hz, 0 mag-cull
[18:55:21.839] [PARALLAX] [trace] Stars: 0 total | 0 candidates (0%) | 0 visible | prefilter: 0 never-rises, 0 below-hz, 0 mag-cull
[18:55:21.860] [PARALLAX] [trace] Stars: 0 total | 0 candidates (0%) | 0 visible | prefilter: 0 never-rises, 0 below-hz, 0 mag-cull
[18:55:21.881] [PARALLAX] [trace] Stars: 0 total | 0 candidates (0%) | 0 visible | prefilter: 0 never-rises, 0 below-hz, 0 mag-cull
[18:55:21.904] [PARALLAX] [trace] Stars: 0 total | 0 candidates (0%) | 0 visible | prefilter: 0 never-rises, 0 below-hz, 0 mag-cull
[18:55:21.925] [PARALLAX] [trace] Stars: 0 total | 0 candidates (0%) | 0 visible | prefilter: 0 never-rises, 0 below-hz, 0 mag-cull
[18:55:21.948] [PARALLAX] [trace] Stars: 0 total | 0 candidates (0%) | 0 visible | prefilter: 0 never-rises, 0 below-hz, 0 mag-cull
[18:55:21.972] [PARALLAX] [trace] Stars: 0 total | 0 candidates (0%) | 0 visible | prefilter: 0 never-rises, 0 below-hz, 0 mag-cull
[18:55:21.993] [PARALLAX] [trace] Stars: 0 total | 0 candidates (0%) | 0 visible | prefilter: 0 never-rises, 0 below-hz, 0 mag-cull
[18:55:22.016] [PARALLAX] [trace] Stars: 0 total | 0 candidates (0%) | 0 visible | prefilter: 0 never-rises, 0 below-hz, 0 mag-cull
[18:55:22.039] [PARALLAX] [trace] Stars: 0 total | 0 candidates (0%) | 0 visible | prefilter: 0 never-rises, 0 below-hz, 0 mag-cull
[18:55:22.062] [PARALLAX] [trace] Stars: 0 total | 0 candidates (0%) | 0 visible | prefilter: 0 never-rises, 0 below-hz, 0 mag-cull
[18:55:22.087] [PARALLAX] [trace] Stars: 0 total | 0 candidates (0%) | 0 visible | prefilter: 0 never-rises, 0 below-hz, 0 mag-cull
[18:55:22.110] [PARALLAX] [trace] Stars: 0 total | 0 candidates (0%) | 0 visible | prefilter: 0 never-rises, 0 below-hz, 0 mag-cull
[18:55:22.132] [PARALLAX] [trace] Stars: 0 total | 0 candidates (0%) | 0 visible | prefilter: 0 never-rises, 0 below-hz, 0 mag-cull
[18:55:22.158] [PARALLAX] [trace] Stars: 0 total | 0 candidates (0%) | 0 visible | prefilter: 0 never-rises, 0 below-hz, 0 mag-cull
[18:55:22.181] [PARALLAX] [trace] Stars: 0 total | 0 candidates (0%) | 0 visible | prefilter: 0 never-rises, 0 below-hz, 0 mag-cull
[18:55:22.204] [PARALLAX] [trace] Stars: 0 total | 0 candidates (0%) | 0 visible | prefilter: 0 never-rises, 0 below-hz, 0 mag-cull
[18:55:22.227] [PARALLAX] [trace] Stars: 0 total | 0 candidates (0%) | 0 visible | prefilter: 0 never-rises, 0 below-hz, 0 mag-cull
[18:55:22.249] [PARALLAX] [trace] Stars: 0 total | 0 candidates (0%) | 0 visible | prefilter: 0 never-rises, 0 below-hz, 0 mag-cull
[18:55:22.272] [PARALLAX] [trace] Stars: 0 total | 0 candidates (0%) | 0 visible | prefilter: 0 never-rises, 0 below-hz, 0 mag-cull
[18:55:22.295] [PARALLAX] [trace] Stars: 0 total | 0 candidates (0%) | 0 visible | prefilter: 0 never-rises, 0 below-hz, 0 mag-cull
[18:55:22.322] [PARALLAX] [trace] Stars: 0 total | 0 candidates (0%) | 0 visible | prefilter: 0 never-rises, 0 below-hz, 0 mag-cull
[18:55:22.346] [PARALLAX] [trace] Stars: 0 total | 0 candidates (0%) | 0 visible | prefilter: 0 never-rises, 0 below-hz, 0 mag-cull
[18:55:22.368] [PARALLAX] [trace] Stars: 0 total | 0 candidates (0%) | 0 visible | prefilter: 0 never-rises, 0 below-hz, 0 mag-cull
[18:55:22.391] [PARALLAX] [trace] Stars: 0 total | 0 candidates (0%) | 0 visible | prefilter: 0 never-rises, 0 below-hz, 0 mag-cull
[18:55:22.417] [PARALLAX] [trace] Stars: 0 total | 0 candidates (0%) | 0 visible | prefilter: 0 never-rises, 0 below-hz, 0 mag-cull
[18:55:22.439] [PARALLAX] [trace] Stars: 0 total | 0 candidates (0%) | 0 visible | prefilter: 0 never-rises, 0 below-hz, 0 mag-cull
[18:55:22.460] [PARALLAX] [trace] Stars: 0 total | 0 candidates (0%) | 0 visible | prefilter: 0 never-rises, 0 below-hz, 0 mag-cull
[18:55:22.482] [PARALLAX] [trace] Stars: 0 total | 0 candidates (0%) | 0 visible | prefilter: 0 never-rises, 0 below-hz, 0 mag-cull
[18:55:22.504] [PARALLAX] [trace] Stars: 0 total | 0 candidates (0%) | 0 visible | prefilter: 0 never-rises, 0 below-hz, 0 mag-cull
[18:55:22.525] [PARALLAX] [trace] Stars: 0 total | 0 candidates (0%) | 0 visible | prefilter: 0 never-rises, 0 below-hz, 0 mag-cull
[18:55:22.546] [PARALLAX] [trace] Stars: 0 total | 0 candidates (0%) | 0 visible | prefilter: 0 never-rises, 0 below-hz, 0 mag-cull
[18:55:22.569] [PARALLAX] [trace] Stars: 0 total | 0 candidates (0%) | 0 visible | prefilter: 0 never-rises, 0 below-hz, 0 mag-cull
[18:55:22.591] [PARALLAX] [trace] Stars: 0 total | 0 candidates (0%) | 0 visible | prefilter: 0 never-rises, 0 below-hz, 0 mag-cull
[18:55:22.614] [PARALLAX] [trace] Stars: 0 total | 0 candidates (0%) | 0 visible | prefilter: 0 never-rises, 0 below-hz, 0 mag-cull
[18:55:22.637] [PARALLAX] [trace] Stars: 0 total | 0 candidates (0%) | 0 visible | prefilter: 0 never-rises, 0 below-hz, 0 mag-cull
[18:55:22.665] [PARALLAX] [trace] Stars: 0 total | 0 candidates (0%) | 0 visible | prefilter: 0 never-rises, 0 below-hz, 0 mag-cull
[18:55:22.691] [PARALLAX] [trace] Stars: 0 total | 0 candidates (0%) | 0 visible | prefilter: 0 never-rises, 0 below-hz, 0 mag-cull
[18:55:22.721] [PARALLAX] [trace] Stars: 0 total | 0 candidates (0%) | 0 visible | prefilter: 0 never-rises, 0 below-hz, 0 mag-cull
[18:55:22.753] [PARALLAX] [trace] Stars: 0 total | 0 candidates (0%) | 0 visible | prefilter: 0 never-rises, 0 below-hz, 0 mag-cull
[18:55:22.777] [PARALLAX] [trace] Stars: 0 total | 0 candidates (0%) | 0 visible | prefilter: 0 never-rises, 0 below-hz, 0 mag-cull
[18:55:22.800] [PARALLAX] [trace] Stars: 0 total | 0 candidates (0%) | 0 visible | prefilter: 0 never-rises, 0 below-hz, 0 mag-cull
[18:55:22.822] [PARALLAX] [trace] Stars: 0 total | 0 candidates (0%) | 0 visible | prefilter: 0 never-rises, 0 below-hz, 0 mag-cull
[18:55:22.847] [PARALLAX] [trace] Stars: 0 total | 0 candidates (0%) | 0 visible | prefilter: 0 never-rises, 0 below-hz, 0 mag-cull
[18:55:22.874] [PARALLAX] [trace] Stars: 0 total | 0 candidates (0%) | 0 visible | prefilter: 0 never-rises, 0 below-hz, 0 mag-cull
[18:55:22.904] [PARALLAX] [trace] Stars: 0 total | 0 candidates (0%) | 0 visible | prefilter: 0 never-rises, 0 below-hz, 0 mag-cull
[18:55:22.931] [PARALLAX] [trace] Stars: 0 total | 0 candidates (0%) | 0 visible | prefilter: 0 never-rises, 0 below-hz, 0 mag-cull
[18:55:22.962] [PARALLAX] [trace] Stars: 0 total | 0 candidates (0%) | 0 visible | prefilter: 0 never-rises, 0 below-hz, 0 mag-cull
[18:55:22.988] [PARALLAX] [trace] Stars: 0 total | 0 candidates (0%) | 0 visible | prefilter: 0 never-rises, 0 below-hz, 0 mag-cull
[18:55:23.012] [PARALLAX] [trace] Stars: 0 total | 0 candidates (0%) | 0 visible | prefilter: 0 never-rises, 0 below-hz, 0 mag-cull
[18:55:23.036] [PARALLAX] [trace] Stars: 0 total | 0 candidates (0%) | 0 visible | prefilter: 0 never-rises, 0 below-hz, 0 mag-cull
[18:55:23.065] [PARALLAX] [trace] Stars: 0 total | 0 candidates (0%) | 0 visible | prefilter: 0 never-rises, 0 below-hz, 0 mag-cull
[18:55:23.094] [PARALLAX] [trace] Stars: 0 total | 0 candidates (0%) | 0 visible | prefilter: 0 never-rises, 0 below-hz, 0 mag-cull
[18:55:23.123] [PARALLAX] [trace] Stars: 0 total | 0 candidates (0%) | 0 visible | prefilter: 0 never-rises, 0 below-hz, 0 mag-cull
[18:55:23.154] [PARALLAX] [trace] Stars: 0 total | 0 candidates (0%) | 0 visible | prefilter: 0 never-rises, 0 below-hz, 0 mag-cull
[18:55:23.185] [PARALLAX] [trace] Stars: 0 total | 0 candidates (0%) | 0 visible | prefilter: 0 never-rises, 0 below-hz, 0 mag-cull
[18:55:23.215] [PARALLAX] [trace] Stars: 0 total | 0 candidates (0%) | 0 visible | prefilter: 0 never-rises, 0 below-hz, 0 mag-cull
[18:55:23.238] [PARALLAX] [trace] Stars: 0 total | 0 candidates (0%) | 0 visible | prefilter: 0 never-rises, 0 below-hz, 0 mag-cull
[18:55:23.260] [PARALLAX] [trace] Stars: 0 total | 0 candidates (0%) | 0 visible | prefilter: 0 never-rises, 0 below-hz, 0 mag-cull
[18:55:23.285] [PARALLAX] [trace] Stars: 0 total | 0 candidates (0%) | 0 visible | prefilter: 0 never-rises, 0 below-hz, 0 mag-cull
[18:55:23.309] [PARALLAX] [trace] Stars: 0 total | 0 candidates (0%) | 0 visible | prefilter: 0 never-rises, 0 below-hz, 0 mag-cull
[18:55:23.335] [PARALLAX] [trace] Stars: 0 total | 0 candidates (0%) | 0 visible | prefilter: 0 never-rises, 0 below-hz, 0 mag-cull
[18:55:23.360] [PARALLAX] [trace] Stars: 0 total | 0 candidates (0%) | 0 visible | prefilter: 0 never-rises, 0 below-hz, 0 mag-cull
[18:55:23.388] [PARALLAX] [trace] Stars: 0 total | 0 candidates (0%) | 0 visible | prefilter: 0 never-rises, 0 below-hz, 0 mag-cull
[18:55:23.414] [PARALLAX] [trace] Stars: 0 total | 0 candidates (0%) | 0 visible | prefilter: 0 never-rises, 0 below-hz, 0 mag-cull
[18:55:23.440] [PARALLAX] [trace] Stars: 0 total | 0 candidates (0%) | 0 visible | prefilter: 0 never-rises, 0 below-hz, 0 mag-cull
[18:55:23.465] [PARALLAX] [trace] Stars: 0 total | 0 candidates (0%) | 0 visible | prefilter: 0 never-rises, 0 below-hz, 0 mag-cull
[18:55:23.489] [PARALLAX] [trace] Stars: 0 total | 0 candidates (0%) | 0 visible | prefilter: 0 never-rises, 0 below-hz, 0 mag-cull
[18:55:23.511] [PARALLAX] [trace] Stars: 0 total | 0 candidates (0%) | 0 visible | prefilter: 0 never-rises, 0 below-hz, 0 mag-cull
[18:55:23.534] [PARALLAX] [trace] Stars: 0 total | 0 candidates (0%) | 0 visible | prefilter: 0 never-rises, 0 below-hz, 0 mag-cull
[18:55:23.555] [PARALLAX] [trace] Stars: 0 total | 0 candidates (0%) | 0 visible | prefilter: 0 never-rises, 0 below-hz, 0 mag-cull
[18:55:23.574] [PARALLAX] [trace] Stars: 0 total | 0 candidates (0%) | 0 visible | prefilter: 0 never-rises, 0 below-hz, 0 mag-cull
[18:55:23.598] [PARALLAX] [trace] Stars: 0 total | 0 candidates (0%) | 0 visible | prefilter: 0 never-rises, 0 below-hz, 0 mag-cull
[18:55:23.624] [PARALLAX] [trace] Stars: 0 total | 0 candidates (0%) | 0 visible | prefilter: 0 never-rises, 0 below-hz, 0 mag-cull
[18:55:23.653] [PARALLAX] [trace] Stars: 0 total | 0 candidates (0%) | 0 visible | prefilter: 0 never-rises, 0 below-hz, 0 mag-cull
[18:55:23.678] [PARALLAX] [trace] Stars: 0 total | 0 candidates (0%) | 0 visible | prefilter: 0 never-rises, 0 below-hz, 0 mag-cull
[18:55:23.707] [PARALLAX] [trace] Stars: 0 total | 0 candidates (0%) | 0 visible | prefilter: 0 never-rises, 0 below-hz, 0 mag-cull
[18:55:23.737] [PARALLAX] [trace] Stars: 0 total | 0 candidates (0%) | 0 visible | prefilter: 0 never-rises, 0 below-hz, 0 mag-cull
[18:55:23.760] [PARALLAX] [trace] Stars: 0 total | 0 candidates (0%) | 0 visible | prefilter: 0 never-rises, 0 below-hz, 0 mag-cull
[18:55:23.782] [PARALLAX] [trace] Stars: 0 total | 0 candidates (0%) | 0 visible | prefilter: 0 never-rises, 0 below-hz, 0 mag-cull
[18:55:23.806] [PARALLAX] [trace] Stars: 0 total | 0 candidates (0%) | 0 visible | prefilter: 0 never-rises, 0 below-hz, 0 mag-cull
[18:55:23.832] [PARALLAX] [trace] Stars: 0 total | 0 candidates (0%) | 0 visible | prefilter: 0 never-rises, 0 below-hz, 0 mag-cull
[18:55:23.856] [PARALLAX] [trace] Stars: 0 total | 0 candidates (0%) | 0 visible | prefilter: 0 never-rises, 0 below-hz, 0 mag-cull
[18:55:23.881] [PARALLAX] [trace] Stars: 0 total | 0 candidates (0%) | 0 visible | prefilter: 0 never-rises, 0 below-hz, 0 mag-cull
[18:55:23.907] [PARALLAX] [trace] Stars: 0 total | 0 candidates (0%) | 0 visible | prefilter: 0 never-rises, 0 below-hz, 0 mag-cull
[18:55:23.932] [PARALLAX] [trace] Stars: 0 total | 0 candidates (0%) | 0 visible | prefilter: 0 never-rises, 0 below-hz, 0 mag-cull
[18:55:23.958] [PARALLAX] [trace] Stars: 0 total | 0 candidates (0%) | 0 visible | prefilter: 0 never-rises, 0 below-hz, 0 mag-cull
[18:55:23.984] [PARALLAX] [trace] Stars: 0 total | 0 candidates (0%) | 0 visible | prefilter: 0 never-rises, 0 below-hz, 0 mag-cull
[18:55:24.008] [PARALLAX] [trace] Stars: 0 total | 0 candidates (0%) | 0 visible | prefilter: 0 never-rises, 0 below-hz, 0 mag-cull
[18:55:24.034] [PARALLAX] [trace] Stars: 0 total | 0 candidates (0%) | 0 visible | prefilter: 0 never-rises, 0 below-hz, 0 mag-cull
[18:55:24.054] [PARALLAX] [trace] Stars: 0 total | 0 candidates (0%) | 0 visible | prefilter: 0 never-rises, 0 below-hz, 0 mag-cull
[18:55:24.075] [PARALLAX] [trace] Stars: 0 total | 0 candidates (0%) | 0 visible | prefilter: 0 never-rises, 0 below-hz, 0 mag-cull
[18:55:24.097] [PARALLAX] [trace] Stars: 0 total | 0 candidates (0%) | 0 visible | prefilter: 0 never-rises, 0 below-hz, 0 mag-cull
[18:55:24.119] [PARALLAX] [trace] Stars: 0 total | 0 candidates (0%) | 0 visible | prefilter: 0 never-rises, 0 below-hz, 0 mag-cull
[18:55:24.141] [PARALLAX] [trace] Stars: 0 total | 0 candidates (0%) | 0 visible | prefilter: 0 never-rises, 0 below-hz, 0 mag-cull
[18:55:24.167] [PARALLAX] [trace] Stars: 0 total | 0 candidates (0%) | 0 visible | prefilter: 0 never-rises, 0 below-hz, 0 mag-cull
[18:55:24.194] [PARALLAX] [trace] Stars: 0 total | 0 candidates (0%) | 0 visible | prefilter: 0 never-rises, 0 below-hz, 0 mag-cull
[18:55:24.219] [PARALLAX] [trace] Stars: 0 total | 0 candidates (0%) | 0 visible | prefilter: 0 never-rises, 0 below-hz, 0 mag-cull
[18:55:24.244] [PARALLAX] [trace] Stars: 0 total | 0 candidates (0%) | 0 visible | prefilter: 0 never-rises, 0 below-hz, 0 mag-cull
[18:55:24.272] [PARALLAX] [trace] Stars: 0 total | 0 candidates (0%) | 0 visible | prefilter: 0 never-rises, 0 below-hz, 0 mag-cull
[18:55:24.299] [PARALLAX] [trace] Stars: 0 total | 0 candidates (0%) | 0 visible | prefilter: 0 never-rises, 0 below-hz, 0 mag-cull
[18:55:24.325] [PARALLAX] [trace] Stars: 0 total | 0 candidates (0%) | 0 visible | prefilter: 0 never-rises, 0 below-hz, 0 mag-cull
[18:55:24.351] [PARALLAX] [trace] Stars: 0 total | 0 candidates (0%) | 0 visible | prefilter: 0 never-rises, 0 below-hz, 0 mag-cull
[18:55:24.371] [PARALLAX] [trace] Stars: 0 total | 0 candidates (0%) | 0 visible | prefilter: 0 never-rises, 0 below-hz, 0 mag-cull
[18:55:24.393] [PARALLAX] [trace] Stars: 0 total | 0 candidates (0%) | 0 visible | prefilter: 0 never-rises, 0 below-hz, 0 mag-cull
[18:55:24.420] [PARALLAX] [trace] Stars: 0 total | 0 candidates (0%) | 0 visible | prefilter: 0 never-rises, 0 below-hz, 0 mag-cull
[18:55:24.446] [PARALLAX] [trace] Stars: 0 total | 0 candidates (0%) | 0 visible | prefilter: 0 never-rises, 0 below-hz, 0 mag-cull
[18:55:24.471] [PARALLAX] [trace] Stars: 0 total | 0 candidates (0%) | 0 visible | prefilter: 0 never-rises, 0 below-hz, 0 mag-cull
[18:55:24.497] [PARALLAX] [trace] Stars: 0 total | 0 candidates (0%) | 0 visible | prefilter: 0 never-rises, 0 below-hz, 0 mag-cull
[18:55:24.522] [PARALLAX] [trace] Stars: 0 total | 0 candidates (0%) | 0 visible | prefilter: 0 never-rises, 0 below-hz, 0 mag-cull
[18:55:24.547] [PARALLAX] [trace] Stars: 0 total | 0 candidates (0%) | 0 visible | prefilter: 0 never-rises, 0 below-hz, 0 mag-cull
[18:55:24.573] [PARALLAX] [trace] Stars: 0 total | 0 candidates (0%) | 0 visible | prefilter: 0 never-rises, 0 below-hz, 0 mag-cull
[18:55:24.598] [PARALLAX] [trace] Stars: 0 total | 0 candidates (0%) | 0 visible | prefilter: 0 never-rises, 0 below-hz, 0 mag-cull
[18:55:24.622] [PARALLAX] [trace] Stars: 0 total | 0 candidates (0%) | 0 visible | prefilter: 0 never-rises, 0 below-hz, 0 mag-cull
[18:55:24.644] [PARALLAX] [trace] Stars: 0 total | 0 candidates (0%) | 0 visible | prefilter: 0 never-rises, 0 below-hz, 0 mag-cull
[18:55:24.668] [PARALLAX] [trace] Stars: 0 total | 0 candidates (0%) | 0 visible | prefilter: 0 never-rises, 0 below-hz, 0 mag-cull
[18:55:24.689] [PARALLAX] [trace] Stars: 0 total | 0 candidates (0%) | 0 visible | prefilter: 0 never-rises, 0 below-hz, 0 mag-cull
[18:55:24.715] [PARALLAX] [trace] Stars: 0 total | 0 candidates (0%) | 0 visible | prefilter: 0 never-rises, 0 below-hz, 0 mag-cull
[18:55:24.745] [PARALLAX] [trace] Stars: 0 total | 0 candidates (0%) | 0 visible | prefilter: 0 never-rises, 0 below-hz, 0 mag-cull
[18:55:24.775] [PARALLAX] [trace] Stars: 0 total | 0 candidates (0%) | 0 visible | prefilter: 0 never-rises, 0 below-hz, 0 mag-cull
[18:55:24.806] [PARALLAX] [trace] Stars: 0 total | 0 candidates (0%) | 0 visible | prefilter: 0 never-rises, 0 below-hz, 0 mag-cull
[18:55:24.835] [PARALLAX] [trace] Stars: 0 total | 0 candidates (0%) | 0 visible | prefilter: 0 never-rises, 0 below-hz, 0 mag-cull
[18:55:24.865] [PARALLAX] [trace] Stars: 0 total | 0 candidates (0%) | 0 visible | prefilter: 0 never-rises, 0 below-hz, 0 mag-cull
[18:55:24.894] [PARALLAX] [trace] Stars: 0 total | 0 candidates (0%) | 0 visible | prefilter: 0 never-rises, 0 below-hz, 0 mag-cull
[18:55:24.918] [PARALLAX] [trace] Stars: 0 total | 0 candidates (0%) | 0 visible | prefilter: 0 never-rises, 0 below-hz, 0 mag-cull
[18:55:24.940] [PARALLAX] [trace] Stars: 0 total | 0 candidates (0%) | 0 visible | prefilter: 0 never-rises, 0 below-hz, 0 mag-cull
[18:55:24.963] [PARALLAX] [trace] Stars: 0 total | 0 candidates (0%) | 0 visible | prefilter: 0 never-rises, 0 below-hz, 0 mag-cull
[18:55:24.988] [PARALLAX] [trace] Stars: 0 total | 0 candidates (0%) | 0 visible | prefilter: 0 never-rises, 0 below-hz, 0 mag-cull
[18:55:25.013] [PARALLAX] [trace] Stars: 0 total | 0 candidates (0%) | 0 visible | prefilter: 0 never-rises, 0 below-hz, 0 mag-cull
[18:55:25.039] [PARALLAX] [trace] Stars: 0 total | 0 candidates (0%) | 0 visible | prefilter: 0 never-rises, 0 below-hz, 0 mag-cull
[18:55:25.064] [PARALLAX] [trace] Stars: 0 total | 0 candidates (0%) | 0 visible | prefilter: 0 never-rises, 0 below-hz, 0 mag-cull
[18:55:25.090] [PARALLAX] [trace] Stars: 0 total | 0 candidates (0%) | 0 visible | prefilter: 0 never-rises, 0 below-hz, 0 mag-cull
[18:55:25.115] [PARALLAX] [trace] Stars: 0 total | 0 candidates (0%) | 0 visible | prefilter: 0 never-rises, 0 below-hz, 0 mag-cull
[18:55:25.141] [PARALLAX] [trace] Stars: 0 total | 0 candidates (0%) | 0 visible | prefilter: 0 never-rises, 0 below-hz, 0 mag-cull
[18:55:25.167] [PARALLAX] [trace] Stars: 0 total | 0 candidates (0%) | 0 visible | prefilter: 0 never-rises, 0 below-hz, 0 mag-cull
[18:55:25.191] [PARALLAX] [trace] Stars: 0 total | 0 candidates (0%) | 0 visible | prefilter: 0 never-rises, 0 below-hz, 0 mag-cull
[18:55:25.217] [PARALLAX] [trace] Stars: 0 total | 0 candidates (0%) | 0 visible | prefilter: 0 never-rises, 0 below-hz, 0 mag-cull
[18:55:25.242] [PARALLAX] [trace] Stars: 0 total | 0 candidates (0%) | 0 visible | prefilter: 0 never-rises, 0 below-hz, 0 mag-cull
[18:55:25.267] [PARALLAX] [trace] Stars: 0 total | 0 candidates (0%) | 0 visible | prefilter: 0 never-rises, 0 below-hz, 0 mag-cull
[18:55:25.289] [PARALLAX] [trace] Stars: 0 total | 0 candidates (0%) | 0 visible | prefilter: 0 never-rises, 0 below-hz, 0 mag-cull
[18:55:25.310] [PARALLAX] [trace] Stars: 0 total | 0 candidates (0%) | 0 visible | prefilter: 0 never-rises, 0 below-hz, 0 mag-cull
[18:55:25.334] [PARALLAX] [trace] Stars: 0 total | 0 candidates (0%) | 0 visible | prefilter: 0 never-rises, 0 below-hz, 0 mag-cull
[18:55:25.359] [PARALLAX] [trace] Stars: 0 total | 0 candidates (0%) | 0 visible | prefilter: 0 never-rises, 0 below-hz, 0 mag-cull
[18:55:25.388] [PARALLAX] [trace] Stars: 0 total | 0 candidates (0%) | 0 visible | prefilter: 0 never-rises, 0 below-hz, 0 mag-cull
[18:55:25.419] [PARALLAX] [trace] Stars: 0 total | 0 candidates (0%) | 0 visible | prefilter: 0 never-rises, 0 below-hz, 0 mag-cull
[18:55:25.450] [PARALLAX] [trace] Stars: 0 total | 0 candidates (0%) | 0 visible | prefilter: 0 never-rises, 0 below-hz, 0 mag-cull
[18:55:25.480] [PARALLAX] [trace] Stars: 0 total | 0 candidates (0%) | 0 visible | prefilter: 0 never-rises, 0 below-hz, 0 mag-cull
[18:55:25.510] [PARALLAX] [trace] Stars: 0 total | 0 candidates (0%) | 0 visible | prefilter: 0 never-rises, 0 below-hz, 0 mag-cull
[18:55:25.539] [PARALLAX] [trace] Stars: 0 total | 0 candidates (0%) | 0 visible | prefilter: 0 never-rises, 0 below-hz, 0 mag-cull
[18:55:25.564] [PARALLAX] [trace] Stars: 0 total | 0 candidates (0%) | 0 visible | prefilter: 0 never-rises, 0 below-hz, 0 mag-cull
[18:55:25.589] [PARALLAX] [trace] Stars: 0 total | 0 candidates (0%) | 0 visible | prefilter: 0 never-rises, 0 below-hz, 0 mag-cull
[18:55:25.615] [PARALLAX] [trace] Stars: 0 total | 0 candidates (0%) | 0 visible | prefilter: 0 never-rises, 0 below-hz, 0 mag-cull
[18:55:25.642] [PARALLAX] [trace] Stars: 0 total | 0 candidates (0%) | 0 visible | prefilter: 0 never-rises, 0 below-hz, 0 mag-cull
[18:55:25.674] [PARALLAX] [trace] Stars: 0 total | 0 candidates (0%) | 0 visible | prefilter: 0 never-rises, 0 below-hz, 0 mag-cull
[18:55:25.737] [PARALLAX] [trace] Stars: 0 total | 0 candidates (0%) | 0 visible | prefilter: 0 never-rises, 0 below-hz, 0 mag-cull
[18:55:25.775] [PARALLAX] [trace] Stars: 0 total | 0 candidates (0%) | 0 visible | prefilter: 0 never-rises, 0 below-hz, 0 mag-cull
[18:55:25.801] [PARALLAX] [trace] Stars: 0 total | 0 candidates (0%) | 0 visible | prefilter: 0 never-rises, 0 below-hz, 0 mag-cull
[18:55:25.823] [PARALLAX] [trace] Stars: 0 total | 0 candidates (0%) | 0 visible | prefilter: 0 never-rises, 0 below-hz, 0 mag-cull
[18:55:25.844] [PARALLAX] [trace] Stars: 0 total | 0 candidates (0%) | 0 visible | prefilter: 0 never-rises, 0 below-hz, 0 mag-cull
[18:55:25.867] [PARALLAX] [trace] Stars: 0 total | 0 candidates (0%) | 0 visible | prefilter: 0 never-rises, 0 below-hz, 0 mag-cull
[18:55:25.889] [PARALLAX] [trace] Stars: 0 total | 0 candidates (0%) | 0 visible | prefilter: 0 never-rises, 0 below-hz, 0 mag-cull
[18:55:25.911] [PARALLAX] [trace] Stars: 0 total | 0 candidates (0%) | 0 visible | prefilter: 0 never-rises, 0 below-hz, 0 mag-cull
[18:55:25.934] [PARALLAX] [trace] Stars: 0 total | 0 candidates (0%) | 0 visible | prefilter: 0 never-rises, 0 below-hz, 0 mag-cull
[18:55:25.957] [PARALLAX] [trace] Stars: 0 total | 0 candidates (0%) | 0 visible | prefilter: 0 never-rises, 0 below-hz, 0 mag-cull
[18:55:25.981] [PARALLAX] [trace] Stars: 0 total | 0 candidates (0%) | 0 visible | prefilter: 0 never-rises, 0 below-hz, 0 mag-cull
[18:55:26.003] [PARALLAX] [trace] Stars: 0 total | 0 candidates (0%) | 0 visible | prefilter: 0 never-rises, 0 below-hz, 0 mag-cull
[18:55:26.023] [PARALLAX] [trace] Stars: 0 total | 0 candidates (0%) | 0 visible | prefilter: 0 never-rises, 0 below-hz, 0 mag-cull
[18:55:26.044] [PARALLAX] [trace] Stars: 0 total | 0 candidates (0%) | 0 visible | prefilter: 0 never-rises, 0 below-hz, 0 mag-cull
[18:55:26.065] [PARALLAX] [trace] Stars: 0 total | 0 candidates (0%) | 0 visible | prefilter: 0 never-rises, 0 below-hz, 0 mag-cull
[18:55:26.085] [PARALLAX] [trace] Stars: 0 total | 0 candidates (0%) | 0 visible | prefilter: 0 never-rises, 0 below-hz, 0 mag-cull
[18:55:26.105] [PARALLAX] [trace] Stars: 0 total | 0 candidates (0%) | 0 visible | prefilter: 0 never-rises, 0 below-hz, 0 mag-cull
[18:55:26.124] [PARALLAX] [trace] Stars: 0 total | 0 candidates (0%) | 0 visible | prefilter: 0 never-rises, 0 below-hz, 0 mag-cull
[18:55:26.143] [PARALLAX] [trace] Stars: 0 total | 0 candidates (0%) | 0 visible | prefilter: 0 never-rises, 0 below-hz, 0 mag-cull
[18:55:26.164] [PARALLAX] [trace] Stars: 0 total | 0 candidates (0%) | 0 visible | prefilter: 0 never-rises, 0 below-hz, 0 mag-cull
[18:55:26.189] [PARALLAX] [trace] Stars: 0 total | 0 candidates (0%) | 0 visible | prefilter: 0 never-rises, 0 below-hz, 0 mag-cull
[18:55:26.215] [PARALLAX] [trace] Stars: 0 total | 0 candidates (0%) | 0 visible | prefilter: 0 never-rises, 0 below-hz, 0 mag-cull
[18:55:26.243] [PARALLAX] [trace] Stars: 0 total | 0 candidates (0%) | 0 visible | prefilter: 0 never-rises, 0 below-hz, 0 mag-cull
[18:55:26.269] [PARALLAX] [trace] Stars: 0 total | 0 candidates (0%) | 0 visible | prefilter: 0 never-rises, 0 below-hz, 0 mag-cull
[18:55:26.298] [PARALLAX] [trace] Stars: 0 total | 0 candidates (0%) | 0 visible | prefilter: 0 never-rises, 0 below-hz, 0 mag-cull
[18:55:26.324] [PARALLAX] [trace] Stars: 0 total | 0 candidates (0%) | 0 visible | prefilter: 0 never-rises, 0 below-hz, 0 mag-cull
[18:55:26.354] [PARALLAX] [trace] Stars: 0 total | 0 candidates (0%) | 0 visible | prefilter: 0 never-rises, 0 below-hz, 0 mag-cull
[18:55:26.380] [PARALLAX] [trace] Stars: 0 total | 0 candidates (0%) | 0 visible | prefilter: 0 never-rises, 0 below-hz, 0 mag-cull
[18:55:26.403] [PARALLAX] [trace] Stars: 0 total | 0 candidates (0%) | 0 visible | prefilter: 0 never-rises, 0 below-hz, 0 mag-cull
[18:55:26.425] [PARALLAX] [trace] Stars: 0 total | 0 candidates (0%) | 0 visible | prefilter: 0 never-rises, 0 below-hz, 0 mag-cull
[18:55:26.449] [PARALLAX] [trace] Stars: 0 total | 0 candidates (0%) | 0 visible | prefilter: 0 never-rises, 0 below-hz, 0 mag-cull
[18:55:26.472] [PARALLAX] [trace] Stars: 0 total | 0 candidates (0%) | 0 visible | prefilter: 0 never-rises, 0 below-hz, 0 mag-cull
[18:55:26.496] [PARALLAX] [trace] Stars: 0 total | 0 candidates (0%) | 0 visible | prefilter: 0 never-rises, 0 below-hz, 0 mag-cull
[18:55:26.519] [PARALLAX] [trace] Stars: 0 total | 0 candidates (0%) | 0 visible | prefilter: 0 never-rises, 0 below-hz, 0 mag-cull
[18:55:26.542] [PARALLAX] [trace] Stars: 0 total | 0 candidates (0%) | 0 visible | prefilter: 0 never-rises, 0 below-hz, 0 mag-cull
[18:55:26.568] [PARALLAX] [trace] Stars: 0 total | 0 candidates (0%) | 0 visible | prefilter: 0 never-rises, 0 below-hz, 0 mag-cull
[18:55:26.592] [PARALLAX] [trace] Stars: 0 total | 0 candidates (0%) | 0 visible | prefilter: 0 never-rises, 0 below-hz, 0 mag-cull
[18:55:26.617] [PARALLAX] [trace] Stars: 0 total | 0 candidates (0%) | 0 visible | prefilter: 0 never-rises, 0 below-hz, 0 mag-cull
[18:55:26.641] [PARALLAX] [trace] Stars: 0 total | 0 candidates (0%) | 0 visible | prefilter: 0 never-rises, 0 below-hz, 0 mag-cull
[18:55:26.672] [PARALLAX] [trace] Stars: 0 total | 0 candidates (0%) | 0 visible | prefilter: 0 never-rises, 0 below-hz, 0 mag-cull
[18:55:26.701] [PARALLAX] [trace] Stars: 0 total | 0 candidates (0%) | 0 visible | prefilter: 0 never-rises, 0 below-hz, 0 mag-cull
[18:55:26.728] [PARALLAX] [trace] Stars: 0 total | 0 candidates (0%) | 0 visible | prefilter: 0 never-rises, 0 below-hz, 0 mag-cull
[18:55:26.753] [PARALLAX] [trace] Stars: 0 total | 0 candidates (0%) | 0 visible | prefilter: 0 never-rises, 0 below-hz, 0 mag-cull
[18:55:26.776] [PARALLAX] [trace] Stars: 0 total | 0 candidates (0%) | 0 visible | prefilter: 0 never-rises, 0 below-hz, 0 mag-cull
[18:55:26.799] [PARALLAX] [trace] Stars: 0 total | 0 candidates (0%) | 0 visible | prefilter: 0 never-rises, 0 below-hz, 0 mag-cull
[18:55:26.820] [PARALLAX] [trace] Stars: 0 total | 0 candidates (0%) | 0 visible | prefilter: 0 never-rises, 0 below-hz, 0 mag-cull
[18:55:26.842] [PARALLAX] [trace] Stars: 0 total | 0 candidates (0%) | 0 visible | prefilter: 0 never-rises, 0 below-hz, 0 mag-cull
[18:55:26.867] [PARALLAX] [trace] Stars: 0 total | 0 candidates (0%) | 0 visible | prefilter: 0 never-rises, 0 below-hz, 0 mag-cull
[18:55:26.892] [PARALLAX] [trace] Stars: 0 total | 0 candidates (0%) | 0 visible | prefilter: 0 never-rises, 0 below-hz, 0 mag-cull
[18:55:26.918] [PARALLAX] [trace] Stars: 0 total | 0 candidates (0%) | 0 visible | prefilter: 0 never-rises, 0 below-hz, 0 mag-cull
[18:55:26.943] [PARALLAX] [trace] Stars: 0 total | 0 candidates (0%) | 0 visible | prefilter: 0 never-rises, 0 below-hz, 0 mag-cull
[18:55:26.968] [PARALLAX] [trace] Stars: 0 total | 0 candidates (0%) | 0 visible | prefilter: 0 never-rises, 0 below-hz, 0 mag-cull
[18:55:26.994] [PARALLAX] [trace] Stars: 0 total | 0 candidates (0%) | 0 visible | prefilter: 0 never-rises, 0 below-hz, 0 mag-cull
[18:55:27.019] [PARALLAX] [trace] Stars: 0 total | 0 candidates (0%) | 0 visible | prefilter: 0 never-rises, 0 below-hz, 0 mag-cull
[18:55:27.044] [PARALLAX] [trace] Stars: 0 total | 0 candidates (0%) | 0 visible | prefilter: 0 never-rises, 0 below-hz, 0 mag-cull
[18:55:27.069] [PARALLAX] [trace] Stars: 0 total | 0 candidates (0%) | 0 visible | prefilter: 0 never-rises, 0 below-hz, 0 mag-cull
[18:55:27.093] [PARALLAX] [trace] Stars: 0 total | 0 candidates (0%) | 0 visible | prefilter: 0 never-rises, 0 below-hz, 0 mag-cull
[18:55:27.115] [PARALLAX] [trace] Stars: 0 total | 0 candidates (0%) | 0 visible | prefilter: 0 never-rises, 0 below-hz, 0 mag-cull
[18:55:27.138] [PARALLAX] [trace] Stars: 0 total | 0 candidates (0%) | 0 visible | prefilter: 0 never-rises, 0 below-hz, 0 mag-cull
[18:55:27.162] [PARALLAX] [trace] Stars: 0 total | 0 candidates (0%) | 0 visible | prefilter: 0 never-rises, 0 below-hz, 0 mag-cull
[18:55:27.191] [PARALLAX] [trace] Stars: 0 total | 0 candidates (0%) | 0 visible | prefilter: 0 never-rises, 0 below-hz, 0 mag-cull
[18:55:27.220] [PARALLAX] [trace] Stars: 0 total | 0 candidates (0%) | 0 visible | prefilter: 0 never-rises, 0 below-hz, 0 mag-cull
[18:55:27.248] [PARALLAX] [trace] Stars: 0 total | 0 candidates (0%) | 0 visible | prefilter: 0 never-rises, 0 below-hz, 0 mag-cull
[18:55:27.276] [PARALLAX] [trace] Stars: 0 total | 0 candidates (0%) | 0 visible | prefilter: 0 never-rises, 0 below-hz, 0 mag-cull
[18:55:27.304] [PARALLAX] [trace] Stars: 0 total | 0 candidates (0%) | 0 visible | prefilter: 0 never-rises, 0 below-hz, 0 mag-cull
[18:55:27.334] [PARALLAX] [trace] Stars: 0 total | 0 candidates (0%) | 0 visible | prefilter: 0 never-rises, 0 below-hz, 0 mag-cull
[18:55:27.361] [PARALLAX] [trace] Stars: 0 total | 0 candidates (0%) | 0 visible | prefilter: 0 never-rises, 0 below-hz, 0 mag-cull
[18:55:27.384] [PARALLAX] [trace] Stars: 0 total | 0 candidates (0%) | 0 visible | prefilter: 0 never-rises, 0 below-hz, 0 mag-cull
[18:55:27.409] [PARALLAX] [trace] Stars: 0 total | 0 candidates (0%) | 0 visible | prefilter: 0 never-rises, 0 below-hz, 0 mag-cull
[18:55:27.435] [PARALLAX] [trace] Stars: 0 total | 0 candidates (0%) | 0 visible | prefilter: 0 never-rises, 0 below-hz, 0 mag-cull
[18:55:27.462] [PARALLAX] [trace] Stars: 0 total | 0 candidates (0%) | 0 visible | prefilter: 0 never-rises, 0 below-hz, 0 mag-cull
[18:55:27.489] [PARALLAX] [trace] Stars: 0 total | 0 candidates (0%) | 0 visible | prefilter: 0 never-rises, 0 below-hz, 0 mag-cull
[18:55:27.514] [PARALLAX] [trace] Stars: 0 total | 0 candidates (0%) | 0 visible | prefilter: 0 never-rises, 0 below-hz, 0 mag-cull
[18:55:27.539] [PARALLAX] [trace] Stars: 0 total | 0 candidates (0%) | 0 visible | prefilter: 0 never-rises, 0 below-hz, 0 mag-cull
[18:55:27.565] [PARALLAX] [trace] Stars: 0 total | 0 candidates (0%) | 0 visible | prefilter: 0 never-rises, 0 below-hz, 0 mag-cull
[18:55:27.589] [PARALLAX] [trace] Stars: 0 total | 0 candidates (0%) | 0 visible | prefilter: 0 never-rises, 0 below-hz, 0 mag-cull
[18:55:27.615] [PARALLAX] [trace] Stars: 0 total | 0 candidates (0%) | 0 visible | prefilter: 0 never-rises, 0 below-hz, 0 mag-cull
[18:55:27.641] [PARALLAX] [trace] Stars: 0 total | 0 candidates (0%) | 0 visible | prefilter: 0 never-rises, 0 below-hz, 0 mag-cull
[18:55:27.665] [PARALLAX] [trace] Stars: 0 total | 0 candidates (0%) | 0 visible | prefilter: 0 never-rises, 0 below-hz, 0 mag-cull
[18:55:27.688] [PARALLAX] [trace] Stars: 0 total | 0 candidates (0%) | 0 visible | prefilter: 0 never-rises, 0 below-hz, 0 mag-cull
[18:55:27.714] [PARALLAX] [trace] Stars: 0 total | 0 candidates (0%) | 0 visible | prefilter: 0 never-rises, 0 below-hz, 0 mag-cull
[18:55:27.748] [PARALLAX] [trace] Stars: 0 total | 0 candidates (0%) | 0 visible | prefilter: 0 never-rises, 0 below-hz, 0 mag-cull
[18:55:27.780] [PARALLAX] [trace] Stars: 0 total | 0 candidates (0%) | 0 visible | prefilter: 0 never-rises, 0 below-hz, 0 mag-cull
[18:55:27.811] [PARALLAX] [trace] Stars: 0 total | 0 candidates (0%) | 0 visible | prefilter: 0 never-rises, 0 below-hz, 0 mag-cull
[18:55:27.840] [PARALLAX] [trace] Stars: 0 total | 0 candidates (0%) | 0 visible | prefilter: 0 never-rises, 0 below-hz, 0 mag-cull
[18:55:27.870] [PARALLAX] [trace] Stars: 0 total | 0 candidates (0%) | 0 visible | prefilter: 0 never-rises, 0 below-hz, 0 mag-cull
[18:55:27.900] [PARALLAX] [trace] Stars: 0 total | 0 candidates (0%) | 0 visible | prefilter: 0 never-rises, 0 below-hz, 0 mag-cull
[18:55:27.926] [PARALLAX] [trace] Stars: 0 total | 0 candidates (0%) | 0 visible | prefilter: 0 never-rises, 0 below-hz, 0 mag-cull
[18:55:27.947] [PARALLAX] [trace] Stars: 0 total | 0 candidates (0%) | 0 visible | prefilter: 0 never-rises, 0 below-hz, 0 mag-cull
[18:55:27.970] [PARALLAX] [trace] Stars: 0 total | 0 candidates (0%) | 0 visible | prefilter: 0 never-rises, 0 below-hz, 0 mag-cull
[18:55:27.995] [PARALLAX] [trace] Stars: 0 total | 0 candidates (0%) | 0 visible | prefilter: 0 never-rises, 0 below-hz, 0 mag-cull
[18:55:28.024] [PARALLAX] [trace] Stars: 0 total | 0 candidates (0%) | 0 visible | prefilter: 0 never-rises, 0 below-hz, 0 mag-cull
[18:55:28.051] [PARALLAX] [trace] Stars: 0 total | 0 candidates (0%) | 0 visible | prefilter: 0 never-rises, 0 below-hz, 0 mag-cull
[18:55:28.076] [PARALLAX] [trace] Stars: 0 total | 0 candidates (0%) | 0 visible | prefilter: 0 never-rises, 0 below-hz, 0 mag-cull
[18:55:28.102] [PARALLAX] [trace] Stars: 0 total | 0 candidates (0%) | 0 visible | prefilter: 0 never-rises, 0 below-hz, 0 mag-cull
[18:55:28.127] [PARALLAX] [trace] Stars: 0 total | 0 candidates (0%) | 0 visible | prefilter: 0 never-rises, 0 below-hz, 0 mag-cull
[18:55:28.153] [PARALLAX] [trace] Stars: 0 total | 0 candidates (0%) | 0 visible | prefilter: 0 never-rises, 0 below-hz, 0 mag-cull
[18:55:28.178] [PARALLAX] [trace] Stars: 0 total | 0 candidates (0%) | 0 visible | prefilter: 0 never-rises, 0 below-hz, 0 mag-cull
[18:55:28.205] [PARALLAX] [trace] Stars: 0 total | 0 candidates (0%) | 0 visible | prefilter: 0 never-rises, 0 below-hz, 0 mag-cull
[18:55:28.229] [PARALLAX] [trace] Stars: 0 total | 0 candidates (0%) | 0 visible | prefilter: 0 never-rises, 0 below-hz, 0 mag-cull
[18:55:28.253] [PARALLAX] [trace] Stars: 0 total | 0 candidates (0%) | 0 visible | prefilter: 0 never-rises, 0 below-hz, 0 mag-cull
[18:55:28.274] [PARALLAX] [trace] Stars: 0 total | 0 candidates (0%) | 0 visible | prefilter: 0 never-rises, 0 below-hz, 0 mag-cull
[18:55:28.295] [PARALLAX] [trace] Stars: 0 total | 0 candidates (0%) | 0 visible | prefilter: 0 never-rises, 0 below-hz, 0 mag-cull
[18:55:28.317] [PARALLAX] [trace] Stars: 0 total | 0 candidates (0%) | 0 visible | prefilter: 0 never-rises, 0 below-hz, 0 mag-cull
[18:55:28.339] [PARALLAX] [trace] Stars: 0 total | 0 candidates (0%) | 0 visible | prefilter: 0 never-rises, 0 below-hz, 0 mag-cull
[18:55:28.363] [PARALLAX] [trace] Stars: 0 total | 0 candidates (0%) | 0 visible | prefilter: 0 never-rises, 0 below-hz, 0 mag-cull
[18:55:28.388] [PARALLAX] [trace] Stars: 0 total | 0 candidates (0%) | 0 visible | prefilter: 0 never-rises, 0 below-hz, 0 mag-cull
[18:55:28.413] [PARALLAX] [trace] Stars: 0 total | 0 candidates (0%) | 0 visible | prefilter: 0 never-rises, 0 below-hz, 0 mag-cull
[18:55:28.438] [PARALLAX] [trace] Stars: 0 total | 0 candidates (0%) | 0 visible | prefilter: 0 never-rises, 0 below-hz, 0 mag-cull
[18:55:28.463] [PARALLAX] [trace] Stars: 0 total | 0 candidates (0%) | 0 visible | prefilter: 0 never-rises, 0 below-hz, 0 mag-cull
[18:55:28.489] [PARALLAX] [trace] Stars: 0 total | 0 candidates (0%) | 0 visible | prefilter: 0 never-rises, 0 below-hz, 0 mag-cull
[18:55:28.513] [PARALLAX] [trace] Stars: 0 total | 0 candidates (0%) | 0 visible | prefilter: 0 never-rises, 0 below-hz, 0 mag-cull
[18:55:28.536] [PARALLAX] [trace] Stars: 0 total | 0 candidates (0%) | 0 visible | prefilter: 0 never-rises, 0 below-hz, 0 mag-cull
[18:55:28.557] [PARALLAX] [trace] Stars: 0 total | 0 candidates (0%) | 0 visible | prefilter: 0 never-rises, 0 below-hz, 0 mag-cull
[18:55:28.580] [PARALLAX] [trace] Stars: 0 total | 0 candidates (0%) | 0 visible | prefilter: 0 never-rises, 0 below-hz, 0 mag-cull
[18:55:28.602] [PARALLAX] [trace] Stars: 0 total | 0 candidates (0%) | 0 visible | prefilter: 0 never-rises, 0 below-hz, 0 mag-cull
[18:55:28.624] [PARALLAX] [trace] Stars: 0 total | 0 candidates (0%) | 0 visible | prefilter: 0 never-rises, 0 below-hz, 0 mag-cull
[18:55:28.647] [PARALLAX] [trace] Stars: 0 total | 0 candidates (0%) | 0 visible | prefilter: 0 never-rises, 0 below-hz, 0 mag-cull
[18:55:28.671] [PARALLAX] [trace] Stars: 0 total | 0 candidates (0%) | 0 visible | prefilter: 0 never-rises, 0 below-hz, 0 mag-cull
[18:55:28.698] [PARALLAX] [trace] Stars: 0 total | 0 candidates (0%) | 0 visible | prefilter: 0 never-rises, 0 below-hz, 0 mag-cull
[18:55:28.725] [PARALLAX] [trace] Stars: 0 total | 0 candidates (0%) | 0 visible | prefilter: 0 never-rises, 0 below-hz, 0 mag-cull
[18:55:28.753] [PARALLAX] [trace] Stars: 0 total | 0 candidates (0%) | 0 visible | prefilter: 0 never-rises, 0 below-hz, 0 mag-cull
[18:55:28.781] [PARALLAX] [trace] Stars: 0 total | 0 candidates (0%) | 0 visible | prefilter: 0 never-rises, 0 below-hz, 0 mag-cull
[18:55:28.805] [PARALLAX] [trace] Stars: 0 total | 0 candidates (0%) | 0 visible | prefilter: 0 never-rises, 0 below-hz, 0 mag-cull
[18:55:28.832] [PARALLAX] [trace] Stars: 0 total | 0 candidates (0%) | 0 visible | prefilter: 0 never-rises, 0 below-hz, 0 mag-cull
[18:55:28.859] [PARALLAX] [trace] Stars: 0 total | 0 candidates (0%) | 0 visible | prefilter: 0 never-rises, 0 below-hz, 0 mag-cull
[18:55:28.881] [PARALLAX] [trace] Stars: 0 total | 0 candidates (0%) | 0 visible | prefilter: 0 never-rises, 0 below-hz, 0 mag-cull
[18:55:28.903] [PARALLAX] [trace] Stars: 0 total | 0 candidates (0%) | 0 visible | prefilter: 0 never-rises, 0 below-hz, 0 mag-cull
[18:55:28.929] [PARALLAX] [trace] Stars: 0 total | 0 candidates (0%) | 0 visible | prefilter: 0 never-rises, 0 below-hz, 0 mag-cull
[18:55:28.955] [PARALLAX] [trace] Stars: 0 total | 0 candidates (0%) | 0 visible | prefilter: 0 never-rises, 0 below-hz, 0 mag-cull
[18:55:28.980] [PARALLAX] [trace] Stars: 0 total | 0 candidates (0%) | 0 visible | prefilter: 0 never-rises, 0 below-hz, 0 mag-cull
[18:55:29.005] [PARALLAX] [trace] Stars: 0 total | 0 candidates (0%) | 0 visible | prefilter: 0 never-rises, 0 below-hz, 0 mag-cull
[18:55:29.031] [PARALLAX] [trace] Stars: 0 total | 0 candidates (0%) | 0 visible | prefilter: 0 never-rises, 0 below-hz, 0 mag-cull
[18:55:29.057] [PARALLAX] [trace] Stars: 0 total | 0 candidates (0%) | 0 visible | prefilter: 0 never-rises, 0 below-hz, 0 mag-cull
[18:55:29.083] [PARALLAX] [trace] Stars: 0 total | 0 candidates (0%) | 0 visible | prefilter: 0 never-rises, 0 below-hz, 0 mag-cull
[18:55:29.107] [PARALLAX] [trace] Stars: 0 total | 0 candidates (0%) | 0 visible | prefilter: 0 never-rises, 0 below-hz, 0 mag-cull
[18:55:29.130] [PARALLAX] [trace] Stars: 0 total | 0 candidates (0%) | 0 visible | prefilter: 0 never-rises, 0 below-hz, 0 mag-cull
[18:55:29.153] [PARALLAX] [trace] Stars: 0 total | 0 candidates (0%) | 0 visible | prefilter: 0 never-rises, 0 below-hz, 0 mag-cull
[18:55:29.175] [PARALLAX] [trace] Stars: 0 total | 0 candidates (0%) | 0 visible | prefilter: 0 never-rises, 0 below-hz, 0 mag-cull
[18:55:29.202] [PARALLAX] [trace] Stars: 0 total | 0 candidates (0%) | 0 visible | prefilter: 0 never-rises, 0 below-hz, 0 mag-cull
[18:55:29.233] [PARALLAX] [trace] Stars: 0 total | 0 candidates (0%) | 0 visible | prefilter: 0 never-rises, 0 below-hz, 0 mag-cull
[18:55:29.263] [PARALLAX] [trace] Stars: 0 total | 0 candidates (0%) | 0 visible | prefilter: 0 never-rises, 0 below-hz, 0 mag-cull
[18:55:29.292] [PARALLAX] [trace] Stars: 0 total | 0 candidates (0%) | 0 visible | prefilter: 0 never-rises, 0 below-hz, 0 mag-cull
[18:55:29.323] [PARALLAX] [trace] Stars: 0 total | 0 candidates (0%) | 0 visible | prefilter: 0 never-rises, 0 below-hz, 0 mag-cull
[18:55:29.353] [PARALLAX] [trace] Stars: 0 total | 0 candidates (0%) | 0 visible | prefilter: 0 never-rises, 0 below-hz, 0 mag-cull
[18:55:29.380] [PARALLAX] [trace] Stars: 0 total | 0 candidates (0%) | 0 visible | prefilter: 0 never-rises, 0 below-hz, 0 mag-cull
[18:55:29.401] [PARALLAX] [trace] Stars: 0 total | 0 candidates (0%) | 0 visible | prefilter: 0 never-rises, 0 below-hz, 0 mag-cull
[18:55:29.424] [PARALLAX] [trace] Stars: 0 total | 0 candidates (0%) | 0 visible | prefilter: 0 never-rises, 0 below-hz, 0 mag-cull
[18:55:29.448] [PARALLAX] [trace] Stars: 0 total | 0 candidates (0%) | 0 visible | prefilter: 0 never-rises, 0 below-hz, 0 mag-cull
[18:55:29.475] [PARALLAX] [trace] Stars: 0 total | 0 candidates (0%) | 0 visible | prefilter: 0 never-rises, 0 below-hz, 0 mag-cull
[18:55:29.502] [PARALLAX] [trace] Stars: 0 total | 0 candidates (0%) | 0 visible | prefilter: 0 never-rises, 0 below-hz, 0 mag-cull
[18:55:29.526] [PARALLAX] [trace] Stars: 0 total | 0 candidates (0%) | 0 visible | prefilter: 0 never-rises, 0 below-hz, 0 mag-cull
[18:55:29.552] [PARALLAX] [trace] Stars: 0 total | 0 candidates (0%) | 0 visible | prefilter: 0 never-rises, 0 below-hz, 0 mag-cull
[18:55:29.577] [PARALLAX] [trace] Stars: 0 total | 0 candidates (0%) | 0 visible | prefilter: 0 never-rises, 0 below-hz, 0 mag-cull
[18:55:29.602] [PARALLAX] [trace] Stars: 0 total | 0 candidates (0%) | 0 visible | prefilter: 0 never-rises, 0 below-hz, 0 mag-cull
[18:55:29.624] [PARALLAX] [trace] Stars: 0 total | 0 candidates (0%) | 0 visible | prefilter: 0 never-rises, 0 below-hz, 0 mag-cull
[18:55:29.646] [PARALLAX] [trace] Stars: 0 total | 0 candidates (0%) | 0 visible | prefilter: 0 never-rises, 0 below-hz, 0 mag-cull
[18:55:29.673] [PARALLAX] [trace] Stars: 0 total | 0 candidates (0%) | 0 visible | prefilter: 0 never-rises, 0 below-hz, 0 mag-cull
[18:55:29.702] [PARALLAX] [trace] Stars: 0 total | 0 candidates (0%) | 0 visible | prefilter: 0 never-rises, 0 below-hz, 0 mag-cull
[18:55:29.732] [PARALLAX] [trace] Stars: 0 total | 0 candidates (0%) | 0 visible | prefilter: 0 never-rises, 0 below-hz, 0 mag-cull
[18:55:29.761] [PARALLAX] [trace] Stars: 0 total | 0 candidates (0%) | 0 visible | prefilter: 0 never-rises, 0 below-hz, 0 mag-cull
[18:55:29.791] [PARALLAX] [trace] Stars: 0 total | 0 candidates (0%) | 0 visible | prefilter: 0 never-rises, 0 below-hz, 0 mag-cull
[18:55:29.822] [PARALLAX] [trace] Stars: 0 total | 0 candidates (0%) | 0 visible | prefilter: 0 never-rises, 0 below-hz, 0 mag-cull
[18:55:29.852] [PARALLAX] [trace] Stars: 0 total | 0 candidates (0%) | 0 visible | prefilter: 0 never-rises, 0 below-hz, 0 mag-cull
[18:55:29.878] [PARALLAX] [trace] Stars: 0 total | 0 candidates (0%) | 0 visible | prefilter: 0 never-rises, 0 below-hz, 0 mag-cull
[18:55:29.903] [PARALLAX] [trace] Stars: 0 total | 0 candidates (0%) | 0 visible | prefilter: 0 never-rises, 0 below-hz, 0 mag-cull
[18:55:29.926] [PARALLAX] [trace] Stars: 0 total | 0 candidates (0%) | 0 visible | prefilter: 0 never-rises, 0 below-hz, 0 mag-cull
[18:55:29.950] [PARALLAX] [trace] Stars: 0 total | 0 candidates (0%) | 0 visible | prefilter: 0 never-rises, 0 below-hz, 0 mag-cull
[18:55:29.973] [PARALLAX] [trace] Stars: 0 total | 0 candidates (0%) | 0 visible | prefilter: 0 never-rises, 0 below-hz, 0 mag-cull
[18:55:29.998] [PARALLAX] [trace] Stars: 0 total | 0 candidates (0%) | 0 visible | prefilter: 0 never-rises, 0 below-hz, 0 mag-cull
[18:55:30.022] [PARALLAX] [trace] Stars: 0 total | 0 candidates (0%) | 0 visible | prefilter: 0 never-rises, 0 below-hz, 0 mag-cull
[18:55:30.047] [PARALLAX] [trace] Stars: 0 total | 0 candidates (0%) | 0 visible | prefilter: 0 never-rises, 0 below-hz, 0 mag-cull
[18:55:30.071] [PARALLAX] [trace] Stars: 0 total | 0 candidates (0%) | 0 visible | prefilter: 0 never-rises, 0 below-hz, 0 mag-cull
[18:55:30.092] [PARALLAX] [trace] Stars: 0 total | 0 candidates (0%) | 0 visible | prefilter: 0 never-rises, 0 below-hz, 0 mag-cull
[18:55:30.115] [PARALLAX] [trace] Stars: 0 total | 0 candidates (0%) | 0 visible | prefilter: 0 never-rises, 0 below-hz, 0 mag-cull
[18:55:30.136] [PARALLAX] [trace] Stars: 0 total | 0 candidates (0%) | 0 visible | prefilter: 0 never-rises, 0 below-hz, 0 mag-cull
[18:55:30.156] [PARALLAX] [trace] Stars: 0 total | 0 candidates (0%) | 0 visible | prefilter: 0 never-rises, 0 below-hz, 0 mag-cull
[18:55:30.175] [PARALLAX] [trace] Stars: 0 total | 0 candidates (0%) | 0 visible | prefilter: 0 never-rises, 0 below-hz, 0 mag-cull
[18:55:30.197] [PARALLAX] [trace] Stars: 0 total | 0 candidates (0%) | 0 visible | prefilter: 0 never-rises, 0 below-hz, 0 mag-cull
[18:55:30.219] [PARALLAX] [trace] Stars: 0 total | 0 candidates (0%) | 0 visible | prefilter: 0 never-rises, 0 below-hz, 0 mag-cull
[18:55:30.242] [PARALLAX] [trace] Stars: 0 total | 0 candidates (0%) | 0 visible | prefilter: 0 never-rises, 0 below-hz, 0 mag-cull
[18:55:30.265] [PARALLAX] [trace] Stars: 0 total | 0 candidates (0%) | 0 visible | prefilter: 0 never-rises, 0 below-hz, 0 mag-cull
[18:55:30.286] [PARALLAX] [trace] Stars: 0 total | 0 candidates (0%) | 0 visible | prefilter: 0 never-rises, 0 below-hz, 0 mag-cull
[18:55:30.308] [PARALLAX] [trace] Stars: 0 total | 0 candidates (0%) | 0 visible | prefilter: 0 never-rises, 0 below-hz, 0 mag-cull
[18:55:30.333] [PARALLAX] [trace] Stars: 0 total | 0 candidates (0%) | 0 visible | prefilter: 0 never-rises, 0 below-hz, 0 mag-cull
[18:55:30.355] [PARALLAX] [trace] Stars: 0 total | 0 candidates (0%) | 0 visible | prefilter: 0 never-rises, 0 below-hz, 0 mag-cull
[18:55:30.378] [PARALLAX] [trace] Stars: 0 total | 0 candidates (0%) | 0 visible | prefilter: 0 never-rises, 0 below-hz, 0 mag-cull
[18:55:30.402] [PARALLAX] [trace] Stars: 0 total | 0 candidates (0%) | 0 visible | prefilter: 0 never-rises, 0 below-hz, 0 mag-cull
[18:55:30.426] [PARALLAX] [trace] Stars: 0 total | 0 candidates (0%) | 0 visible | prefilter: 0 never-rises, 0 below-hz, 0 mag-cull
[18:55:30.454] [PARALLAX] [trace] Stars: 0 total | 0 candidates (0%) | 0 visible | prefilter: 0 never-rises, 0 below-hz, 0 mag-cull
[18:55:30.484] [PARALLAX] [trace] Stars: 0 total | 0 candidates (0%) | 0 visible | prefilter: 0 never-rises, 0 below-hz, 0 mag-cull
[18:55:30.512] [PARALLAX] [trace] Stars: 0 total | 0 candidates (0%) | 0 visible | prefilter: 0 never-rises, 0 below-hz, 0 mag-cull
[18:55:30.541] [PARALLAX] [trace] Stars: 0 total | 0 candidates (0%) | 0 visible | prefilter: 0 never-rises, 0 below-hz, 0 mag-cull
[18:55:30.569] [PARALLAX] [trace] Stars: 0 total | 0 candidates (0%) | 0 visible | prefilter: 0 never-rises, 0 below-hz, 0 mag-cull
[18:55:30.597] [PARALLAX] [trace] Stars: 0 total | 0 candidates (0%) | 0 visible | prefilter: 0 never-rises, 0 below-hz, 0 mag-cull
[18:55:30.623] [PARALLAX] [trace] Stars: 0 total | 0 candidates (0%) | 0 visible | prefilter: 0 never-rises, 0 below-hz, 0 mag-cull
[18:55:30.649] [PARALLAX] [trace] Stars: 0 total | 0 candidates (0%) | 0 visible | prefilter: 0 never-rises, 0 below-hz, 0 mag-cull
[18:55:30.671] [PARALLAX] [trace] Stars: 0 total | 0 candidates (0%) | 0 visible | prefilter: 0 never-rises, 0 below-hz, 0 mag-cull
[18:55:30.693] [PARALLAX] [trace] Stars: 0 total | 0 candidates (0%) | 0 visible | prefilter: 0 never-rises, 0 below-hz, 0 mag-cull
[18:55:30.717] [PARALLAX] [trace] Stars: 0 total | 0 candidates (0%) | 0 visible | prefilter: 0 never-rises, 0 below-hz, 0 mag-cull
[18:55:30.742] [PARALLAX] [trace] Stars: 0 total | 0 candidates (0%) | 0 visible | prefilter: 0 never-rises, 0 below-hz, 0 mag-cull
[18:55:30.772] [PARALLAX] [trace] Stars: 0 total | 0 candidates (0%) | 0 visible | prefilter: 0 never-rises, 0 below-hz, 0 mag-cull
[18:55:30.803] [PARALLAX] [trace] Stars: 0 total | 0 candidates (0%) | 0 visible | prefilter: 0 never-rises, 0 below-hz, 0 mag-cull
[18:55:30.833] [PARALLAX] [trace] Stars: 0 total | 0 candidates (0%) | 0 visible | prefilter: 0 never-rises, 0 below-hz, 0 mag-cull
[18:55:30.862] [PARALLAX] [trace] Stars: 0 total | 0 candidates (0%) | 0 visible | prefilter: 0 never-rises, 0 below-hz, 0 mag-cull
[18:55:30.888] [PARALLAX] [trace] Stars: 0 total | 0 candidates (0%) | 0 visible | prefilter: 0 never-rises, 0 below-hz, 0 mag-cull
[18:55:30.917] [PARALLAX] [trace] Stars: 0 total | 0 candidates (0%) | 0 visible | prefilter: 0 never-rises, 0 below-hz, 0 mag-cull
[18:55:30.941] [PARALLAX] [trace] Stars: 0 total | 0 candidates (0%) | 0 visible | prefilter: 0 never-rises, 0 below-hz, 0 mag-cull
[18:55:30.965] [PARALLAX] [trace] Stars: 0 total | 0 candidates (0%) | 0 visible | prefilter: 0 never-rises, 0 below-hz, 0 mag-cull
[18:55:30.987] [PARALLAX] [trace] Stars: 0 total | 0 candidates (0%) | 0 visible | prefilter: 0 never-rises, 0 below-hz, 0 mag-cull
[18:55:31.014] [PARALLAX] [trace] Stars: 0 total | 0 candidates (0%) | 0 visible | prefilter: 0 never-rises, 0 below-hz, 0 mag-cull
[18:55:31.049] [PARALLAX] [trace] Stars: 0 total | 0 candidates (0%) | 0 visible | prefilter: 0 never-rises, 0 below-hz, 0 mag-cull
[18:55:31.088] [PARALLAX] [trace] Stars: 0 total | 0 candidates (0%) | 0 visible | prefilter: 0 never-rises, 0 below-hz, 0 mag-cull
[18:55:31.122] [PARALLAX] [trace] Stars: 0 total | 0 candidates (0%) | 0 visible | prefilter: 0 never-rises, 0 below-hz, 0 mag-cull
[18:55:31.163] [PARALLAX] [trace] Stars: 0 total | 0 candidates (0%) | 0 visible | prefilter: 0 never-rises, 0 below-hz, 0 mag-cull
[18:55:31.195] [PARALLAX] [trace] Stars: 0 total | 0 candidates (0%) | 0 visible | prefilter: 0 never-rises, 0 below-hz, 0 mag-cull
[18:55:31.220] [PARALLAX] [trace] Stars: 0 total | 0 candidates (0%) | 0 visible | prefilter: 0 never-rises, 0 below-hz, 0 mag-cull
[18:55:31.244] [PARALLAX] [trace] Stars: 0 total | 0 candidates (0%) | 0 visible | prefilter: 0 never-rises, 0 below-hz, 0 mag-cull
[18:55:31.267] [PARALLAX] [trace] Stars: 0 total | 0 candidates (0%) | 0 visible | prefilter: 0 never-rises, 0 below-hz, 0 mag-cull
[18:55:31.294] [PARALLAX] [trace] Stars: 0 total | 0 candidates (0%) | 0 visible | prefilter: 0 never-rises, 0 below-hz, 0 mag-cull
[18:55:31.323] [PARALLAX] [trace] Stars: 0 total | 0 candidates (0%) | 0 visible | prefilter: 0 never-rises, 0 below-hz, 0 mag-cull
[18:55:31.352] [PARALLAX] [trace] Stars: 0 total | 0 candidates (0%) | 0 visible | prefilter: 0 never-rises, 0 below-hz, 0 mag-cull
[18:55:31.380] [PARALLAX] [trace] Stars: 0 total | 0 candidates (0%) | 0 visible | prefilter: 0 never-rises, 0 below-hz, 0 mag-cull
[18:55:31.408] [PARALLAX] [trace] Stars: 0 total | 0 candidates (0%) | 0 visible | prefilter: 0 never-rises, 0 below-hz, 0 mag-cull
[18:55:31.437] [PARALLAX] [trace] Stars: 0 total | 0 candidates (0%) | 0 visible | prefilter: 0 never-rises, 0 below-hz, 0 mag-cull
[18:55:31.468] [PARALLAX] [trace] Stars: 0 total | 0 candidates (0%) | 0 visible | prefilter: 0 never-rises, 0 below-hz, 0 mag-cull
[18:55:31.492] [PARALLAX] [trace] Stars: 0 total | 0 candidates (0%) | 0 visible | prefilter: 0 never-rises, 0 below-hz, 0 mag-cull
[18:55:31.519] [PARALLAX] [trace] Stars: 0 total | 0 candidates (0%) | 0 visible | prefilter: 0 never-rises, 0 below-hz, 0 mag-cull
[18:55:31.544] [PARALLAX] [trace] Stars: 0 total | 0 candidates (0%) | 0 visible | prefilter: 0 never-rises, 0 below-hz, 0 mag-cull
[18:55:31.573] [PARALLAX] [trace] Stars: 0 total | 0 candidates (0%) | 0 visible | prefilter: 0 never-rises, 0 below-hz, 0 mag-cull
[18:55:31.606] [PARALLAX] [trace] Stars: 0 total | 0 candidates (0%) | 0 visible | prefilter: 0 never-rises, 0 below-hz, 0 mag-cull
[18:55:31.640] [PARALLAX] [trace] Stars: 0 total | 0 candidates (0%) | 0 visible | prefilter: 0 never-rises, 0 below-hz, 0 mag-cull
[18:55:31.675] [PARALLAX] [trace] Stars: 0 total | 0 candidates (0%) | 0 visible | prefilter: 0 never-rises, 0 below-hz, 0 mag-cull
[18:55:31.709] [PARALLAX] [trace] Stars: 0 total | 0 candidates (0%) | 0 visible | prefilter: 0 never-rises, 0 below-hz, 0 mag-cull
[18:55:31.743] [PARALLAX] [trace] Stars: 0 total | 0 candidates (0%) | 0 visible | prefilter: 0 never-rises, 0 below-hz, 0 mag-cull
[18:55:31.771] [PARALLAX] [trace] Stars: 0 total | 0 candidates (0%) | 0 visible | prefilter: 0 never-rises, 0 below-hz, 0 mag-cull
[18:55:31.794] [PARALLAX] [trace] Stars: 0 total | 0 candidates (0%) | 0 visible | prefilter: 0 never-rises, 0 below-hz, 0 mag-cull
[18:55:31.816] [PARALLAX] [trace] Stars: 0 total | 0 candidates (0%) | 0 visible | prefilter: 0 never-rises, 0 below-hz, 0 mag-cull
[18:55:31.842] [PARALLAX] [trace] Stars: 0 total | 0 candidates (0%) | 0 visible | prefilter: 0 never-rises, 0 below-hz, 0 mag-cull
[18:55:31.869] [PARALLAX] [trace] Stars: 0 total | 0 candidates (0%) | 0 visible | prefilter: 0 never-rises, 0 below-hz, 0 mag-cull
[18:55:31.897] [PARALLAX] [trace] Stars: 0 total | 0 candidates (0%) | 0 visible | prefilter: 0 never-rises, 0 below-hz, 0 mag-cull
[18:55:31.924] [PARALLAX] [trace] Stars: 0 total | 0 candidates (0%) | 0 visible | prefilter: 0 never-rises, 0 below-hz, 0 mag-cull
[18:55:31.952] [PARALLAX] [trace] Stars: 0 total | 0 candidates (0%) | 0 visible | prefilter: 0 never-rises, 0 below-hz, 0 mag-cull
[18:55:31.979] [PARALLAX] [trace] Stars: 0 total | 0 candidates (0%) | 0 visible | prefilter: 0 never-rises, 0 below-hz, 0 mag-cull
[18:55:32.008] [PARALLAX] [trace] Stars: 0 total | 0 candidates (0%) | 0 visible | prefilter: 0 never-rises, 0 below-hz, 0 mag-cull
[18:55:32.035] [PARALLAX] [trace] Stars: 0 total | 0 candidates (0%) | 0 visible | prefilter: 0 never-rises, 0 below-hz, 0 mag-cull
[18:55:32.063] [PARALLAX] [trace] Stars: 0 total | 0 candidates (0%) | 0 visible | prefilter: 0 never-rises, 0 below-hz, 0 mag-cull
[18:55:32.089] [PARALLAX] [trace] Stars: 0 total | 0 candidates (0%) | 0 visible | prefilter: 0 never-rises, 0 below-hz, 0 mag-cull
[18:55:32.113] [PARALLAX] [trace] Stars: 0 total | 0 candidates (0%) | 0 visible | prefilter: 0 never-rises, 0 below-hz, 0 mag-cull
[18:55:32.136] [PARALLAX] [trace] Stars: 0 total | 0 candidates (0%) | 0 visible | prefilter: 0 never-rises, 0 below-hz, 0 mag-cull
[18:55:32.159] [PARALLAX] [trace] Stars: 0 total | 0 candidates (0%) | 0 visible | prefilter: 0 never-rises, 0 below-hz, 0 mag-cull
[18:55:32.181] [PARALLAX] [trace] Stars: 0 total | 0 candidates (0%) | 0 visible | prefilter: 0 never-rises, 0 below-hz, 0 mag-cull
[18:55:32.202] [PARALLAX] [trace] Stars: 0 total | 0 candidates (0%) | 0 visible | prefilter: 0 never-rises, 0 below-hz, 0 mag-cull
[18:55:32.225] [PARALLAX] [trace] Stars: 0 total | 0 candidates (0%) | 0 visible | prefilter: 0 never-rises, 0 below-hz, 0 mag-cull
[18:55:32.253] [PARALLAX] [trace] Stars: 0 total | 0 candidates (0%) | 0 visible | prefilter: 0 never-rises, 0 below-hz, 0 mag-cull
[18:55:32.278] [PARALLAX] [trace] Stars: 0 total | 0 candidates (0%) | 0 visible | prefilter: 0 never-rises, 0 below-hz, 0 mag-cull
[18:55:32.304] [PARALLAX] [trace] Stars: 0 total | 0 candidates (0%) | 0 visible | prefilter: 0 never-rises, 0 below-hz, 0 mag-cull
[18:55:32.330] [PARALLAX] [trace] Stars: 0 total | 0 candidates (0%) | 0 visible | prefilter: 0 never-rises, 0 below-hz, 0 mag-cull
[18:55:32.356] [PARALLAX] [trace] Stars: 0 total | 0 candidates (0%) | 0 visible | prefilter: 0 never-rises, 0 below-hz, 0 mag-cull
[18:55:32.384] [PARALLAX] [trace] Stars: 0 total | 0 candidates (0%) | 0 visible | prefilter: 0 never-rises, 0 below-hz, 0 mag-cull
[18:55:32.411] [PARALLAX] [trace] Stars: 0 total | 0 candidates (0%) | 0 visible | prefilter: 0 never-rises, 0 below-hz, 0 mag-cull
[18:55:32.440] [PARALLAX] [trace] Stars: 0 total | 0 candidates (0%) | 0 visible | prefilter: 0 never-rises, 0 below-hz, 0 mag-cull
[18:55:32.471] [PARALLAX] [trace] Stars: 0 total | 0 candidates (0%) | 0 visible | prefilter: 0 never-rises, 0 below-hz, 0 mag-cull
[18:55:32.499] [PARALLAX] [trace] Stars: 0 total | 0 candidates (0%) | 0 visible | prefilter: 0 never-rises, 0 below-hz, 0 mag-cull
[18:55:32.526] [PARALLAX] [trace] Stars: 0 total | 0 candidates (0%) | 0 visible | prefilter: 0 never-rises, 0 below-hz, 0 mag-cull
[18:55:32.554] [PARALLAX] [trace] Stars: 0 total | 0 candidates (0%) | 0 visible | prefilter: 0 never-rises, 0 below-hz, 0 mag-cull
[18:55:32.582] [PARALLAX] [trace] Stars: 0 total | 0 candidates (0%) | 0 visible | prefilter: 0 never-rises, 0 below-hz, 0 mag-cull
[18:55:32.606] [PARALLAX] [trace] Stars: 0 total | 0 candidates (0%) | 0 visible | prefilter: 0 never-rises, 0 below-hz, 0 mag-cull
[18:55:32.630] [PARALLAX] [trace] Stars: 0 total | 0 candidates (0%) | 0 visible | prefilter: 0 never-rises, 0 below-hz, 0 mag-cull
[18:55:32.656] [PARALLAX] [trace] Stars: 0 total | 0 candidates (0%) | 0 visible | prefilter: 0 never-rises, 0 below-hz, 0 mag-cull
[18:55:32.676] [PARALLAX] [trace] Stars: 0 total | 0 candidates (0%) | 0 visible | prefilter: 0 never-rises, 0 below-hz, 0 mag-cull
[18:55:32.698] [PARALLAX] [trace] Stars: 0 total | 0 candidates (0%) | 0 visible | prefilter: 0 never-rises, 0 below-hz, 0 mag-cull
[18:55:32.722] [PARALLAX] [trace] Stars: 0 total | 0 candidates (0%) | 0 visible | prefilter: 0 never-rises, 0 below-hz, 0 mag-cull
[18:55:32.744] [PARALLAX] [trace] Stars: 0 total | 0 candidates (0%) | 0 visible | prefilter: 0 never-rises, 0 below-hz, 0 mag-cull
[18:55:32.768] [PARALLAX] [trace] Stars: 0 total | 0 candidates (0%) | 0 visible | prefilter: 0 never-rises, 0 below-hz, 0 mag-cull
[18:55:32.790] [PARALLAX] [trace] Stars: 0 total | 0 candidates (0%) | 0 visible | prefilter: 0 never-rises, 0 below-hz, 0 mag-cull
[18:55:32.813] [PARALLAX] [trace] Stars: 0 total | 0 candidates (0%) | 0 visible | prefilter: 0 never-rises, 0 below-hz, 0 mag-cull
[18:55:32.836] [PARALLAX] [trace] Stars: 0 total | 0 candidates (0%) | 0 visible | prefilter: 0 never-rises, 0 below-hz, 0 mag-cull
[18:55:32.858] [PARALLAX] [trace] Stars: 0 total | 0 candidates (0%) | 0 visible | prefilter: 0 never-rises, 0 below-hz, 0 mag-cull
[18:55:32.884] [PARALLAX] [trace] Stars: 0 total | 0 candidates (0%) | 0 visible | prefilter: 0 never-rises, 0 below-hz, 0 mag-cull
[18:55:32.909] [PARALLAX] [trace] Stars: 0 total | 0 candidates (0%) | 0 visible | prefilter: 0 never-rises, 0 below-hz, 0 mag-cull
[18:55:32.935] [PARALLAX] [trace] Stars: 0 total | 0 candidates (0%) | 0 visible | prefilter: 0 never-rises, 0 below-hz, 0 mag-cull
[18:55:32.959] [PARALLAX] [trace] Stars: 0 total | 0 candidates (0%) | 0 visible | prefilter: 0 never-rises, 0 below-hz, 0 mag-cull
[18:55:32.985] [PARALLAX] [trace] Stars: 0 total | 0 candidates (0%) | 0 visible | prefilter: 0 never-rises, 0 below-hz, 0 mag-cull
[18:55:33.008] [PARALLAX] [trace] Stars: 0 total | 0 candidates (0%) | 0 visible | prefilter: 0 never-rises, 0 below-hz, 0 mag-cull
[18:55:33.031] [PARALLAX] [trace] Stars: 0 total | 0 candidates (0%) | 0 visible | prefilter: 0 never-rises, 0 below-hz, 0 mag-cull
[18:55:33.052] [PARALLAX] [trace] Stars: 0 total | 0 candidates (0%) | 0 visible | prefilter: 0 never-rises, 0 below-hz, 0 mag-cull
[18:55:33.072] [PARALLAX] [trace] Stars: 0 total | 0 candidates (0%) | 0 visible | prefilter: 0 never-rises, 0 below-hz, 0 mag-cull
[18:55:33.092] [PARALLAX] [trace] Stars: 0 total | 0 candidates (0%) | 0 visible | prefilter: 0 never-rises, 0 below-hz, 0 mag-cull
[18:55:33.111] [PARALLAX] [trace] Stars: 0 total | 0 candidates (0%) | 0 visible | prefilter: 0 never-rises, 0 below-hz, 0 mag-cull
[18:55:33.130] [PARALLAX] [trace] Stars: 0 total | 0 candidates (0%) | 0 visible | prefilter: 0 never-rises, 0 below-hz, 0 mag-cull
[18:55:33.153] [PARALLAX] [trace] Stars: 0 total | 0 candidates (0%) | 0 visible | prefilter: 0 never-rises, 0 below-hz, 0 mag-cull
[18:55:33.175] [PARALLAX] [trace] Stars: 0 total | 0 candidates (0%) | 0 visible | prefilter: 0 never-rises, 0 below-hz, 0 mag-cull
[18:55:33.197] [PARALLAX] [trace] Stars: 0 total | 0 candidates (0%) | 0 visible | prefilter: 0 never-rises, 0 below-hz, 0 mag-cull
[18:55:33.220] [PARALLAX] [trace] Stars: 0 total | 0 candidates (0%) | 0 visible | prefilter: 0 never-rises, 0 below-hz, 0 mag-cull
[18:55:33.242] [PARALLAX] [trace] Stars: 0 total | 0 candidates (0%) | 0 visible | prefilter: 0 never-rises, 0 below-hz, 0 mag-cull
[18:55:33.265] [PARALLAX] [trace] Stars: 0 total | 0 candidates (0%) | 0 visible | prefilter: 0 never-rises, 0 below-hz, 0 mag-cull
[18:55:33.287] [PARALLAX] [trace] Stars: 0 total | 0 candidates (0%) | 0 visible | prefilter: 0 never-rises, 0 below-hz, 0 mag-cull
[18:55:33.308] [PARALLAX] [trace] Stars: 0 total | 0 candidates (0%) | 0 visible | prefilter: 0 never-rises, 0 below-hz, 0 mag-cull
[18:55:33.332] [PARALLAX] [trace] Stars: 0 total | 0 candidates (0%) | 0 visible | prefilter: 0 never-rises, 0 below-hz, 0 mag-cull
[18:55:33.355] [PARALLAX] [trace] Stars: 0 total | 0 candidates (0%) | 0 visible | prefilter: 0 never-rises, 0 below-hz, 0 mag-cull
[18:55:33.380] [PARALLAX] [trace] Stars: 0 total | 0 candidates (0%) | 0 visible | prefilter: 0 never-rises, 0 below-hz, 0 mag-cull
[18:55:33.406] [PARALLAX] [trace] Stars: 0 total | 0 candidates (0%) | 0 visible | prefilter: 0 never-rises, 0 below-hz, 0 mag-cull
[18:55:33.430] [PARALLAX] [trace] Stars: 0 total | 0 candidates (0%) | 0 visible | prefilter: 0 never-rises, 0 below-hz, 0 mag-cull
[18:55:33.455] [PARALLAX] [trace] Stars: 0 total | 0 candidates (0%) | 0 visible | prefilter: 0 never-rises, 0 below-hz, 0 mag-cull
[18:55:33.479] [PARALLAX] [trace] Stars: 0 total | 0 candidates (0%) | 0 visible | prefilter: 0 never-rises, 0 below-hz, 0 mag-cull
[18:55:33.503] [PARALLAX] [trace] Stars: 0 total | 0 candidates (0%) | 0 visible | prefilter: 0 never-rises, 0 below-hz, 0 mag-cull
[18:55:33.527] [PARALLAX] [trace] Stars: 0 total | 0 candidates (0%) | 0 visible | prefilter: 0 never-rises, 0 below-hz, 0 mag-cull
[18:55:33.550] [PARALLAX] [trace] Stars: 0 total | 0 candidates (0%) | 0 visible | prefilter: 0 never-rises, 0 below-hz, 0 mag-cull
[18:55:33.572] [PARALLAX] [trace] Stars: 0 total | 0 candidates (0%) | 0 visible | prefilter: 0 never-rises, 0 below-hz, 0 mag-cull
[18:55:33.594] [PARALLAX] [trace] Stars: 0 total | 0 candidates (0%) | 0 visible | prefilter: 0 never-rises, 0 below-hz, 0 mag-cull
[18:55:33.616] [PARALLAX] [trace] Stars: 0 total | 0 candidates (0%) | 0 visible | prefilter: 0 never-rises, 0 below-hz, 0 mag-cull
[18:55:33.638] [PARALLAX] [trace] Stars: 0 total | 0 candidates (0%) | 0 visible | prefilter: 0 never-rises, 0 below-hz, 0 mag-cull
[18:55:33.659] [PARALLAX] [trace] Stars: 0 total | 0 candidates (0%) | 0 visible | prefilter: 0 never-rises, 0 below-hz, 0 mag-cull
[18:55:33.680] [PARALLAX] [trace] Stars: 0 total | 0 candidates (0%) | 0 visible | prefilter: 0 never-rises, 0 below-hz, 0 mag-cull
[18:55:33.701] [PARALLAX] [trace] Stars: 0 total | 0 candidates (0%) | 0 visible | prefilter: 0 never-rises, 0 below-hz, 0 mag-cull
[18:55:33.721] [PARALLAX] [trace] Stars: 0 total | 0 candidates (0%) | 0 visible | prefilter: 0 never-rises, 0 below-hz, 0 mag-cull
[18:55:33.740] [PARALLAX] [trace] Stars: 0 total | 0 candidates (0%) | 0 visible | prefilter: 0 never-rises, 0 below-hz, 0 mag-cull
[18:55:33.758] [PARALLAX] [trace] Stars: 0 total | 0 candidates (0%) | 0 visible | prefilter: 0 never-rises, 0 below-hz, 0 mag-cull
[18:55:33.779] [PARALLAX] [trace] Stars: 0 total | 0 candidates (0%) | 0 visible | prefilter: 0 never-rises, 0 below-hz, 0 mag-cull
[18:55:33.800] [PARALLAX] [trace] Stars: 0 total | 0 candidates (0%) | 0 visible | prefilter: 0 never-rises, 0 below-hz, 0 mag-cull
[18:55:33.819] [PARALLAX] [trace] Stars: 0 total | 0 candidates (0%) | 0 visible | prefilter: 0 never-rises, 0 below-hz, 0 mag-cull
[18:55:33.839] [PARALLAX] [trace] Stars: 0 total | 0 candidates (0%) | 0 visible | prefilter: 0 never-rises, 0 below-hz, 0 mag-cull
[18:55:33.858] [PARALLAX] [trace] Stars: 0 total | 0 candidates (0%) | 0 visible | prefilter: 0 never-rises, 0 below-hz, 0 mag-cull
[18:55:33.877] [PARALLAX] [trace] Stars: 0 total | 0 candidates (0%) | 0 visible | prefilter: 0 never-rises, 0 below-hz, 0 mag-cull
[18:55:33.897] [PARALLAX] [trace] Stars: 0 total | 0 candidates (0%) | 0 visible | prefilter: 0 never-rises, 0 below-hz, 0 mag-cull
[18:55:33.918] [PARALLAX] [trace] Stars: 0 total | 0 candidates (0%) | 0 visible | prefilter: 0 never-rises, 0 below-hz, 0 mag-cull
[18:55:33.937] [PARALLAX] [trace] Stars: 0 total | 0 candidates (0%) | 0 visible | prefilter: 0 never-rises, 0 below-hz, 0 mag-cull
[18:55:33.956] [PARALLAX] [trace] Stars: 0 total | 0 candidates (0%) | 0 visible | prefilter: 0 never-rises, 0 below-hz, 0 mag-cull
[18:55:33.974] [PARALLAX] [trace] Stars: 0 total | 0 candidates (0%) | 0 visible | prefilter: 0 never-rises, 0 below-hz, 0 mag-cull
[18:55:33.993] [PARALLAX] [trace] Stars: 0 total | 0 candidates (0%) | 0 visible | prefilter: 0 never-rises, 0 below-hz, 0 mag-cull
[18:55:34.013] [PARALLAX] [trace] Stars: 0 total | 0 candidates (0%) | 0 visible | prefilter: 0 never-rises, 0 below-hz, 0 mag-cull
[18:55:34.033] [PARALLAX] [trace] Stars: 0 total | 0 candidates (0%) | 0 visible | prefilter: 0 never-rises, 0 below-hz, 0 mag-cull
[18:55:34.052] [PARALLAX] [trace] Stars: 0 total | 0 candidates (0%) | 0 visible | prefilter: 0 never-rises, 0 below-hz, 0 mag-cull
[18:55:34.070] [PARALLAX] [trace] Stars: 0 total | 0 candidates (0%) | 0 visible | prefilter: 0 never-rises, 0 below-hz, 0 mag-cull
[18:55:34.089] [PARALLAX] [trace] Stars: 0 total | 0 candidates (0%) | 0 visible | prefilter: 0 never-rises, 0 below-hz, 0 mag-cull
[18:55:34.108] [PARALLAX] [trace] Stars: 0 total | 0 candidates (0%) | 0 visible | prefilter: 0 never-rises, 0 below-hz, 0 mag-cull
[18:55:34.126] [PARALLAX] [trace] Stars: 0 total | 0 candidates (0%) | 0 visible | prefilter: 0 never-rises, 0 below-hz, 0 mag-cull
[18:55:34.148] [PARALLAX] [trace] Stars: 0 total | 0 candidates (0%) | 0 visible | prefilter: 0 never-rises, 0 below-hz, 0 mag-cull
[18:55:34.168] [PARALLAX] [trace] Stars: 0 total | 0 candidates (0%) | 0 visible | prefilter: 0 never-rises, 0 below-hz, 0 mag-cull
[18:55:34.185] [PARALLAX] [trace] Stars: 0 total | 0 candidates (0%) | 0 visible | prefilter: 0 never-rises, 0 below-hz, 0 mag-cull
[18:55:34.204] [PARALLAX] [trace] Stars: 0 total | 0 candidates (0%) | 0 visible | prefilter: 0 never-rises, 0 below-hz, 0 mag-cull
[18:55:34.223] [PARALLAX] [trace] Stars: 0 total | 0 candidates (0%) | 0 visible | prefilter: 0 never-rises, 0 below-hz, 0 mag-cull
[18:55:34.242] [PARALLAX] [trace] Stars: 0 total | 0 candidates (0%) | 0 visible | prefilter: 0 never-rises, 0 below-hz, 0 mag-cull
[18:55:34.262] [PARALLAX] [trace] Stars: 0 total | 0 candidates (0%) | 0 visible | prefilter: 0 never-rises, 0 below-hz, 0 mag-cull
[18:55:34.282] [PARALLAX] [trace] Stars: 0 total | 0 candidates (0%) | 0 visible | prefilter: 0 never-rises, 0 below-hz, 0 mag-cull
[18:55:34.301] [PARALLAX] [trace] Stars: 0 total | 0 candidates (0%) | 0 visible | prefilter: 0 never-rises, 0 below-hz, 0 mag-cull
[18:55:34.320] [PARALLAX] [trace] Stars: 0 total | 0 candidates (0%) | 0 visible | prefilter: 0 never-rises, 0 below-hz, 0 mag-cull
[18:55:34.338] [PARALLAX] [trace] Stars: 0 total | 0 candidates (0%) | 0 visible | prefilter: 0 never-rises, 0 below-hz, 0 mag-cull
[18:55:34.357] [PARALLAX] [trace] Stars: 0 total | 0 candidates (0%) | 0 visible | prefilter: 0 never-rises, 0 below-hz, 0 mag-cull
[18:55:34.376] [PARALLAX] [trace] Stars: 0 total | 0 candidates (0%) | 0 visible | prefilter: 0 never-rises, 0 below-hz, 0 mag-cull
[18:55:34.395] [PARALLAX] [trace] Stars: 0 total | 0 candidates (0%) | 0 visible | prefilter: 0 never-rises, 0 below-hz, 0 mag-cull
[18:55:34.415] [PARALLAX] [trace] Stars: 0 total | 0 candidates (0%) | 0 visible | prefilter: 0 never-rises, 0 below-hz, 0 mag-cull
[18:55:34.435] [PARALLAX] [trace] Stars: 0 total | 0 candidates (0%) | 0 visible | prefilter: 0 never-rises, 0 below-hz, 0 mag-cull
[18:55:34.454] [PARALLAX] [trace] Stars: 0 total | 0 candidates (0%) | 0 visible | prefilter: 0 never-rises, 0 below-hz, 0 mag-cull
[18:55:34.473] [PARALLAX] [trace] Stars: 0 total | 0 candidates (0%) | 0 visible | prefilter: 0 never-rises, 0 below-hz, 0 mag-cull
[18:55:34.492] [PARALLAX] [trace] Stars: 0 total | 0 candidates (0%) | 0 visible | prefilter: 0 never-rises, 0 below-hz, 0 mag-cull
[18:55:34.513] [PARALLAX] [trace] Stars: 0 total | 0 candidates (0%) | 0 visible | prefilter: 0 never-rises, 0 below-hz, 0 mag-cull
[18:55:34.534] [PARALLAX] [trace] Stars: 0 total | 0 candidates (0%) | 0 visible | prefilter: 0 never-rises, 0 below-hz, 0 mag-cull
[18:55:34.552] [PARALLAX] [trace] Stars: 0 total | 0 candidates (0%) | 0 visible | prefilter: 0 never-rises, 0 below-hz, 0 mag-cull
[18:55:34.572] [PARALLAX] [trace] Stars: 0 total | 0 candidates (0%) | 0 visible | prefilter: 0 never-rises, 0 below-hz, 0 mag-cull
[18:55:34.593] [PARALLAX] [trace] Stars: 0 total | 0 candidates (0%) | 0 visible | prefilter: 0 never-rises, 0 below-hz, 0 mag-cull
[18:55:34.616] [PARALLAX] [trace] Stars: 0 total | 0 candidates (0%) | 0 visible | prefilter: 0 never-rises, 0 below-hz, 0 mag-cull
[18:55:34.641] [PARALLAX] [trace] Stars: 0 total | 0 candidates (0%) | 0 visible | prefilter: 0 never-rises, 0 below-hz, 0 mag-cull
[18:55:34.670] [PARALLAX] [trace] Stars: 0 total | 0 candidates (0%) | 0 visible | prefilter: 0 never-rises, 0 below-hz, 0 mag-cull
[18:55:34.697] [PARALLAX] [trace] Stars: 0 total | 0 candidates (0%) | 0 visible | prefilter: 0 never-rises, 0 below-hz, 0 mag-cull
[18:55:34.724] [PARALLAX] [trace] Stars: 0 total | 0 candidates (0%) | 0 visible | prefilter: 0 never-rises, 0 below-hz, 0 mag-cull
[18:55:34.755] [PARALLAX] [trace] Stars: 0 total | 0 candidates (0%) | 0 visible | prefilter: 0 never-rises, 0 below-hz, 0 mag-cull
[18:55:34.786] [PARALLAX] [trace] Stars: 0 total | 0 candidates (0%) | 0 visible | prefilter: 0 never-rises, 0 below-hz, 0 mag-cull
[18:55:34.817] [PARALLAX] [trace] Stars: 0 total | 0 candidates (0%) | 0 visible | prefilter: 0 never-rises, 0 below-hz, 0 mag-cull
[18:55:34.847] [PARALLAX] [trace] Stars: 0 total | 0 candidates (0%) | 0 visible | prefilter: 0 never-rises, 0 below-hz, 0 mag-cull
[18:55:34.875] [PARALLAX] [trace] Stars: 0 total | 0 candidates (0%) | 0 visible | prefilter: 0 never-rises, 0 below-hz, 0 mag-cull
[18:55:34.904] [PARALLAX] [trace] Stars: 0 total | 0 candidates (0%) | 0 visible | prefilter: 0 never-rises, 0 below-hz, 0 mag-cull
[18:55:34.931] [PARALLAX] [trace] Stars: 0 total | 0 candidates (0%) | 0 visible | prefilter: 0 never-rises, 0 below-hz, 0 mag-cull
[18:55:34.955] [PARALLAX] [trace] Stars: 0 total | 0 candidates (0%) | 0 visible | prefilter: 0 never-rises, 0 below-hz, 0 mag-cull
[18:55:34.976] [PARALLAX] [trace] Stars: 0 total | 0 candidates (0%) | 0 visible | prefilter: 0 never-rises, 0 below-hz, 0 mag-cull
[18:55:34.999] [PARALLAX] [trace] Stars: 0 total | 0 candidates (0%) | 0 visible | prefilter: 0 never-rises, 0 below-hz, 0 mag-cull
[18:55:35.025] [PARALLAX] [trace] Stars: 0 total | 0 candidates (0%) | 0 visible | prefilter: 0 never-rises, 0 below-hz, 0 mag-cull
[18:55:35.054] [PARALLAX] [trace] Stars: 0 total | 0 candidates (0%) | 0 visible | prefilter: 0 never-rises, 0 below-hz, 0 mag-cull
[18:55:35.084] [PARALLAX] [trace] Stars: 0 total | 0 candidates (0%) | 0 visible | prefilter: 0 never-rises, 0 below-hz, 0 mag-cull
[18:55:35.115] [PARALLAX] [trace] Stars: 0 total | 0 candidates (0%) | 0 visible | prefilter: 0 never-rises, 0 below-hz, 0 mag-cull
[18:55:35.146] [PARALLAX] [trace] Stars: 0 total | 0 candidates (0%) | 0 visible | prefilter: 0 never-rises, 0 below-hz, 0 mag-cull
[18:55:35.175] [PARALLAX] [trace] Stars: 0 total | 0 candidates (0%) | 0 visible | prefilter: 0 never-rises, 0 below-hz, 0 mag-cull
[18:55:35.206] [PARALLAX] [trace] Stars: 0 total | 0 candidates (0%) | 0 visible | prefilter: 0 never-rises, 0 below-hz, 0 mag-cull
[18:55:35.240] [PARALLAX] [trace] Stars: 0 total | 0 candidates (0%) | 0 visible | prefilter: 0 never-rises, 0 below-hz, 0 mag-cull
[18:55:35.269] [PARALLAX] [trace] Stars: 0 total | 0 candidates (0%) | 0 visible | prefilter: 0 never-rises, 0 below-hz, 0 mag-cull
[18:55:35.300] [PARALLAX] [trace] Stars: 0 total | 0 candidates (0%) | 0 visible | prefilter: 0 never-rises, 0 below-hz, 0 mag-cull
[18:55:35.326] [PARALLAX] [trace] Stars: 0 total | 0 candidates (0%) | 0 visible | prefilter: 0 never-rises, 0 below-hz, 0 mag-cull
[18:55:35.353] [PARALLAX] [trace] Stars: 0 total | 0 candidates (0%) | 0 visible | prefilter: 0 never-rises, 0 below-hz, 0 mag-cull
[18:55:35.379] [PARALLAX] [trace] Stars: 0 total | 0 candidates (0%) | 0 visible | prefilter: 0 never-rises, 0 below-hz, 0 mag-cull
[18:55:35.406] [PARALLAX] [trace] Stars: 0 total | 0 candidates (0%) | 0 visible | prefilter: 0 never-rises, 0 below-hz, 0 mag-cull
[18:55:35.434] [PARALLAX] [trace] Stars: 0 total | 0 candidates (0%) | 0 visible | prefilter: 0 never-rises, 0 below-hz, 0 mag-cull
[18:55:35.459] [PARALLAX] [trace] Stars: 0 total | 0 candidates (0%) | 0 visible | prefilter: 0 never-rises, 0 below-hz, 0 mag-cull
[18:55:35.487] [PARALLAX] [trace] Stars: 0 total | 0 candidates (0%) | 0 visible | prefilter: 0 never-rises, 0 below-hz, 0 mag-cull
[18:55:35.514] [PARALLAX] [trace] Stars: 0 total | 0 candidates (0%) | 0 visible | prefilter: 0 never-rises, 0 below-hz, 0 mag-cull
[18:55:35.540] [PARALLAX] [trace] Stars: 0 total | 0 candidates (0%) | 0 visible | prefilter: 0 never-rises, 0 below-hz, 0 mag-cull
[18:55:35.563] [PARALLAX] [trace] Stars: 0 total | 0 candidates (0%) | 0 visible | prefilter: 0 never-rises, 0 below-hz, 0 mag-cull
[18:55:35.586] [PARALLAX] [trace] Stars: 0 total | 0 candidates (0%) | 0 visible | prefilter: 0 never-rises, 0 below-hz, 0 mag-cull
[18:55:35.607] [PARALLAX] [trace] Stars: 0 total | 0 candidates (0%) | 0 visible | prefilter: 0 never-rises, 0 below-hz, 0 mag-cull
[18:55:35.630] [PARALLAX] [trace] Stars: 0 total | 0 candidates (0%) | 0 visible | prefilter: 0 never-rises, 0 below-hz, 0 mag-cull
[18:55:35.654] [PARALLAX] [trace] Stars: 0 total | 0 candidates (0%) | 0 visible | prefilter: 0 never-rises, 0 below-hz, 0 mag-cull
[18:55:35.674] [PARALLAX] [trace] Stars: 0 total | 0 candidates (0%) | 0 visible | prefilter: 0 never-rises, 0 below-hz, 0 mag-cull
[18:55:35.692] [PARALLAX] [trace] Stars: 0 total | 0 candidates (0%) | 0 visible | prefilter: 0 never-rises, 0 below-hz, 0 mag-cull
[18:55:35.710] [PARALLAX] [trace] Stars: 0 total | 0 candidates (0%) | 0 visible | prefilter: 0 never-rises, 0 below-hz, 0 mag-cull
[18:55:35.730] [PARALLAX] [trace] Stars: 0 total | 0 candidates (0%) | 0 visible | prefilter: 0 never-rises, 0 below-hz, 0 mag-cull
[18:55:35.751] [PARALLAX] [trace] Stars: 0 total | 0 candidates (0%) | 0 visible | prefilter: 0 never-rises, 0 below-hz, 0 mag-cull
[18:55:35.770] [PARALLAX] [trace] Stars: 0 total | 0 candidates (0%) | 0 visible | prefilter: 0 never-rises, 0 below-hz, 0 mag-cull
[18:55:35.788] [PARALLAX] [trace] Stars: 0 total | 0 candidates (0%) | 0 visible | prefilter: 0 never-rises, 0 below-hz, 0 mag-cull
[18:55:35.807] [PARALLAX] [trace] Stars: 0 total | 0 candidates (0%) | 0 visible | prefilter: 0 never-rises, 0 below-hz, 0 mag-cull
[18:55:35.828] [PARALLAX] [trace] Stars: 0 total | 0 candidates (0%) | 0 visible | prefilter: 0 never-rises, 0 below-hz, 0 mag-cull
[18:55:35.850] [PARALLAX] [trace] Stars: 0 total | 0 candidates (0%) | 0 visible | prefilter: 0 never-rises, 0 below-hz, 0 mag-cull
[18:55:35.872] [PARALLAX] [trace] Stars: 0 total | 0 candidates (0%) | 0 visible | prefilter: 0 never-rises, 0 below-hz, 0 mag-cull
[18:55:35.893] [PARALLAX] [trace] Stars: 0 total | 0 candidates (0%) | 0 visible | prefilter: 0 never-rises, 0 below-hz, 0 mag-cull
[18:55:35.914] [PARALLAX] [trace] Stars: 0 total | 0 candidates (0%) | 0 visible | prefilter: 0 never-rises, 0 below-hz, 0 mag-cull
[18:55:35.934] [PARALLAX] [trace] Stars: 0 total | 0 candidates (0%) | 0 visible | prefilter: 0 never-rises, 0 below-hz, 0 mag-cull
[18:55:35.954] [PARALLAX] [trace] Stars: 0 total | 0 candidates (0%) | 0 visible | prefilter: 0 never-rises, 0 below-hz, 0 mag-cull
[18:55:35.973] [PARALLAX] [trace] Stars: 0 total | 0 candidates (0%) | 0 visible | prefilter: 0 never-rises, 0 below-hz, 0 mag-cull
[18:55:35.992] [PARALLAX] [trace] Stars: 0 total | 0 candidates (0%) | 0 visible | prefilter: 0 never-rises, 0 below-hz, 0 mag-cull
[18:55:36.012] [PARALLAX] [trace] Stars: 0 total | 0 candidates (0%) | 0 visible | prefilter: 0 never-rises, 0 below-hz, 0 mag-cull
[18:55:36.031] [PARALLAX] [trace] Stars: 0 total | 0 candidates (0%) | 0 visible | prefilter: 0 never-rises, 0 below-hz, 0 mag-cull
[18:55:36.050] [PARALLAX] [trace] Stars: 0 total | 0 candidates (0%) | 0 visible | prefilter: 0 never-rises, 0 below-hz, 0 mag-cull
[18:55:36.069] [PARALLAX] [trace] Stars: 0 total | 0 candidates (0%) | 0 visible | prefilter: 0 never-rises, 0 below-hz, 0 mag-cull
[18:55:36.087] [PARALLAX] [trace] Stars: 0 total | 0 candidates (0%) | 0 visible | prefilter: 0 never-rises, 0 below-hz, 0 mag-cull
[18:55:36.106] [PARALLAX] [trace] Stars: 0 total | 0 candidates (0%) | 0 visible | prefilter: 0 never-rises, 0 below-hz, 0 mag-cull
[18:55:36.124] [PARALLAX] [trace] Stars: 0 total | 0 candidates (0%) | 0 visible | prefilter: 0 never-rises, 0 below-hz, 0 mag-cull
[18:55:36.142] [PARALLAX] [trace] Stars: 0 total | 0 candidates (0%) | 0 visible | prefilter: 0 never-rises, 0 below-hz, 0 mag-cull
[18:55:36.238] [PARALLAX] [info] Main loop exited
[18:55:36.240] [PARALLAX] [trace] Sync objects destroyed
[18:55:36.240] [PARALLAX] [trace] Command pool destroyed
[18:55:36.241] [PARALLAX] [trace] Starfield renderer destroyed
[18:55:36.242] [PARALLAX] [trace] Sky background renderer destroyed
[18:55:36.242] [PARALLAX] [trace] Graphics pipeline destroyed
[18:55:36.242] [PARALLAX] [trace] Render pass destroyed
[18:55:36.243] [PARALLAX] [trace] Swapchain destroyed
[18:55:36.261] [PARALLAX] [trace] Vulkan logical device destroyed
[18:55:36.261] [PARALLAX] [trace] Vulkan debug messenger destroyed
[18:55:36.262] [PARALLAX] [trace] Vulkan surface destroyed
[18:55:36.263] [PARALLAX] [trace] [Vulkan] Unloading layer library C:\Windows\System32\DriverStore\FileRepository\nv_dispi.inf_amd64_adc55ecfca814224\nvoglv64.dll
[18:55:36.264] [PARALLAX] [trace] [Vulkan] Unloading layer library C:\Windows\System32\DriverStore\FileRepository\nv_dispi.inf_amd64_adc55ecfca814224\nvoglv64.dll
[18:55:36.264] [PARALLAX] [trace] [Vulkan] Unloading layer library C:\ProgramData\obs-studio-hook\graphics-hook64.dll
[18:55:36.266] [PARALLAX] [trace] [Vulkan] Unloading layer library C:\VulkanSDK\1.4.341.1\Bin\VkLayer_khronos_validation.dll
[18:55:36.267] [PARALLAX] [trace] Vulkan instance destroyed
[18:55:36.281] [PARALLAX] [info] Window destroyed
[18:55:36.285] [PARALLAX] [info] Parallax shutdown complete.
